Underlying Price,Straddle Profit,Futures Profit,Total Fees,Total Profit,Total Profit with Starting Capital
100.26213431769324,0.0,0.0,0.0,0.0,10000.0
100.18909442946946,0.18909442946946342,0.010913308635992169,0.004528767062537413,0.19547897104291817,10000.195478971043
100.53168235525088,0.5316823552508794,-0.13472835025853963,0.016473363538821482,0.38048064145351823,10000.380480641454
101.34190109042606,1.341901090426063,-0.6484437963789828,0.03655683526031131,0.6569004587867691,10000.656900458787
101.21690869542937,1.2169086954293675,0.09448600530493874,0.04749950593406301,1.2638951948002433,10001.263895194801
101.09207921013854,1.092079210138536,0.08800369677853748,0.044524808648696845,1.1355580982683766,10001.135558098269
101.93699448725675,1.9369944872567544,-0.7898763570207245,0.05053581049053358,1.0965823197454962,10001.096582319746
102.35013382209637,2.3501338220963675,-0.4025632738370595,0.05909391306439992,1.888476635194908,10001.888476635195
102.09719323522593,2.09719323522593,0.24132167345188674,0.059486709853666636,2.2790281988241503,10002.279028198824
102.38955844166027,2.38955844166027,-0.2855923690157461,0.0597890798328309,2.044176992811693,10002.044176992811
102.13978083438298,2.139780834382975,0.23938309681407638,0.059726817595231636,2.31943711360182,10002.319437113601
101.88937096162701,1.8893709616270087,0.23252079513967247,0.058055788906541006,2.06383596786014,10002.06383596786
102.01938472199636,2.01938472199636,-0.12297339720561645,0.057771720528342445,1.8386396042624014,10001.838639604262
100.99579995188944,0.9957999518894383,0.677885343851295,0.048923019626449335,1.6247622761142837,10001.624762276115
100.08179265732917,0.08179265732917429,0.06285538777341006,0.021965345787873656,0.12268269931471068,10000.122682699315
99.7856339807025,0.21436601929750054,-0.046543614532853224,0.002688849090145564,0.16513355567450178,10000.165133555674
99.25438483310177,0.7456151668982329,-0.2778370232384973,0.020401361025888114,0.4473767826338475,10000.447376782633
99.41890525082403,0.5810947491759748,0.06896757952710468,0.028217726553910836,0.6218446021491686,10000.621844602148
98.94424842435922,1.0557515756407838,-0.32688884819780634,0.03309690507466592,0.6957658223683116,10000.69576582237
98.21048802123202,1.789511978767976,-0.6722135419722526,0.04764053398001742,1.069657902815706,10001.069657902815
98.97206332701165,1.0279366729883463,0.5147801804845484,0.047476502933233175,1.4952403505396616,10001.49524035054
98.8543582547815,1.145641745218498,-0.0858200017320584,0.04189777511500833,1.0179239683714312,10001.017923968371
98.88954351902802,1.1104564809719761,0.025125705259306644,0.04303754145238662,1.092544644778896,10001.092544644778
98.14975112581735,1.850248874182654,-0.6855284589093743,0.04868172762493861,1.116038687648341,10001.116038687649
97.8685447682603,2.131455231739693,-0.2703319871908548,0.05585842856879069,1.8052648159800475,10001.80526481598
97.92577304639343,2.074226953606569,0.05469813165974235,0.05673542693349155,2.07218965833282,10002.072189658333
97.33352347496424,2.666476525035762,-0.5866894681080597,0.05736829854858797,2.0224187583791142,10002.022418758379
97.52644106393592,2.47355893606408,0.18981949103787993,0.05826604143019659,2.6051123856717635,10002.605112385672
97.21819155769482,2.781808442305177,-0.3061992269658717,0.05822491330854347,2.417384302030762,10002.41738430203
97.0688432468723,2.931156753127695,-0.14872185349230924,0.058511695605535416,2.72392320402985,10002.72392320403
96.7614954409185,3.2385045590815054,-0.3068797907976291,0.058538632078219896,2.8730861362056563,10002.873086136206
97.71073850865739,2.2892614913426144,0.9247196924215612,0.05828236135535645,3.155698822408819,10003.15569882241
97.70378424238034,2.296215757619663,-0.0067781278317472615,0.05758187461797711,2.231855755169939,10002.23185575517
97.16063382504115,2.8393661749588546,-0.5401603668467329,0.057965523676485525,2.2412402844356363,10002.241240284435
97.58275449676056,2.4172455032394424,0.41436040016551595,0.05833375471535149,2.7732721486896073,10002.77327214869
96.95687899183397,3.0431210081660254,-0.6240767255122961,0.05816441782943275,2.3608798648242963,10002.360879864824
97.06366496970364,2.9363350302963624,0.1063551842539863,0.058624305458002554,2.9840659090923465,10002.984065909091
96.06631140240395,3.9336885975960456,-0.99724768732917,0.05830720044188665,2.8781337098249886,10002.878133709824
95.39617695297699,4.603823047023013,-0.6701309414003369,0.05815528276320508,3.8755368228594715,10003.87553682286
95.49520298573222,4.50479701426778,0.09902520702656321,0.05819769233846213,4.545624528955881,10004.545624528955
95.86759669835982,4.132403301640181,0.3723770020295684,0.05834550828821693,4.446434795381533,10004.446434795382
95.95421884535872,4.045781154641276,0.08661653769914793,0.05837853171642843,4.074019160623995,10004.074019160624
95.8957470204093,4.104252979590697,-0.058468897339632925,0.05835499544862388,3.98742908680244,10003.987429086803
95.74368176882332,4.256318231176678,-0.15206137992421984,0.058295303272837135,4.045961547979621,10004.04596154798
95.00049538318676,4.99950461681324,-0.7431858834672429,0.05799945326692752,4.19831928007907,10004.19831928008
94.64075111244385,5.359248887556149,-0.35974423697761,0.05785627859554598,4.941648371982993,10004.941648371983
94.41125934688922,5.588740653110776,-0.22949175990217038,0.05776450038273299,5.301484392825873,10005.301484392827
94.9387383605893,5.061261639410702,0.5274787639334826,0.057975481156391354,5.530764922187793,10005.530764922189
95.1108271986842,4.8891728013157945,0.1720886387321519,0.058044284313285836,5.003217155734661,10005.003217155734
94.23114359527634,5.768856404723664,-0.8796835963301523,0.05769242446098376,4.8314803839325275,10004.831480383933
94.39223118194775,5.60776881805225,0.16108758328766234,0.057756891650110706,5.711099509689801,10005.71109950969
94.20084701933129,5.799152980668708,-0.1913841613693478,0.05768033802995575,5.550088481269405,10005.55008848127
93.86536263795965,6.134637362040351,-0.3354843811152364,0.05754614485016627,5.741606836074949,10005.741606836074
94.16845212762249,5.831547872377513,0.3030894880864986,0.05766738068252912,6.076969979781482,10006.076969979782
94.68153803686896,5.318461963131043,0.5130858541122046,0.057872612014782984,5.773675205228464,10005.773675205228
95.14740002919767,4.852599970802331,0.46586137974545677,0.05805891941032415,5.2604024311374635,10005.260402431137
94.7274826703801,5.272517329619902,-0.4199173015999004,0.057890951827449445,4.794709076192552,10004.794709076192
94.57322816168886,5.42677183831114,-0.15425450004651672,0.05782928580870917,5.214688052455914,10005.214688052456
94.7384852899021,5.261514710097899,0.1652571047569736,0.05789538848906474,5.368876426365807,10005.368876426366
95.22684103239814,4.773158967601859,0.4883548114899082,0.05809067789565433,5.203423101196113,10005.203423101197
94.98664832814613,5.013351671853869,-0.2401925743776744,0.05799458959817954,4.715164507878014,10004.715164507877
94.89374492783892,5.106255072161076,-0.09290337015809465,0.05795747333966099,4.95539422866332,10004.955394228664
94.34203570607025,5.657964293929751,-0.5517092143322506,0.05773680471614635,5.048518274881355,10005.048518274882
93.7491178925144,6.2508821074855945,-0.592917813376874,0.05749964676942642,5.600464647339294,10005.60046464734
94.15144519126761,5.848554808732388,0.402327297118877,0.057660577953243,6.193221527898022,10006.193221527898
94.82684834472447,5.173151655275532,0.6754030075697893,0.057930733077549264,5.790623929767772,10005.790623929768
94.79086226442594,5.2091377355740605,-0.03598607399827327,0.05791633378467652,5.11523532779111,10005.11523532779
95.29354356988058,4.706456430119417,0.5026800510924043,0.05811734108588262,5.151019140125939,10005.151019140127
95.47534161886853,4.524658381131474,0.1817969442722421,0.05818989112452951,4.648265434279186,10004.64826543428
95.1512654963697,4.848734503630297,-0.32407573867702655,0.058060298931512856,4.4665984660217575,10004.466598466022
95.33267131346489,4.6673286865351145,0.1814052798777683,0.05813294995721038,4.790601016455672,10004.790601016455
96.10859061466192,3.891409385338079,0.7758385889098299,0.05844035165287767,4.608807622595031,10004.608807622595
96.09044148181476,3.9095585181852357,-0.018147393865995006,0.05843041584462153,3.8329807084746195,10003.832980708474
96.88611387691104,3.1138861230889603,0.7941004629110975,0.058694238044856094,3.8492923479552013,10003.849292347955
95.55757047603437,4.442429523965629,-1.3285319519418384,0.05816614601985528,3.0557314260039354,10003.055731426004
95.9724015925567,4.027598407443307,0.41480756719866846,0.05838707805814262,4.384018896583832,10004.384018896584
96.01643811460016,3.983561885399837,0.044033516631124765,0.05840297415018625,3.9691924278807758,10003.969192427881
95.86524066019864,4.134759339801363,-0.15119216919387482,0.05834312816572164,3.925224042441766,10003.925224042441
95.9116107551329,4.088389244867102,0.046368116479101086,0.05836241083855857,4.076394950507645,10004.076394950507
94.91213797163519,5.08786202836481,-0.9994724835377379,0.05796363176919576,4.030425913057877,10004.030425913057
94.8023113033111,5.1976886966889,-0.10982665059954383,0.05792091139580981,5.029941134693546,10005.029941134693
94.98090775701161,5.019092242988393,0.1785963772091737,0.05799234630035963,5.139696273897207,10005.139696273896
95.7236168516582,4.276383148341793,0.7426959192936532,0.05828892501213929,4.960790142623307,10004.960790142622
95.46249867134424,4.537501328655765,-0.2611168571374389,0.05818434630644083,4.218200125211885,10004.218200125211
95.05658187414397,4.943418125856027,-0.40591654326131577,0.0580224704042041,4.479479112190508,10004.479479112191
94.80553401787647,5.194465982123532,-0.2510478171216753,0.057922191379329274,4.885495973622528,10004.885495973622
95.26403365964858,4.735966340351425,0.45849880575053487,0.05810555689659468,5.136359589205365,10005.136359589205
95.42923430420525,4.570765695794748,0.1651999568867361,0.05817152234928554,4.677794130332199,10004.677794130332
95.16315612954823,4.836843870451773,-0.26607789248254954,0.058065113336976774,4.512700864632246,10004.512700864632
95.42093229245245,4.579067707547551,0.25777515004867396,0.0581682300804261,4.778674627515799,10004.778674627516
95.46976267725526,4.530237322744739,0.04883014244318706,0.05818765038141292,4.520879814806513,10004.520879814807
95.95839821726105,4.041601782738951,0.4886119859509205,0.0583818287401706,4.471831939949701,10004.471831939949
95.60399071441424,4.396009285585762,-0.3544041788306131,0.05823994474189119,3.983365162013258,10003.983365162014
95.43902806684545,4.560971933154548,-0.164961961370459,0.05817522358779121,4.337834748196298,10004.337834748196
95.24199464182443,4.758005358175566,-0.19703312637260914,0.05809663569454747,4.502875596108409,10004.502875596108
94.5101773748215,5.489822625178505,-0.7318172487176183,0.05780402726607376,4.7002013491948125,10004.700201349195
94.65779012351315,5.342209876486848,0.1476127399495245,0.0578631136580767,5.431959502778295,10005.43195950278
94.78811412765478,5.211885872345221,0.13032398794271374,0.05791524043238874,5.284294619855546,10005.284294619856
94.79066513715418,5.209334862845822,0.002551009181123922,0.05791625897224706,5.153969613054699,10005.153969613055
94.67353642741114,5.326463572588864,-0.11712870239174102,0.0578694092448123,5.15146546095231,10005.151465460953
93.96992817642436,6.030071823575639,-0.7036082504466921,0.05758796947959177,5.268875603649356,10005.26887560365
93.76182447877002,6.2381755212299765,-0.20810369761586808,0.05750472976471706,5.972567093849392,10005.97256709385
93.59261517647982,6.407384823520175,-0.169209302280772,0.057437046063837364,6.180738475175565,10006.180738475176
93.19770270686459,6.80229729313541,-0.39491246961404003,0.0572790810811036,6.350105742440267,10006.35010574244
93.11851010222463,6.881489897775367,-0.07919260463982804,0.05724740404075991,6.745049889094779,10006.745049889094
93.31701698518256,6.682983014817438,0.1985068829565113,0.057326806793827595,6.824163090980122,10006.82416309098
94.2493109926754,5.7506890073245955,0.9322940034472449,0.05769972427417255,6.625283286497668,10006.625283286498
94.33606666979378,5.66393333020622,0.08675567647630626,0.05773442633565757,5.692954580346869,10005.692954580347
94.46420273627372,5.5357972637262804,0.12813606441108347,0.05778568042721437,5.6061476477101495,10005.60614764771
94.4271420362632,5.572857963736794,-0.037060699539807854,0.05777085599733125,5.478026408199655,10005.4780264082
93.47702678395099,6.52297321604901,-0.9501152522920581,0.05739081035681137,5.515467153400141,10005.5154671534
93.46396163895172,6.536038361048284,-0.013065144999026326,0.05738558465445421,6.465587631394803,10006.465587631395
93.49363210713378,6.506367892866223,0.029670468181375264,0.0573974528416731,6.478640908205924,10006.478640908206
94.71531573686826,5.284684263131737,1.2216835462112035,0.05788612435145941,6.4484816849914806,10006.44848168499
94.619335460319,5.380664539681007,-0.09598027287040602,0.0578477311554555,5.226836535655145,10005.226836535656
94.7698293763543,5.230170623645705,0.15049390221566808,0.05790792805002933,5.3227565978113445,10005.32275659781
94.75248950776398,5.247510492236017,-0.01733986716667859,0.05790099085900742,5.172269634210331,10005.17226963421
94.17065416472833,5.829345835271667,-0.5818353417241606,0.05766825928273862,5.189842234264767,10005.189842234266
94.73957138240429,5.260428617595707,0.5689171753256829,0.05789582637316918,5.771449966548221,10005.771449966549
95.11576897777377,4.884231022226231,0.37619736454208863,0.05804628795863506,5.202382098809685,10005.202382098809
95.51314070634214,4.486859293657858,0.39736981637947955,0.05820510081567028,4.826024009221667,10004.826024009222
95.05644817276634,4.943551827233662,-0.4566923349042591,0.05802242963751548,4.428837062691888,10004.428837062693
95.76183693180973,4.238163068190275,0.705377584405885,0.05830426716279464,4.885236385433365,10004.885236385433
95.0569135302205,4.943086469779502,-0.7049231002838057,0.05802230146085235,4.180141068034844,10004.180141068035
95.35137691522561,4.6486230847743855,0.29446278356349775,0.05814048011270685,4.8849453882251765,10004.884945388225
96.45855647475994,3.541443525240055,1.1068230378817239,0.05857404533131716,4.5896925177904615,10004.589692517791
95.95629494411135,4.043705055888651,-0.5022425321858895,0.058372159455708894,3.4830903642470528,10003.483090364247
95.6703222294907,4.329677770509306,-0.2859698991144076,0.058266760675974714,3.985441110718924,10003.985441110719
95.720578696245,4.279421303755001,0.05025584140340842,0.05828759143635798,4.271389553722051,10004.271389553722
95.46691246938816,4.533087530611837,-0.2536653302225778,0.05818630737970407,4.221235893009555,10004.22123589301
94.68986472629706,5.31013527370294,-0.7770477055360089,0.05787584410748964,4.475211724059442,10004.475211724059
94.72408431796853,5.275915682031467,0.03421958966860023,0.057889630690508946,5.252245641009559,10005.25224564101
94.1952183858522,5.8047816141477995,-0.5288659309824492,0.05767808563978097,5.21823759752557,10005.218237597526
94.43062457799213,5.569375422007866,0.23540618989167822,0.05777224949990045,5.747009362399644,10005.7470093624
93.97413683530279,6.025863164697213,-0.45648774247204643,0.0575896544514498,5.511785767773717,10005.511785767774
94.74493992463441,5.255060075365591,0.7708030406101268,0.057897974159710784,5.967965141816007,10005.967965141816
94.35462524758543,5.645374752414568,-0.3903146748326784,0.05774184814909264,5.197318229432797,10005.197318229433
94.19459874051613,5.805401259483872,-0.16002650675096156,0.057677839279534,5.587696913453377,10005.587696913453
94.59933212504455,5.400667874955445,0.4047333742326739,0.05783973207162602,5.747561517116493,10005.747561517117
93.98762771980161,6.012372280198392,-0.6117044049471994,0.057595050357020984,5.343072824894172,10005.343072824895
94.10036588432,5.899634115680001,0.11273816440339783,0.05764014631128471,5.954732133772114,10005.954732133772
94.75088119813422,5.249118801865777,0.650515274099257,0.05790035071485362,5.84173372525018,10005.84173372525
93.951521991047,6.048478008952998,-0.799359206799071,0.05758060706549281,5.191538195088434,10005.191538195088
94.04298770358601,5.957012296413993,0.0914657124783827,0.057617195052565164,5.99086081383981,10005.99086081384
94.17188331614832,5.828116683851675,0.12889561236267688,0.05766875326397701,5.899343542950375,10005.899343542951
94.56072198935075,5.439278010649247,0.3888386660496079,0.057824288229959005,5.770292388468896,10005.770292388468
93.94625358040857,6.053746419591434,-0.6144684087415238,0.0575785009045075,5.381699509945403,10005.381699509946
93.29470865641551,6.705291343584491,-0.651544923991262,0.057317883453349046,5.996428536139881,10005.99642853614
93.55170038058499,6.44829961941501,0.2569917241646458,0.0574206801516286,6.647870663428027,10006.647870663428
93.69824297788263,6.301757022117371,0.14654259728973437,0.05747929718910791,6.390820322217998,10006.390820322218
93.82202277645459,6.177977223545412,0.12377979855605364,0.057528809105446686,6.244228212996019,10006.244228212996
93.99348932326926,6.006510676730741,0.1714665467429617,0.05759739571389153,6.120379827759812,10006.12037982776
93.65721185204265,6.34278814795735,-0.3362774712138179,0.05746288472799785,5.949047792015534,10005.949047792015
93.77192283295676,6.228077167043239,0.11471098090429234,0.05750876912970466,6.285279378817827,10006.285279378817
93.91687389250603,6.0831261074939675,0.1449510595152702,0.0575667495479817,6.170510417461256,10006.170510417462
93.56394163303253,6.4360583669674725,-0.3529322594670924,0.05742557664611887,6.0257005308542615,10006.025700530854
94.48853718392839,5.511462816071614,0.9245955414911419,0.057795414584723336,6.378262942978032,10006.378262942979
94.7247964813096,5.275203518690404,0.2362592871804289,0.05788991707651261,5.45357288879432,10005.453572888795
94.13190560657605,5.868094393423945,-0.5928908741616966,0.057652760996115604,5.217550758266133,10005.217550758267
94.45819476952359,5.541805230476413,0.3262891603160418,0.05778327765193905,5.810311113140516,10005.81031111314
93.97420144494833,6.025798555051665,-0.4839933244214646,0.05758968034165351,5.484215550288547,10005.484215550288
94.36484075053481,5.63515924946519,0.3906393039029483,0.057745936169214244,5.968052617198924,10005.9680526172
94.9428233628055,5.057176637194502,0.5779825266934832,0.057977125005145985,5.577182038882839,10005.577182038884
94.53304326690287,5.466956733097135,-0.4097800908707582,0.05781321275949432,4.999363429466882,10004.999363429466
95.01424594875661,4.98575405124339,0.4812025766566162,0.058005691798082966,5.408950936101923,10005.408950936102
95.22117526634386,4.778824733656137,0.20692917465187638,0.058088444129500316,4.927665464178514,10004.927665464178
95.63462550048627,4.3653744995137345,0.41344774738892137,0.05825365782015952,4.720568589082496,10004.720568589082
96.59547377731563,3.4045262226843676,0.9604208566089405,0.05862512446209162,4.306321954831216,10004.306321954831
96.47062308383033,3.5293769161696673,-0.12481728254495474,0.05856763027314216,3.3459920033515704,10003.345992003351
96.08814638695573,3.911853613044272,-0.3824571218638485,0.05842606906544819,3.4709704221149753,10003.470970422115
95.63872116390486,4.3612788360951384,-0.4494225554174843,0.058253849736077855,3.853602430941576,10003.853602430941
95.22838275342787,4.771617246572134,-0.41033813291115506,0.05809116420385925,4.3031879494571195,10004.303187949457
95.18968984192647,4.810310158073534,-0.038692890588006346,0.05807584118506234,4.713541426300465,10004.713541426301
95.36099399290482,4.639006007095176,0.1713039173519048,0.058144343118162904,4.752165581328918,10004.752165581329
95.50015566774043,4.4998443322595705,0.13916128250077844,0.05819994242153423,4.5808056723388155,10004.580805672338
95.91740707021094,4.082592929789058,0.41724212079993206,0.05836624160403676,4.441468808984953,10004.441468808986
95.92397649606637,4.076023503933627,0.0065692762304359175,0.05836829502749839,4.024224485136564,10004.024224485136
96.66164895347396,3.338351046526043,0.7372680781944329,0.05864810264225947,4.0169710220782155,10004.016971022078
96.526909434314,3.473090565685993,-0.13469660208601522,0.05858566577031253,3.2798082978296654,10003.27980829783
97.92073610406887,2.0792638959311347,1.3484639076088623,0.058202874267317045,3.3695249292726803,10003.369524929272
98.24416451258452,1.7558354874154816,0.30027536264983684,0.05622856354603898,1.9998822865192796,10001.99988228652
97.80133231856658,2.1986676814334203,-0.43239316422705115,0.05632851107270158,1.7099460061336675,10001.709946006134
97.25088307411691,2.7491169258830865,-0.547979851871976,0.05808171072515604,2.1430553632859546,10002.143055363285
97.49848875391099,2.5015112460890094,0.24517999307365515,0.05858163265775728,2.6881096065049075,10002.688109606504
97.38372358942836,2.6162764105716434,-0.11397993786242279,0.05846739076785146,2.4438290819413693,10002.443829081942
97.7508762361535,2.249123763846498,0.35969336451859946,0.05830391744949794,2.5505132109155992,10002.550513210916
97.99498523309802,2.0050147669019793,0.23463191955168836,0.05745937565477791,2.1821873107988896,10002.182187310798
97.95737414158941,2.042625858410588,-0.03628767298781248,0.05700800031874538,1.9493301851040303,10001.949330185103
97.5211613225621,2.4788386774379063,-0.4317029719784652,0.057676552860456566,1.9894591525989844,10001.989459152599
96.74565389092132,3.254346109078682,-0.7749526609555821,0.058377433497541195,2.421016014625559,10002.421016014625
96.51824246425463,3.4817575357453734,-0.22734603873231304,0.05857825765229338,3.1958332393607667,10003.19583323936
96.95486991518003,3.0451300848199736,0.43594976201098806,0.05872843963484553,3.422351407196116,10003.422351407196
97.06432925138422,2.9356707486157774,0.10920905777877979,0.058713954489361855,2.9861658519051955,10002.986165851906
96.42912563354605,3.5708743664539497,-0.6350797940896454,0.05849986554777973,2.877294706816525,10002.877294706817
96.51717722590524,3.482822774094757,0.08802694995080836,0.05859312301803129,3.512256601027534,10003.512256601027
96.71337989290917,3.286620107090826,0.19608252308579244,0.05865946538437073,3.424043164792248,10003.424043164792
96.2639003791771,3.7360996208228983,-0.44943738160272156,0.05848516910764764,3.228177070112529,10003.228177070112
96.34192158035515,3.658078419644852,0.07801097895400146,0.05853027266495173,3.6775591259339016,10003.677559125934
96.37147890112988,3.6285210988701238,0.02955294854375131,0.05854052693486092,3.599533520479014,10003.599533520479
95.79268025493278,4.207319745067224,-0.5787928258061503,0.05831253211006518,3.570214387151008,10003.570214387151
95.97348377200724,4.026516227992758,0.1807991706028688,0.05838841182280038,4.1489269867728265,10004.148926986772
96.25755837778772,3.742441622212283,0.284049550827823,0.05849978221725407,3.967991390822852,10003.967991390822
96.80858148416534,3.1914185158346555,0.5505521368396453,0.05869604786218023,3.6832746048121203,10003.683274604811
97.34775093161149,2.652249068388514,0.5360846567378319,0.058747049998557094,3.1295866751277885,10003.129586675128
96.64346957908711,3.3565304209128897,-0.7039694933536799,0.05847866950847711,2.5940822580507326,10002.59408225805
96.16695790986661,3.8330420901333895,-0.4764844582580733,0.05845236073655652,3.2981052711387595,10003.298105271138
96.42835160016449,3.57164839983551,0.26134672097580025,0.05856449058542121,3.7744306302258894,10003.774430630227
96.68981913705946,3.310180862940541,0.26133041436498,0.05865550321769831,3.512855774087823,10003.512855774088
96.95264037484202,3.0473596251579806,0.26244603805444716,0.05872428011611347,3.2510813830963143,10003.251081383096
98.94144947177597,1.058550528224032,1.4424723561828199,0.05138027832268318,2.4496426060841685,10002.449642606085
99.23959472146929,0.7604052785307118,0.16863995389145606,0.0385853347848831,0.8904598976372847,10000.890459897637
99.83531650662722,0.16468349337277743,0.07721979460574557,0.020856210981463202,0.2210470769970598,10000.221047076997
100.33855183948141,0.3385518394814113,-0.14031333916425576,0.004558821457107423,0.19367967886004814,10000.19367967886
100.68361564472819,0.6836156447281923,-0.18072117585825634,0.024377969277705164,0.47851649959223075,10000.478516499592
100.51645336391024,0.5164533639102444,0.06873619787911028,0.028295956319538497,0.5568936054698163,10000.55689360547
100.91933256983312,0.9193325698331165,-0.266089177642257,0.032629330126309274,0.6206140620645503,10000.620614062065
100.5091055504237,0.5091055504236977,0.16665847595214475,0.032266584825085654,0.6434974415507568,10000.643497441552
100.38373020243532,0.3837302024353164,0.03936411734714252,0.021766536976280955,0.401327782806178,10000.401327782805
100.12726390851596,0.12726390851595681,0.02837746275722223,0.012780206667884106,0.14286116460529494,10000.142861164606
100.17047581326504,0.17047581326504258,-0.006306279163867761,0.007744809416440641,0.15642472468473417,10000.156424724684
101.39996810148217,1.3999681014821732,-1.0487333768180298,0.03066710969810075,0.32056761496604264,10000.320567614966
100.40694588785612,0.40694588785612495,0.32968602317081336,0.03577556192783163,0.7008563490991068,10000.7008563491
100.77076239003941,0.7707623900394083,-0.21066552576744507,0.027696192948563944,0.5324006713233993,10000.532400671324
99.91786126034214,0.08213873965786433,-0.053143550486112266,0.015505720329730884,0.013489468842021185,10000.013489468842
99.66964067770945,0.33035932229054765,-0.06546185677950574,0.009814770031998389,0.25508269547904355,10000.25508269548
100.24331288187342,0.24331288187342182,-0.1176596815725415,0.0018117032980756002,0.12384149700280471,10000.123841497003
100.27727581157322,0.2772758115732188,-0.007887331567463617,0.01321181455613922,0.2561766654496159,10000.256176665449
99.70929033138457,0.2907096686154347,-0.13213422123095236,7.019896888589235e-05,0.15850524841559643,10000.158505248415
99.33409206381565,0.6659079361843538,-0.19092997278949378,0.0222304723902581,0.452747491004602,10000.452747491005
99.69052055704857,0.30947944295142804,0.08831047093018335,0.022690919693554436,0.375098994188057,10000.375098994187
99.30750872441665,0.6924912755833503,-0.20170379011563583,0.023209332152685867,0.4675781533150286,10000.467578153315
99.42086328103711,0.5791367189628858,0.051055182474171616,0.029256918688732054,0.6009349827483254,10000.60093498275
99.444741750026,0.5552582499740026,0.010357065944425804,0.026488073705713117,0.5391272422127152,10000.539127242213
99.10380709917241,0.896192900827586,-0.22118068480692288,0.03236286761708904,0.642649348403574,10000.642649348403
100.22998515724835,0.22998515724835045,-0.21969714418904313,0.013687276981729848,-0.003399263922422527,9999.996600736078
100.56541443537826,0.5654144353782584,-0.1505472346680293,0.01953935432864837,0.3953278463815807,10000.395327846381
99.49773988449701,0.5022601155029918,-0.4229665042903694,0.0016724017334597918,0.07762120947916255,10000.077621209479
99.59556065037492,0.4044393496250791,0.03158439552988434,0.021564757157241567,0.4144589879977219,10000.414458987998
99.24878056606227,0.7512194339377345,-0.19605739636778272,0.02659742827830014,0.5285646092916516,10000.528564609293
99.69567673290052,0.3043232670994769,0.10935451766081764,0.024288799337781154,0.3893889854225133,10000.389388985423
99.28011749201563,0.7198825079843658,-0.2269325246926934,0.02369681294596036,0.469253170345712,10000.469253170346
99.22009579031979,0.7799042096802111,-0.03502387067027499,0.03377997234065364,0.7111003666692824,10000.711100366669
99.4845196914247,0.5154803085753059,0.10755467391240825,0.029658088743054777,0.5933768937446594,10000.593376893745
99.9394940832302,0.06050591676979877,0.020412532171374814,0.013552389148922886,0.0673660597922507,10000.067366059793
99.30925690303985,0.6907430969601478,-0.3328416688032275,0.017209008188748185,0.34069241996817207,10000.340692419968
99.13432752004884,0.8656724799511579,-0.11096327648484414,0.034744836958623966,0.7199643665076898,10000.719964366508
98.88648287577865,1.113517124221346,-0.18762838855956596,0.041499073024865246,0.8843896626369148,10000.884389662637
98.54656418736175,1.4534358126382472,-0.29704299678587637,0.04850671770987365,1.1078860981424972,10001.107886098143
99.4677919028806,0.5322080971193941,0.3867803024035353,0.03871142192658471,0.8802769775963446,10000.880276977596
99.68032300319636,0.31967699680363637,0.05483225350405363,0.020334411473837105,0.3541748388338529,10000.354174838834
99.02009562161015,0.9799043783898469,-0.45946138268069103,0.028532865556371422,0.49191013015278445,10000.491910130153
99.50026773270893,0.49973226729106557,0.19045263824033504,0.03271259099847646,0.6574723145329242,10000.657472314533
100.61939600137964,0.6193960013796413,-0.5467523832284388,0.0028984967436232077,0.06974512140757937,10000.069745121407
101.16841203644921,1.1684120364492117,-0.42882886262259695,0.03876786814545722,0.7008153056811576,10000.700815305681
100.36150861095754,0.36150861095754294,0.24306500981495377,0.03265922411341435,0.5719143966590824,10000.57191439666
100.10569500306221,0.10569500306220903,0.024104325477347217,0.01189741761925565,0.1179019109203006,10000.11790191092
100.77635432332694,0.7763543233269417,-0.3949236076137163,0.0208069118777258,0.3606238038354995,10000.360623803836
100.40118043765472,0.4011804376547161,0.12461700487355815,0.027821586483580206,0.49797585604469413,10000.497975856044
100.63630330577678,0.636303305776778,-0.11777667740900438,0.025278490180677564,0.49324813818709606,10000.493248138187
101.04800515307349,1.0480051530734897,-0.3012240330895466,0.037574260016182796,0.7092068599677603,10000.709206859969
100.55555009322265,0.5555500932226494,0.219634364441236,0.03563702094340094,0.7395474367204844,10000.73954743672
100.52400432473098,0.5240043247309814,0.013368012392938724,0.026334461718931446,0.5110378754049887,10000.511037875405
98.821335842233,1.1786641577670025,-1.3399228377976529,0.011002979399479697,-0.17226165943013005,9999.82773834057
98.28923372149455,1.7107662785054458,-0.4952124535437744,0.050989409641074505,1.1645644153205967,10001.164564415321
98.15847923080926,1.841520769190737,-0.124183280169428,0.055741928671814496,1.6615955603494943,10001.66159556035
97.5150646046706,2.4849353953294013,-0.6382985869555433,0.057303193817512026,1.789333614556346,10001.789333614557
98.35765734807258,1.6423426519274216,0.7743533934365708,0.05671872129203367,2.359977324071959,10002.359977324071
97.6190691697698,2.3809308302301986,-0.7304839597467234,0.05635451493056634,1.5940923555529087,10001.594092355554
97.39292595399101,2.6070740460089894,-0.22495221029632345,0.058482696026812414,2.3236391396858536,10002.323639139686
97.4600552835492,2.5399447164508047,0.066689054294385,0.05863827640138868,2.5479954943438012,10002.547995494344
98.20319436218949,1.7968056378105075,0.7018589953403027,0.057451549740238354,2.441213083410572,10002.44121308341
97.46282742076144,2.5371725792385575,-0.7355012115839695,0.057168804580249796,1.744502563074338,10001.744502563075
98.06214608820932,1.9378539117906826,0.576199184837639,0.057896655848320176,2.4561564407800014,10002.45615644078
98.06743129777051,1.9325687022294886,0.005078918574509473,0.056943726531124575,1.8807038942728735,10001.880703894272
97.56143419001506,2.4385658099849365,-0.5014682314141502,0.057620211428610256,1.8794773671421763,10001.879477367142
97.79933086068762,2.2006691393123816,0.23350673445103626,0.058315718527912556,2.375860155235505,10002.375860155236
97.90198586209411,2.098014137905892,0.10011863816434936,0.05789313693854585,2.140239639131696,10002.140239639131
97.59276634329349,2.4072336567065094,-0.30619260730129744,0.058027123291483934,2.043013926113728,10002.043013926113
97.62867258291213,2.371327417087869,0.0355140859211934,0.0584448880611881,2.348396614947874,10002.348396614947
97.4306076190763,2.569392380923702,-0.19692839061434017,0.058485285188865734,2.3139787051204963,10002.31397870512
97.48891302164688,2.51108697835312,0.05790097871863787,0.058624872755285495,2.5103630843164724,10002.510363084317
97.82971410685043,2.1702858931495683,0.3340412996249442,0.05834617735067044,2.4459810154238424,10002.445981015424
98.6509005147992,1.3490994852007958,0.6981093538905793,0.05443768449967332,1.9927711545917017,10001.992771154592
98.00940685902462,1.9905931409753777,-0.6205247385020928,0.05383584341775141,1.3162325590555333,10001.316232559055
99.11744870331101,0.8825512966889875,0.7222615116185747,0.048322265052229384,1.5564905432553326,10001.556490543255
98.1029123370503,1.8970876629497013,-0.9721833217421443,0.047765765515275733,0.8771385756922813,10000.877138575692
98.02445986454474,1.9755401354552617,-0.07579982790378008,0.05698781463638816,1.8427524929150934,10001.842752492916
98.32887267608622,1.6711273239137796,0.2821597505869202,0.05617773758653119,1.8971093369141687,10001.897109336915
98.47459767713875,1.5254023228612539,0.13084792658976158,0.054214260782236366,1.602035988668779,10001.602035988668
98.15193848862596,1.8480615113740413,-0.30749121374807387,0.05487045867309672,1.4856998389528706,10001.485699838953
98.04433088269536,1.9556691173046374,-0.10380391928756247,0.056795340538187834,1.7950698574788873,10001.795069857479
97.78990505105685,2.2100949489431514,-0.2500587776133471,0.05757541606814898,1.9024607552616553,10001.902460755262
97.48661519033675,2.5133848096632505,-0.30128928549545275,0.05829974398531,2.1537957801824876,10002.153795780183
97.92411547295856,2.0758845270414383,0.4264789345198441,0.05823580603807971,2.4441276555232028,10002.444127655523
98.10854283941264,1.8914571605873647,0.17676325147925026,0.057278854935948774,2.010941557130666,10002.010941557131
97.75090465838608,2.2490953416139234,-0.3522396295463131,0.057439047493589517,1.8394166645740209,10001.839416664574
98.21546850773235,1.7845314922676465,0.43925319351490866,0.05723610757055077,2.1665485782120046,10002.166548578212
98.37466448854502,1.6253355114549777,0.1464459065349436,0.05537829224413736,1.716403125745784,10001.716403125745
98.79701757794898,1.2029824220510221,0.3393258679424529,0.05131846931708485,1.49098982067639,10001.490989820677
99.1254099189761,0.8745900810238965,0.21365654560182631,0.04341434902428207,1.0448322776014407,10001.044832277601
98.69325345928218,1.3067465407178247,-0.3630437284381845,0.04439761617785396,0.8993051961017863,10000.899305196102
98.40229617433555,1.5977038256644533,-0.26626318306274127,0.05213433744158396,1.279306305160128,10001.27930630516
98.79062228694485,1.2093777130551473,0.3132256570997552,0.051269190724026394,1.471334179430876,10001.47133417943
99.10893314373502,0.8910668562649846,0.21027160829132865,0.043801715909341975,1.0575367486469713,10001.057536748647
99.09801204407829,0.9019879559217117,-0.0072817234561811,0.03964151559090182,0.8550647168746288,10000.855064716874
99.15930643624381,0.8406935637561901,0.038779546594449064,0.038823438659798086,0.840649671690841,10000.84064967169
99.82928330082437,0.17071669917562815,0.09411265395441967,0.023188998763684257,0.2416403543663636,10000.241640354367
99.518511019635,0.48148898036500043,-0.12180783603248047,0.015992097742487058,0.3436890465900329,10000.34368904659
99.80587863580996,0.194121364190039,0.04609432048495673,0.0165772769059921,0.22363840776900365,10000.22363840777
99.69957348900518,0.300426510994825,-0.026474848508253428,0.01230661402775711,0.2616450484588144,10000.261645048458
99.58525191164543,0.4147480883545711,-0.03898087597164346,0.017710180001360293,0.3580570323815674,10000.358057032381
100.1636256270888,0.16362562708880546,-0.08413859967166963,0.0059073582272274,0.07357966918990842,10000.07357966919
100.60031544500292,0.60031544500292,-0.2123363320552153,0.0191852840558597,0.36879382889184503,10000.368793828891
101.0325687422869,1.032568742286898,-0.31800839974490513,0.037243229332885174,0.6773171132091078,10000.67731711321
101.73011418272273,1.7301141827227298,-0.6536909848360699,0.051399164020600616,1.0250240338660592,10001.025024033866
101.74137247142237,1.7413724714223662,-0.010570598382190786,0.057609762645367664,1.6731921103948075,10001.673192110395
102.10770618392276,2.107706183922758,-0.3576608968746502,0.059089842017523694,1.6909554450305844,10001.69095544503
101.94086720320388,1.9408672032038794,0.16067650986969362,0.05969906418608849,2.0418446488874844,10002.041844648887
102.11517885521076,2.1151788552107575,-0.17029049856956097,0.05985390457366764,1.8850344520675288,10001.885034452067
102.04515676164414,2.0451567616441366,0.0680701670189818,0.060076529723456625,2.053150398939662,10002.05315039894
102.09733310408092,2.097333104080917,-0.05091839299058821,0.06008559399241701,1.9863291170979118,10001.986329117099
102.41808613837495,2.418086138374946,-0.3177306328827022,0.060904171475338185,2.0394513340169054,10002.039451334016
101.97736530869878,1.9773653086987792,0.42609810514517804,0.06027856218293844,2.343184851661019,10002.343184851661
103.10817617897305,3.1081761789730535,-1.1298183783039557,0.061433080865568826,1.916924719803529,10001.916924719804
102.56292126332491,2.5629212633249097,0.542036530932976,0.06184171744731048,3.0431160768105756,10003.043116076811
101.90867840089403,1.9086784008940327,0.6284419660561746,0.06014081757976096,2.4769795493704465,10002.47697954937
102.53260492348595,2.5326049234859482,-0.61989627862782,0.06061434063104649,1.8520943042270817,10001.852094304228
102.96130475730824,2.961304757308241,-0.42806434152042183,0.06212373264427838,2.471116683143541,10002.471116683144
103.30053942575441,3.3005394257544083,-0.33909745291911225,0.06258195754299528,2.8988600152923008,10002.898860015292
103.64320004584977,3.643200045849767,-0.3426275103706444,0.06289897901296002,3.2376735564661625,10003.237673556467
103.63650656458037,3.6365065645803725,0.006692820271628036,0.062903130767412,3.5802962540845886,10003.580296254084
103.1475682218926,3.147568221892598,0.4885846786862623,0.06249261582084779,3.5736602847580126,10003.573660284757
103.18878258828185,3.1887825882818532,-0.04118908455048115,0.0625096446827763,3.085083859048596,10003.085083859049
102.82115890995487,2.8211589099548746,0.3667489564717392,0.06216460963182402,3.12574325679479,10003.125743256795
103.35094731528278,3.350947315282781,-0.5296197354499812,0.06259711282212461,2.758730467010675,10002.75873046701
103.2708712048536,3.2708712048536057,0.08004115637414658,0.06259330975004065,3.2883190514777114,10003.288319051479
102.82253732845959,2.822537328459589,0.4472866768729111,0.06217251435575484,3.2076514909767453,10003.207651490977
102.64851468991158,2.648514689911579,0.17328614432620273,0.06191655518295367,2.759884279054828,10002.759884279054
102.87215211738645,2.872152117386449,-0.22320358748483754,0.062107240516521875,2.5868412893850894,10002.586841289385
102.56695948039783,2.566959480397827,0.30351342176749485,0.0618245743067155,2.8086483278586063,10002.808648327858
102.12344520663692,2.123445206636916,0.43409265605723296,0.06087936111348683,2.496658501580662,10002.49665850158
102.2546872692821,2.254687269282101,-0.1293416567167809,0.06070788863894945,2.0646377239263707,10002.064637723926
102.38678836831706,2.386788368317056,-0.13082394664378794,0.061167695203091385,2.194796726470177,10002.19479672647
102.11359003168026,2.1135900316802605,0.2672797122227833,0.06073103912433015,2.3201387047787136,10002.32013870478
101.86039442576464,1.860394425764639,0.24235171813963846,0.059517551966800676,2.043228591937477,10002.043228591938
101.98504310943927,1.9850431094392746,-0.12081567281547378,0.05933685898215994,1.8048905776416408,10001.804890577641
101.20964451631778,1.2096445163177805,0.6317497681908621,0.054409070928155195,1.7869852135804873,10001.786985213581
100.4616467767947,0.46164677679469435,0.29267666506856704,0.03644001936198438,0.717883422501277,10000.717883422501
100.08196088524105,0.08196088524104539,0.029254188882763404,0.014077763833693533,0.09713731029011526,10000.09713731029
99.9694316733531,0.030568326646900346,-0.002399034694069075,0.0016774779655657202,0.02649181398726555,10000.026491813987
100.13337475146685,0.13337475146684596,-0.019960107757745704,0.0030436238800742397,0.11037101982902602,10000.11037101983
100.91502408045572,0.9150240804557228,-0.5364443968890427,0.024646267841823565,0.3539334157248566,10000.353933415725
101.37221524273485,1.3722152427348533,-0.3966648055917964,0.04753145149899392,0.9280189856440629,10000.928018985644
101.28679569519939,1.2867956951993875,0.07194627834888319,0.05221390188167348,1.3065280716665972,10001.306528071667
101.27664097707915,1.276640977079154,0.008521761903971393,0.051343170604720975,1.2338195683784046,10001.233819568379
100.74292354173338,0.7429235417333757,0.31415408738435,0.04330103108967182,1.013776598028054,10001.013776598029
100.73309043620087,0.7330904362008681,0.0057295768229708765,0.035543137940891034,0.703276875082948,10000.703276875083
100.57995138352945,0.5799513835294476,0.07355693955942356,0.03219124144756074,0.6213170816413105,10000.62131708164
100.75116717781513,0.7511671778151339,-0.1017644421386144,0.03263315748573583,0.6167695781907837,10000.616769578191
100.31285556343812,0.31285556343812004,0.12035388788262279,0.0262125932382525,0.40699685808249036,10000.406996858082
100.58780387349495,0.5878038734949484,-0.1337518830101142,0.023083178714685307,0.43096881177014895,10000.43096881177
101.4036637274696,1.4036637274696062,-0.7160816743326045,0.041780092952783156,0.6458019601842185,10000.645801960185
101.34555030973603,1.3455503097360264,0.05008345299806423,0.05315702581456411,1.3424767369195265,10001.34247673692
101.56034324172236,1.5603432417223644,-0.19633213452833786,0.05441962883318542,1.309591478360841,10001.30959147836
101.9304254229471,1.9304254229470956,-0.35749618274792033,0.05787620246961489,1.5150530377295603,10001.51505303773
101.71510543771969,1.7151054377196857,0.20258529112450616,0.05852960169187414,1.8591611271523176,10001.859161127153
101.83530531961952,1.835305319619522,-0.11496835831001563,0.058331717483381305,1.662005243826125,10001.662005243827
101.842060268414,1.8420602684140022,-0.006466715803562647,0.05884021315301365,1.7767533394574258,10001.776753339458
101.89449801856914,1.8944980185691378,-0.050493272973672315,0.05907772581360464,1.784927019781861,10001.784927019782
101.48020833237518,1.4802083323751845,0.3719686738360101,0.05694529319235834,1.7952317130188362,10001.795231713018
101.49331454311523,1.4933145431152326,-0.011808302100278308,0.055069025677663204,1.426437215337291,10001.426437215338
101.76004820521408,1.7600482052140762,-0.2528064524318102,0.056790860661369805,1.450450892120896,10001.45045089212
102.5413091793459,2.5413091793459017,-0.7771521213392922,0.06026503492757221,1.7038920230790373,10001.703892023079
103.06104649278049,3.0610464927804912,-0.51932202875596,0.06226152521427408,2.479462938810257,10002.47946293881
104.23726835632428,4.237268356324279,-1.1762172350756637,0.063364705082458,2.997686416166157,10002.997686416165
103.81655137449496,3.8165513744949635,0.4207040347199571,0.0630521600906563,4.174203249124265,10004.174203249124
104.29494637412806,4.29494637412806,-0.4783936312030552,0.06343490473062946,3.753117838194375,10003.753117838194
104.39577104237057,4.395771042370569,-0.10082450028097158,0.0635164750747327,4.231430067014865,10004.231430067015
105.60760696274596,5.607606962745962,-1.211835918886048,0.064486032752461,4.331285011107453,10004.331285011107
105.15866032720884,5.158660327208835,0.44894662619409537,0.06412692756645787,5.543480025836472,10005.543480025837
104.69428164489784,4.694281644897842,0.4643785365714214,0.06375541480517419,5.094904766664089,10005.094904766664
104.36406229580804,4.36406229580804,0.3302187267299805,0.06349118100258125,4.63078984153544,10004.630789841536
103.20233038894824,3.2023303889482406,1.161230581946234,0.06254844541634558,4.3010125254781295,10004.301012525479
102.91675153719669,2.9167515371966886,0.28520329823848944,0.062279475125760514,3.1396753603094174,10003.13967536031
102.50580238505786,2.505802385057862,0.40863007649125793,0.061790662727253726,2.852641798821866,10002.852641798821
102.58708140480263,2.587081404802632,-0.08093206979300255,0.06176461689867165,2.4443847181109573,10002.44438471811
102.77202512295554,2.77202512295554,-0.18453448133372488,0.0620177883411605,2.5254728532806547,10002.52547285328
103.79330166644645,3.793301666446453,-1.021244921694278,0.06296477617984272,2.7090919685723325,10002.709091968572
104.31452072376123,4.314520723761234,-0.5212178762930569,0.06345057670215068,3.7298522707660267,10003.729852270766
103.99782504947592,3.997825049475921,0.3166920904299066,0.06319783628114697,4.251319303624681,10004.251319303625
103.50654909403778,3.50654909403778,0.49122085735317933,0.06280140530692482,3.9349685460840345,10003.934968546084
103.77524873084658,3.7752487308465845,-0.2686908853467009,0.06301569339413005,3.4435421521057537,10003.443542152107
103.05565817523392,3.0556581752339156,0.7190640797857202,0.062420899932929534,3.7123013550867063,10003.712301355086
104.05522941622138,4.05522941622138,-0.999563069413213,0.06322108927920171,2.992445257528965,10002.992445257529
104.70406764678918,4.704067646789184,-0.6488380698901439,0.06376298954956804,3.991466587349472,10003.99146658735
104.44547416680368,4.4454741668036775,0.25859321200654184,0.06355633910313387,4.640511039707085,10004.640511039706
103.50667540424206,3.50667540424206,0.9386981962314943,0.06280198178086889,4.382571618692686,10004.382571618693
104.24788819343125,4.247888193431251,-0.7412106286234132,0.06339486920925289,3.443282695598585,10003.443282695598
104.18497108206952,4.184971082069524,0.06291685942630784,0.06334776060423844,4.1845401808915925,10004.184540180891
104.86687770051175,4.8668777005117505,-0.6819065572678532,0.06389337336435588,4.121077769879542,10004.12107776988
103.98933074179403,3.989330741794035,0.8775376450025419,0.06319113069212028,4.803677256104457,10004.803677256104
103.66134452725298,3.6613445272529788,0.32796949427137656,0.06292716021121351,3.926386861313142,10003.926386861312
103.66420549921318,3.664205499213182,-0.0028608292293491335,0.06292822749419369,3.598416442489639,10003.59841644249
103.6898729877465,3.6898729877464973,-0.025666361905767432,0.0629489811135903,3.6012576447271396,10003.601257644727
103.44420264414353,3.4442026441435303,0.24563765853748912,0.06274987116517286,3.6270904315158465,10003.627090431515
103.78433373562694,3.7843337356269444,-0.34012170817361403,0.06302246567101967,3.381189561782311,10003.381189561782
103.20199046660538,3.2019904666053804,0.5821274184258348,0.06254926243845997,3.721568622592755,10003.721568622594
103.12457223955647,3.1245722395564712,0.07737900186794745,0.062472515672485476,3.139478725751933,10003.139478725752
103.18997144719908,3.1899714471990848,-0.0653740552883145,0.06252438633047538,3.0620730055802947,10003.06207300558
103.47012930058628,3.4701293005862794,-0.2801258626905923,0.06276062062519819,3.127242817270489,10003.12724281727
103.85892283974208,3.8589228397420783,-0.38878639650371627,0.0630830080276935,3.4070534352106687,10003.40705343521
103.24512806656901,3.245128066569009,0.6136111211001435,0.06258626590964775,3.796152921759505,10003.79615292176
102.41370232561604,2.4137023256160433,0.8257206627252357,0.06171094622983234,3.1777120421114464,10003.177712042112
103.10567422693393,3.105674226933928,-0.6916071562209485,0.062255987786694465,2.351811082926285,10002.351811082926
103.28641283962799,3.2864128396279852,-0.1806941709533658,0.06260517817522049,3.0431134904993993,10003.0431134905
102.87976004264745,2.8797600426474474,0.4061343513956808,0.06225687019556772,3.2236375238475605,10003.223637523848
103.72427524611838,3.7242752461183812,-0.8444870452929031,0.06293871094690086,2.816849489878577,10002.816849489878
103.78752701676468,3.7875270167646846,-0.06325022861721853,0.0630282243775011,3.661248563769965,10003.66124856377
104.43461730921982,4.434617309219817,-0.6470897532052844,0.06354690392785864,3.7239806520866745,10003.723980652087
104.47178340312762,4.471783403127617,-0.037166069045996716,0.063577379638636,4.371039954442985,10004.371039954443
105.61264167994912,5.612641679949121,-1.1408582761995276,0.0644900921322011,4.4072933116173925,10004.407293311617
106.59424225449894,6.594242254498937,-0.981600574549434,0.06527539378615269,5.54736628616335,10005.547366286164
106.45446164174761,6.4544616417476135,0.13978061275116557,0.06516356931334957,6.529078685185429,10006.529078685186
107.00096938813167,7.000969388131665,-0.546507746384044,0.06560077551046863,6.3888608662371515,10006.388860866236
107.36554130661003,7.365541306610027,-0.36457191847836135,0.06589243304528755,6.935076955086378,10006.935076955086
108.14279934526365,8.142799345263654,-0.7772580386536276,0.06651423947621089,7.2990270671338155,10007.299027067134
107.59422108170584,7.5942210817058395,0.5485782635578147,0.06607537686536467,8.076723968398289,10008.0767239684
107.98396130432675,7.983961304326755,-0.38974022262091523,0.0663871690434614,7.527833912662378,10007.527833912662
108.588016772438,8.588016772437996,-0.6040554681112411,0.0668704134179504,7.9170908909088045,10007.91709089091
107.58612071267359,7.586120712673591,1.0018960597644053,0.06606889657013887,8.521947875867857,10008.521947875868
106.91726295311265,6.917262953112655,0.6688577595609211,0.0655338103624894,7.520586902311086,10007.52058690231
105.7742976739088,5.774297673908805,1.142965279041596,0.06461943813462166,6.85264351481578,10006.852643514816
105.62421146130833,5.6242114613083345,0.15008621254073604,0.06449936915193681,5.7097983046971335,10005.709798304697
106.02441121181798,6.024411211817977,-0.40019975050070933,0.06481952895608502,5.559391932361183,10005.559391932362
106.86725331926314,6.867253319263142,-0.8428421074451395,0.06549380265469389,5.958917409163308,10005.958917409163
106.90899055366387,6.90899055366387,-0.04173723440072677,0.06552719244292947,6.801726126820213,10006.80172612682
107.8305956301804,7.830595630180397,-0.9216050765165278,0.06626447650414365,6.842726077159726,10006.84272607716
107.04910189646814,7.0491018964681444,0.7814937337122483,0.06563928151717431,7.764956348663219,10007.764956348663
106.0923534573266,6.092353457326595,0.9567484391300507,0.06487388276547856,6.984228013691167,10006.98422801369
106.0612941670764,6.061294167076397,0.03105929024973829,0.06484903533280771,6.027504421993328,10006.027504421992
106.27619712734895,6.276197127348951,-0.21490296027194236,0.06502095770131655,5.996273209375692,10005.996273209375
106.25788154193336,6.257881541933358,0.01831558541553428,0.06500630523335428,6.211190822115538,10006.211190822116
105.10633686864621,5.10633686864621,1.1515446611619613,0.06408506916280124,6.19379646064537,10006.193796460646
105.05697562973188,5.05697562973188,0.04936123821316056,0.06404557972423086,5.04229128822081,10005.04229128822
104.33716560272637,4.3371656027263725,0.7198092784892313,0.06346969948810369,4.9935051817275005,10004.993505181728
104.70606865952519,4.706068659525187,-0.36890301217778776,0.06376481846363911,4.2734008288837595,10004.273400828884
104.90856728917966,4.908567289179658,-0.20249862266689547,0.06392684893853148,4.642141817574231,10004.642141817574
104.39017311554018,4.390173115540179,0.5183937883930597,0.06351211413840632,4.845054789794832,10004.845054789796
104.10783005195563,4.107830051955631,0.2823420820945777,0.0632861322602479,4.326886001789961,10004.32688600179
103.52825867467806,3.5282586746780567,0.5795346459376197,0.06282053058845435,4.044972790027222,10004.044972790027
103.49406006439106,3.494060064391064,0.03419608778369268,0.06279099018782053,3.4654651619869368,10003.465465161988
104.01636312711832,4.016363127118325,-0.5223002091537033,0.06321061832874096,3.430852299635881,10003.430852299636
103.4773713200402,3.4773713200402057,0.5389495464464407,0.06277929345380621,3.9535415730328403,10003.953541573033
103.7526265274359,3.7526265274358934,-0.2752495242373728,0.06299901809792731,3.4143779851005935,10003.4143779851
103.46306962301324,3.46306962301324,0.2895330392929102,0.06276725663011906,3.6898354056760314,10003.689835405676
103.03161564762999,3.031615647629991,0.43121788069809425,0.06240583108447385,3.4004276972436114,10003.400427697243
102.973508050204,2.9735080502040034,0.0580674363396737,0.062340551036435626,2.9692349355072416,10002.969234935506
102.4131894719747,2.413189471974704,0.557117835946369,0.06173381035536867,2.908573497565704,10002.908573497565
102.11478072272297,2.114780722722969,0.29387387470802684,0.06105128255510196,2.347603314875894,10002.347603314876
101.47211920274447,1.4721192027444658,0.585148824637398,0.05799081286289916,1.9992772145189648,10001.99927721452
102.5283192580549,2.528319258054907,-1.0522357961201227,0.059154587235230385,1.4169288746995539,10001.4169288747
102.54737256879163,2.54737256879163,-0.01898687198345737,0.06181515547550332,2.4665705413326693,10002.466570541334
102.16988306495993,2.169883064959933,0.3727365280653762,0.061243100024880724,2.4813764930004285,10002.481376493
102.28516863865728,2.2851686386572823,-0.11429310141040593,0.06117760644484119,2.109697930802035,10002.109697930802
102.22462773921661,2.224627739216615,0.05990691678552117,0.06119454423147051,2.2233401117706655,10002.22334011177
102.10564113550795,2.105641135507952,0.11716973376578257,0.06089600700260391,2.1619148622711304,10002.16191486227
102.43668286547933,2.4366828654793267,-0.3293666649856136,0.06132459986920363,2.0459916006245096,10002.045991600624
102.84646631560585,2.846466315605852,-0.4093406374227739,0.062087711870757595,2.3750379663123207,10002.375037966312
102.5593067225238,2.5593067225238,0.28623275129374093,0.06191489093556324,2.783624582881978,10002.783624582882
102.24852474919363,2.248524749193635,0.3078302063027786,0.06140847102878399,2.4949464844676292,10002.494946484469
102.10040371959848,2.100403719598475,0.1458608250730198,0.06092201170379171,2.185342532967703,10002.185342532968
100.86918220742815,0.8691822074281532,0.8490546599998647,0.05084075921916197,1.667396108208856,10001.667396108209
100.06686931640981,0.06686931640980731,0.053921595234185056,0.022732891667175185,0.09805801997681718,10000.098058019978
100.7903561275411,0.7903561275411022,-0.46640270063463196,0.021682877759672193,0.302270549146798,10000.302270549148
101.66797746163334,1.6679774616333418,-0.8312309917102625,0.04888413357477824,0.787862336348301,10000.787862336349
101.53461835409058,1.5346183540905827,0.12343135446504848,0.05734999818604344,1.6006997103695877,10001.60069971037
101.84361922666886,1.8436192266688636,-0.29899384753571695,0.05821094404470603,1.4864144350884405,10001.486414435089
102.01082003588012,2.0108200358801156,-0.16391017288698367,0.060015272108169544,1.7868945908849625,10001.786894590885
103.67966227482326,3.679662274823258,-1.6688033095738308,0.0623308563862093,1.9485281088632176,10001.948528108864
104.29324712836423,4.293247128364229,-0.6135843297893522,0.06343384113555935,3.616228957439317,10003.616228957439
104.22295394350564,4.222953943505644,0.07029309646836249,0.0633782971490439,4.229868742824962,10004.229868742825
103.69938806680754,3.6993880668075434,0.5235551388342733,0.06295883330011123,4.159984372341705,10004.159984372342
102.82509734454119,2.8250973445411915,0.8733495480185764,0.06222623784538419,3.636220654714384,10003.636220654715
102.93541682432361,2.9354168243236103,-0.11024434915991099,0.06229405989521019,2.762878415268489,10002.76287841527
102.52589636347756,2.525896363477557,0.40813876842018315,0.061895995709446296,2.8721391361882938,10002.872139136189
101.76023826275384,1.7602382627538447,0.7350164436370306,0.06008345689040663,2.4351712495004687,10002.4351712495
101.41405234175392,1.4140523417539157,0.31225788216122796,0.05693193100735239,1.6693782929077912,10001.669378292907
100.83760670354718,0.8376067035471806,0.38960117175506104,0.04789989285440785,1.1793079824478339,10001.179307982447
101.73825093387765,1.7382509338776515,-0.8626209795006968,0.05020906385997466,0.82542089051698,10000.825420890516
102.21208909177373,2.212089091773734,-0.46913918994861525,0.06017103361333355,1.6827788682117852,10001.682778868211
102.20779040775932,2.207790407759319,0.004255608999653863,0.06115490711637151,2.1508911096426013,10002.150891109643
103.00812355026349,3.008123550263491,-0.7999529593552275,0.0620821609794084,2.1460884299288554,10002.146088429929
103.05013150220626,3.0501315022062556,-0.04199141545756172,0.062413249850256654,2.9457268368984373,10002.945726836899
102.58340543277427,2.5834054327742706,0.46551220360074,0.061974569734543156,2.9869430666404675,10002.98694306664
103.41021104844113,3.410211048441127,-0.8267434416268825,0.06264515087629416,2.5208224559379504,10002.520822455937
103.70434120946268,3.704341209462683,-0.2941250523585933,0.06296059309984672,3.347255564004243,10003.347255564004
103.13895661730301,3.138956617303009,0.5652383076376905,0.06250262219336962,3.64169230274733,10003.641692302748
103.03553838555413,3.0355383855541334,0.10337636945618818,0.062407920837589635,3.076506834172732,10003.076506834173
102.56112992269291,2.5611299226929134,0.4731007488310021,0.06195163594627375,2.9722790355776416,10002.972279035577
101.81637827003843,1.8163782700384274,0.7202840067481456,0.060365399943477595,2.4762968768430955,10002.476296876843
102.31459427393301,2.314594273933011,-0.49488637146099546,0.060638125915472324,1.7590697765565433,10001.759069776557
103.34943256884925,3.3494325688492523,-1.0347405240830347,0.062469408046796994,2.2522226367194205,10002.25222263672
102.59043061388834,2.590430613888344,0.7571692057455239,0.061995119673839374,3.285604699960029,10003.28560469996
102.8952756802519,2.895275680251899,-0.3046295600158564,0.06221986054586784,2.528426259690175,10002.52842625969
102.54302890724382,2.543028907243823,0.3512390049803756,0.061924663868980795,2.8323432483552176,10002.832343248356
102.28009616347418,2.280096163474184,0.26099388566975174,0.061510027693792005,2.479580021450144,10002.47958002145
101.96125239297362,1.9612523929736199,0.31219244644820626,0.06070534732728378,2.2127394920945425,10002.212739492095
101.49801011806217,1.4980101180621688,0.4277931958871849,0.058233105009515465,1.8675702089398383,10001.86757020894
101.52396582235956,1.523965822359557,-0.02410086518062538,0.05671194847509267,1.443153008703839,10001.443153008704
101.0803108244751,1.0803108244751058,0.35516482239974506,0.052648878807144785,1.382826768067706,10001.382826768067
101.22449290187402,1.2244929018740152,-0.12310907548081432,0.050484254147641655,1.0508995722455592,10001.050899572245
101.19769058827801,1.1976905882780073,0.02265130709267115,0.05181907746427035,1.168522817906408,10001.168522817907
101.07032196510528,1.070321965105279,0.10152820031873938,0.050008765094781846,1.1218414003292367,10001.121841400329
100.58802484657738,0.5880248465773832,0.2502450966538107,0.039829208776943736,0.7984407344542501,10000.798440734454
100.28271263767135,0.28271263767135224,0.08186763750234101,0.023733437183471044,0.3408468379902222,10000.34084683799
100.68275632735306,0.6827563273530615,-0.2345538659864231,0.025945507396166433,0.4222569539704719,10000.42225695397
100.94891274827016,0.9489127482701605,-0.19767020527993817,0.040438264352732,0.7108042786374903,10000.710804278637
100.43014067109972,0.4301406710997213,0.20537990616136853,0.03439036991925484,0.6011302073418351,10000.601130207342
100.48272854149651,0.48272854149651323,-0.023083679159784848,0.025262967459957156,0.43438189487677126,10000.434381894876
100.8814411552055,0.8814411552054935,-0.28246427134612684,0.03490155293660288,0.5640753309227637,10000.564075330924
99.99772153978982,0.0022784602101779683,0.0025037205159356493,0.021338187479645766,-0.016556006753532148,9999.983443993246
100.28449761989881,0.28449761989881495,-0.07762721443664125,0.00828591811598491,0.19858448734618878,10000.198584487347
99.93487773132792,0.06512226867208426,-0.01998000499934262,0.006415097570035147,0.038727166102706496,10000.038727166102
100.23586235119697,0.23586235119697108,-0.06829450603300764,0.005151859606091811,0.16241598555787162,10000.162415985558
99.83344680120648,0.16655319879352248,-0.06172062853454004,0.002235485246517804,0.10259708501246464,10000.102597085013
98.88827363100604,1.1117263689939563,-0.7728717841122449,0.02903085054624055,0.30982373433547084,10000.309823734335
98.04364375308286,1.9563562469171387,-0.8293256924012775,0.05332261766993294,1.0737079368459284,10001.073707936846
98.06849037915404,1.931509620845958,0.024359824879897626,0.05811789895415031,1.8977515467717052,10001.897751546772
98.20282039492284,1.7971796050771616,0.13030953845597637,0.05782216531092763,1.8696669782222102,10001.869666978222
97.73587927482485,2.2641207251751467,-0.4641134443293167,0.05803922659635306,1.741968054249477,10001.74196805425
98.0653772234279,1.9346227765720982,0.32317372208226536,0.058483327223020354,2.199313171431343,10002.199313171432
97.210366135142,2.789633864858004,-0.8544267102540366,0.05830447139516772,1.8769026832087998,10001.876902683209
97.17651278517472,2.8234872148252776,-0.0338336505498009,0.058833715586147126,2.73081984868933,10002.73081984869
96.55824395519456,3.4417560448054445,-0.6182530558969593,0.05860570222233279,2.7648972866861525,10002.764897286686
96.22708575546966,3.772914244530341,-0.3311569673582922,0.058489990351437274,3.3832672868206117,10003.383267286821
96.25112388204049,3.7488761179595116,0.024038024438685846,0.05850021941234492,3.7144139229858526,10003.714413922986
95.81563107627649,4.184368923723511,-0.43549269124416,0.058326122742450054,3.690550109736901,10003.690550109737
95.62162637033829,4.378373629661709,-0.19400469269072804,0.05824864104572585,4.126120295925255,10004.126120295925
96.13011156422897,3.8698884357710313,0.5084842015239882,0.058451986373785264,4.319920650921234,10004.319920650922
95.83826945756968,4.16173054243032,-0.29184202132487347,0.058335243264331274,3.811553277841115,10003.811553277841
96.26131492295627,3.7386850770437263,0.42304366805597843,0.05850439483380376,4.103224350265901,10004.103224350265
95.68986682885816,4.3101331711418425,-0.5714480352529735,0.05827582181242062,3.6804093140764484,10003.680409314076
95.95743266590078,4.042567334099218,0.2675656725586602,0.0583829524052615,4.251750054252617,10004.251750054253
96.68926465217838,3.3107353478216197,0.7317975148864968,0.05867432172645998,3.983858540981656,10003.983858540982
95.43788633923963,4.5621136607603745,-1.2513782928262818,0.05817380545585529,3.2525615624782374,10003.252561562478
95.03788355706256,4.962116442937443,-0.40000278188953653,0.058015152944088356,4.504098508103818,10004.504098508103
95.32737170833487,4.672628291665134,0.2894881493125756,0.05813094846917696,4.903985492508532,10004.903985492509
95.22540873217476,4.774591267825244,-0.10196297585055132,0.058090163212746196,4.6145381287619465,10004.614538128762
95.41185884234771,4.588141157652288,0.1864501078795867,0.05816474309796356,4.7164265224339115,10004.716426522435
95.10861534466885,4.8913846553311515,-0.3032434973264501,0.05804344575375267,4.5300977122509485,10004.530097712252
95.15202619773213,4.847973802267873,0.043410852993562746,0.05806081040007583,4.83332384486136,10004.833323844861
95.07398322721473,4.926016772785275,-0.07804297045157782,0.058029593221024224,4.789944209112672,10004.789944209113
95.66094082690779,4.33905917309221,0.5869575586011143,0.0582643742974379,4.8677523573958865,10004.867752357395
95.78929648403235,4.210703515967651,0.12835563547978737,0.058315711735877136,4.280743439711562,10004.280743439711
95.95988459971653,4.040115400283469,0.17058802624093883,0.058383933891149396,4.152319492633258,10004.152319492634
95.75179889324531,4.248201106754692,-0.20808568025777519,0.05830070087716249,3.9818147256197545,10003.98181472562
95.50603764905672,4.493962350943278,-0.24576123895097035,0.05820241083960946,4.189998701152699,10004.189998701153
95.28854911340798,4.711450886592019,-0.21748853476905816,0.05811541892050697,4.435846932902454,10004.435846932902
95.48685124175772,4.513148758242281,0.19830212481523063,0.0581947398702545,4.653256143187257,10004.653256143187
95.27521789376755,4.724782106232453,-0.21163334724899407,0.05811008654795431,4.455038672435505,10004.455038672435
95.4208342963908,4.579165703609206,0.1456164010978434,0.058168333318427856,4.666613771388621,10004.66661377139
96.47030378715277,3.5296962128472273,1.0494575093496576,0.058587790801754164,4.520565931395131,10004.520565931394
96.9142358242292,3.085764175770805,0.4438749558202587,0.05876162399846273,3.470877507592601,10003.470877507592
96.74784791226685,3.252152087733151,-0.16637908375539257,0.058693867208684435,3.0270791367690744,10003.02707913677
97.36229329765244,2.6377067023475576,0.6137810478408255,0.05891178716985542,3.1925759630185278,10003.19257596302
97.15311307151676,2.8468869284832437,-0.20909460435802454,0.058817802651641056,2.578974521473578,10002.578974521473
96.11508945510181,3.88491054489819,-1.0380223568974287,0.05843419822869085,2.7884539897720706,10002.788453989771
95.60577275091568,4.394227249084324,-0.5093166857238873,0.05824227325882934,3.826668290101607,10003.826668290101
94.66773414468953,5.332265855310467,-0.9380386062093318,0.05786709262788221,4.336360156473253,10004.336360156472
94.49250781618737,5.50749218381263,-0.1752263285015383,0.05779700312586587,5.274468852185226,10005.274468852185
94.50167738823706,5.498322611762944,0.009169572049651263,0.05780067095508694,5.449691512857508,10005.449691512858
95.34035249677417,4.659647503225827,0.838675104721301,0.05813614086846757,5.440186467078661,10005.440186467078
95.50476749870155,4.495232501298446,0.1644149993529995,0.05820190642050282,4.601445594230943,10004.601445594231
95.39454233849509,4.605457661504914,-0.11022515947404517,0.05815781629713366,4.4370746857337355,10004.437074685733
95.81245452168832,4.187545478311677,0.41791212442815484,0.05832497757585386,4.547132625163978,10004.547132625165
94.70236161768467,5.297638382315327,-1.1100929039811633,0.05788094065150202,4.129664537682661,10004.129664537682
94.82003225396849,5.179967746031508,0.11767063627726614,0.05792801289942708,5.239710369409347,10005.23971036941
95.20604865288722,4.793951347112781,0.3860163983842126,0.058082419420014984,5.1218853260769786,10005.121885326076
94.46700351805876,5.53299648194124,-0.7390451348268553,0.05778680136791966,4.7361645457464645,10004.736164545746
95.03817753062631,4.961822469373686,0.5711740123770956,0.058015271002681536,5.4749812107481,10005.474981210748
95.20787647349476,4.792123526505236,0.16969894264517243,0.05808315054229345,4.903739318608115,10004.903739318608
94.99971361959531,5.000286380404688,-0.20816285385155534,0.0579998854037823,4.734123641149351,10004.734123641148
95.31706802210064,4.682931977899358,0.3173544015478753,0.058126827115989516,4.942159552331244,10004.94215955233
96.46463424998252,3.535365750017476,1.1475564610071025,0.058585607311080576,4.624336603713498,10004.624336603714
96.5571381358861,3.442861864113894,0.09250254209175768,0.05862218790843373,3.476742218297218,10003.476742218298
96.6835367921487,3.3164632078512994,0.12639490740773224,0.05867213309742527,3.3841859821616067,10003.384185982162
96.44974111582873,3.550258884171271,-0.2337939222712947,0.05857882118229423,3.2578861407176816,10003.257886140718
96.01869808539037,3.981301914609631,-0.4310428272445866,0.05840724954151825,3.4918518378235257,10003.491851837824
96.43981744209675,3.5601825579032464,0.4211164539357852,0.05857571391076746,3.922723297928264,10003.922723297928
96.00566158040903,3.9943384195909744,-0.4341556800612794,0.0584020540533923,3.5017806854763025,10003.501780685476
96.04187687740776,3.958123122592241,0.03621527794161448,0.058416723535731935,3.9359216769981233,10003.935921676999
95.80039423433698,4.199605765663023,-0.24148261970852128,0.058320139789719394,3.899803006164782,10003.899803006165
96.04253897064325,3.9574610293567503,0.2421446122072855,0.058416998034246284,4.141188643529789,10004.141188643529
96.21157988131766,3.788420118682339,0.16904064968810753,0.05848457259701176,3.898976195773435,10003.898976195773
96.73913261146363,3.2608673885363686,0.5275333118927846,0.05869453999995223,3.729706160429201,10003.72970616043
96.47944117636985,3.5205588236301537,-0.2596893498358973,0.05859047868909977,3.2022789951051567,10003.202278995104
96.34230601751655,3.657693982483451,-0.1371346915095464,0.05853659182789067,3.4620226991460137,10003.462022699146
95.84659662400003,4.153403375999972,-0.49570933338866724,0.05833853717097896,3.5993555054403257,10003.599355505441
95.62241820082006,4.377581799179936,-0.22417841800930344,0.05824896313906894,4.095154418031563,10004.095154418032
95.81275354472051,4.187246455279492,0.19033532640314255,0.058325098112528125,4.319256683570107,10004.31925668357
96.19577572443086,3.8042242755691404,0.3830216973697616,0.05847827129496418,4.1287677016439375,10004.128767701644
95.72937205796184,4.2706279420381605,-0.4664036439298681,0.058291711269679754,3.7459325868386126,10003.745932586839
96.1691247066566,3.8308752933433965,0.43975219749206074,0.058467618886500546,4.212159871948956,10004.21215987195
96.85869444822703,3.141305551772973,0.6895249553547187,0.05874156072985822,3.7720889463978335,10003.772088946398
97.06997532343154,2.9300246765684648,0.21123931759516276,0.05882037086273564,3.082443623300892,10003.082443623302
98.0349117985389,1.9650882014611,0.9524111143282624,0.05882641712656161,2.858672898662801,10002.858672898663
97.6359136071681,2.3640863928318936,-0.39791330245395673,0.058594513906037475,1.9075785764718993,10001.907578576473
96.99752365648678,3.002476343513223,-0.6383060442996603,0.05871606300396247,2.3054542362096,10002.30545423621
96.09244838914178,3.9075516108582207,-0.9050747604226468,0.05843317425441511,2.944043676181159,10002.944043676182
96.85311379993324,3.14688620006676,0.7606203403834904,0.05873950764445261,3.8487670328057977,10003.848767032805
97.18771475064513,2.812285249354872,0.3344877992202054,0.05886349860472324,3.087909549970354,10003.08790954997
97.15924342422755,2.8407565757724456,-0.02846304261547223,0.05884535989597411,2.753448173260999,10002.753448173262
97.30271026492822,2.6972897350717773,0.14338322839065523,0.0588955785951228,2.78177738486731,10002.781777384867
96.72723020805432,3.2727697919456773,-0.5754639678245562,0.05867316904884248,2.6386326550722785,10002.638632655073
97.9821348283753,2.017865171624706,1.2419875585305227,0.05888946539769563,3.200963264757533,10003.200963264757
98.04888510732452,1.951114892675477,0.06587676813377771,0.05853185353293167,1.958459807276323,10001.958459807276
98.10542887235898,1.894571127641015,0.05564201031717462,0.05838764902574034,1.8918254889324495,10001.891825488932
98.48140939990878,1.5185906000912155,0.3557380062834676,0.05733074156502719,1.8169978648096559,10001.81699786481
98.73138667687927,1.2686133231207322,0.22305940212397177,0.05470840978157881,1.436964315463125,10001.436964315462
98.84795200504999,1.15204799495001,0.09975820938924268,0.05207020343269328,1.1997360009065594,10001.199736000906
98.43698793927068,1.5630120607293208,-0.39176266810920846,0.05373704088971669,1.1175123517303958,10001.11751235173
98.68189013410819,1.3181098658918131,0.22190733994487066,0.05530985515946571,1.4847073506772182,10001.484707350677
99.66559655925526,0.3344034407447367,0.3193025703778245,0.03686433456196595,0.6168416765605953,10000.616841676561
100.3748317621769,0.3748317621768962,-0.26180361592967,0.001416288932660799,0.11161185731456538,10000.111611857315
101.2212068831559,1.2212068831559009,-0.7431537769165882,0.03811650443248138,0.43993660180683125,10000.439936601806
100.9488454663037,0.9488454663036947,0.2102437150104604,0.05015860490046648,1.1089305764136885,10001.108930576414
100.42369594090597,0.4236959409059722,0.21690064222731048,0.03578402511824412,0.6048125580150386,10000.604812558015
100.35713778295666,0.35713778295665577,0.023557679084524573,0.023162633048458534,0.35753282899272176,10000.357532828993
100.38661280573045,0.38661280573045076,-0.011222047252269442,0.02220269302310372,0.3531880654550776,10000.353188065455
100.96720059839295,0.9672005983929495,-0.453926626234987,0.03540788710585217,0.47786608505211026,10000.477866085052
100.0705670726448,0.07056707264480622,0.06840191340442422,0.02577609761216612,0.11319288843706432,10000.113192888437
100.88053631082357,0.8805363108235724,-0.5983764152728634,0.024842967677771253,0.2573169278729377,10000.257316927873
100.79655670013867,0.796556700138666,0.05805422304277841,0.04340266317285434,0.81120826000859,10000.81120826001
100.57002958807055,0.5700295880705539,0.12129507269768512,0.03712612482364209,0.654198535944597,10000.654198535945
100.03498755503004,0.03498755503004247,0.021570533833197205,0.017286158296323465,0.03927193056691622,10000.039271930567
99.16628642938643,0.8337135706135683,-0.619119593184419,0.020169975610434685,0.19442400181871464,10000.194424001818
99.59744921889275,0.4025507811072515,0.16811308089508253,0.03302541492850729,0.5376384470738268,10000.537638447075
99.63593928891842,0.3640607110815779,0.013666895688008112,0.02234091158735123,0.35538669518223476,10000.355386695182
98.96083907292801,1.0391609270719897,-0.5515622670548517,0.03500495316106938,0.45259370685606864,10000.452593706856
98.28766190956144,1.712338090438564,-0.6547860509856513,0.05311374573476359,1.004438293718149,10001.004438293718
98.11386833806888,1.8861316619311168,-0.17120678125224634,0.058003303948011405,1.656921576730859,10001.65692157673
98.98073189780582,1.0192681021941752,0.7015019454078756,0.053485890475874515,1.667284157126176,10001.667284157125
98.84539862387489,1.1546013761251146,-0.11671128061722959,0.04980111110949346,0.9880889843983914,10000.988088984399
98.06540976432872,1.9345902356712799,-0.7703901636706193,0.05481595083294931,1.1093841211677113,10001.109384121168
97.93847594503873,2.061524054961268,-0.1259746745395009,0.058591800817973355,1.8769575796037936,10001.876957579603
97.79779861484971,2.202201385150289,-0.14007725183765823,0.05877227285473807,2.003351860457893,10002.003351860458
96.41754520053873,3.5824547994612743,-1.380249618729986,0.0584435538787747,2.1437616268525135,10002.143761626852
96.38995474053156,3.6100452594684356,-0.02759039759673552,0.05855583696586072,3.5238990249058393,10003.523899024905
96.27270317726403,3.7272968227359655,-0.11725144401158932,0.05850898656387022,3.551536392160506,10003.55153639216
96.62660470799771,3.373395292002286,0.3538980108101851,0.05865032408366879,3.668642978728802,10003.66864297873
97.5728160673553,2.427183932644695,0.944738967085503,0.058983285593375026,3.312939614136823,10003.312939614138
98.15387613354815,1.8461238664518476,0.5715224710321604,0.05873239637476969,2.358913941109238,10002.358913941109
98.01487042197921,1.9851295780207892,-0.13764880876456734,0.058436268195892226,1.7890445010603295,10001.78904450106
97.44491701535557,2.5550829846444287,-0.5694752266890604,0.058668078220894496,1.9269396797344738,10001.926939679735
98.77554203052493,1.2244579694750684,1.1810979218576132,0.05615542726954252,2.349400464063139,10002.349400464063
98.80637178977389,1.1936282102261089,0.027082005332344436,0.05258822532810113,1.1681219902303521,10001.168121990231
98.81362206485198,1.1863779351480161,0.006353969880071986,0.05225711959097402,1.1404747854371142,10001.140474785438
98.801054931295,1.198945068705001,-0.011066368542176295,0.052316537267607495,1.135562162895217,10001.135562162895
98.90425318496779,1.0957468150322143,0.08722534588573708,0.05142587620809222,1.1315462847098592,10001.13154628471
98.82902713765009,1.1709728623499132,-0.06560575393670336,0.051150988578204805,1.0542161198350049,10001.054216119835
98.53066863408773,1.469331365912268,-0.28184073715756114,0.053995624314793086,1.133495004439914,10001.13349500444
98.2470887072002,1.7529112927997943,-0.2773631060419569,0.05702093395684067,1.418527252800997,10001.418527252801
98.23012655624633,1.7698734437536672,-0.01661309846083612,0.05803958833222715,1.695220756960604,10001.695220756961
97.94918444733017,2.0508155526698317,-0.2789329378470526,0.0583648385163873,1.7135177763063918,10001.713517776307
97.58187342811817,2.418126571881828,-0.3667709687057585,0.05878034908634421,1.9925752540897255,10001.99257525409
97.63662232346165,2.3633776765383487,0.054646290361099775,0.05895668866101453,2.3590672782384337,10002.35906727824
97.50549797914927,2.4945020208507316,-0.1309914075498452,0.05891772266445728,2.304592890636429,10002.304592890636
98.28146629458257,1.7185337054174283,0.7572422017410718,0.058571159078482364,2.4172047480800174,10002.41720474808
96.91783828131261,3.082161718687388,-1.363566561550005,0.05806416193063765,1.6605309952067453,10001.660530995206
97.47698509968016,2.5230149003198363,0.5586634385435741,0.05896419568347557,3.0227141431799347,10003.02271414318
98.11926294625486,1.8807370537451362,0.6337268011743044,0.05883036120850274,2.455633493710938,10002.455633493712
97.05287603002782,2.947123969972182,-1.0662867558979239,0.05843077807239085,1.8224064360018672,10001.822406436002
96.87774120679693,3.1222587932030734,-0.17512886275322812,0.05874737758084998,2.8883825528689955,10002.888382552868
96.68826887423614,3.311731125763856,-0.18947031598816835,0.058674011634401876,3.063586798141286,10003.063586798142
95.97366247326646,4.026337526733542,-0.7146063472835066,0.05838915638911467,3.2533420230609207,10003.253342023061
95.58102459070142,4.418975409298582,-0.39263788129653693,0.05823240758942943,3.968105120412616,10003.968105120413
95.02319562585512,4.976804374144876,-0.5578289648339444,0.058009278157612906,4.36096613115332,10004.360966131153
95.90482222568531,4.095177774314692,0.8816265630147995,0.05836192768818532,4.918442409641306,10004.918442409642
96.37893727706542,3.6210627229345818,0.4741144329353521,0.058551535987875054,4.0366256198820585,10004.036625619881
97.0270039176485,2.9729960823515,0.6480183480276018,0.0588085945237547,3.5622058358553472,10003.562205835855
97.39674960883417,2.6032503911658296,0.36954870475373786,0.05894095571919744,2.9138581402003703,10002.9138581402
96.81889536732461,3.1811046326753853,-0.5778418455919637,0.05871146064311038,2.544551326440311,10002.54455132644
96.55160892384909,3.4483910761509122,-0.2672853984817962,0.05861990896800639,3.1224857687011096,10003.122485768701
96.80095552923974,3.1990444707602563,0.24934193004420824,0.058719724157892436,3.389666676646572,10003.389666676647
96.17944336496875,3.8205566350312523,-0.6215119856898679,0.058471228034658464,3.140573421306726,10003.140573421306
96.54154580714768,3.458454192852315,0.36210117495628885,0.058616508643226095,3.761938859165378,10003.761938859165
96.41933752607609,3.5806624739239084,-0.12220809609996883,0.058567589999559085,3.3998867878243804,10003.399886787824
96.22904750830031,3.7709524916996884,-0.1902899435279022,0.058491564044229095,3.522170984127557,10003.522170984128
96.59029896651847,3.409701033481525,0.36124979130086887,0.05863597457168847,3.7123148502107055,10003.71231485021
96.81672388359075,3.183276116409246,0.22642058633980905,0.05872599999982956,3.3509707027492257,10003.35097070275
96.63270549585555,3.3672945041444535,-0.18401730032992525,0.05865235641542593,3.1246248473991023,10003.1246248474
97.22495496161623,2.775045038383766,0.5921329095714041,0.05888406939258979,3.3082938785625804,10003.308293878563
96.6725674367334,3.3274325632665978,-0.5523834210862376,0.05866310389322269,2.7163860382871374,10002.716386038288
96.98689853133574,3.01310146866426,0.3143152231581661,0.05879307411123183,3.2686236177111945,10003.26862361771
97.2905422877804,2.709457712219603,0.3035613143484735,0.0589068185893624,2.954112207978714,10002.954112207979
97.13194306798708,2.8680569320129194,-0.15858125617786564,0.05884156508830081,2.6506341107467533,10002.650634110747
97.29904032542713,2.7009596745728714,0.16705069385280757,0.05890817592891951,2.8091021924967596,10002.809102192497
96.65956254383067,3.340437456169326,-0.6394737137373585,0.05865555996351753,2.6423081824684496,10002.642308182469
97.13144388550623,2.868556114493771,0.4718297263010212,0.058849204859303846,3.2815366359354883,10003.281536635935
97.03682979858117,2.9631702014188335,-0.09460812460407483,0.058809713192931046,2.809752363621828,10002.809752363622
96.7698583372747,3.230141662725302,-0.2669681620468892,0.05870575511593962,2.904467745562473,10002.904467745562
97.30635408889083,2.693645911109172,0.5363475804162806,0.05891411856033177,3.1710793729651208,10003.171079372965
96.94579773386938,3.0542022661306163,-0.3605435376192648,0.0587692527520877,2.634889475759264,10002.63488947576
96.22880637030121,3.771193629698786,-0.716991154713574,0.058490487888790535,2.995711987096421,10002.995711987096
95.44255625986732,4.557443740132683,-0.7862501100649734,0.0581770141499861,3.7130166159177236,10003.713016615919
95.74787899955993,4.25212100044007,0.30532273774053476,0.05829915140269694,4.499144586777907,10004.499144586778
95.10390048357847,4.896099516421529,-0.6439785159692085,0.05804156001047482,4.194079440441846,10004.194079440442
95.9875526121339,4.0124473878661036,0.8836520908066572,0.058395019814157005,4.837704458858603,10004.837704458858
94.94006079316839,5.059939206831615,-1.0474918189617817,0.05797602310044153,3.9544713647693914,10003.95447136477
95.79273295620216,4.207267043797842,0.8526721558287402,0.05831709293954553,5.001622106687036,10005.001622106687
95.8993254052701,4.100674594729895,0.10659244695970349,0.05835972934998026,4.1489073123396185,10004.14890731234
95.8504521517905,4.149547848209494,-0.04887325284493786,0.05834017991857175,4.042334415445984,10004.042334415446
95.57556327650308,4.424436723496925,-0.27488887494903486,0.058230224902965394,4.091317623644924,10004.091317623644
95.77682708598147,4.223172914018534,0.20126380812314584,0.05831073060554237,4.366125991536137,10004.366125991535
95.75782778817165,4.242172211828347,-0.0189992977033243,0.05830313076081444,4.1648697833642085,10004.164869783364
96.31626951365553,3.683730486344473,0.5584414775536448,0.05852649481510855,4.183645469083009,10004.183645469084
96.37426885153249,3.6257311484675085,0.057999299331994596,0.05854967549007826,3.6251807723094247,10003.62518077231
96.45063926863322,3.549360731366775,0.07637033103389942,0.058580203868852265,3.5671508585318223,10003.567150858531
96.26597416959002,3.7340258304099763,-0.18466504555913546,0.058506348756925175,3.4908544360939158,10003.490854436093
96.23708257209304,3.762917427906956,-0.0288915908832858,0.05849481805796212,3.675531018965708,10003.675531018966
96.39332697725415,3.606673022745852,0.15624429419926703,0.05855730363414617,3.704360013310973,10003.704360013311
95.528397591734,4.471602408265994,-0.8649293849689825,0.05821133866569033,3.5484616846313215,10003.548461684632
94.85201699980877,5.147983000191232,-0.6763805919246371,0.05794080678176545,4.413661601484829,10004.413661601486
95.22431026777815,4.775689732221849,0.3722932679561309,0.05808972410606903,5.089893276071911,10005.089893276072
95.31009857409852,4.689901425901482,0.08578830631365518,0.058124039426384506,4.717565692788753,10004.717565692788
95.21771971950346,4.782280280496536,-0.0923788545921568,0.05808708788467045,4.6318143380197085,10004.63181433802
95.2269674726001,4.773032527399906,0.00924775309632331,0.05809078698719464,4.7241894935090345,10004.724189493509
95.40157158951877,4.598428410481233,0.17460411688920857,0.05816062863002681,4.714871898740415,10004.714871898741
95.1305568544928,4.869443145507205,-0.27101473502268053,0.058052222736634636,4.54037618774789,10004.540376187748
94.74112450958243,5.258875490417566,-0.38943234491027845,0.057896449803481784,4.8115466957038056,10004.811546695704
94.83896273044027,5.161037269559728,0.09783822085778167,0.05793558509215366,5.200939905325355,10005.200939905326
94.3511828819681,5.6488171180319,-0.4877798484721711,0.05774047315277084,5.1032967964069575,10005.103296796407
94.55441150921209,5.445588490787912,0.2032286272439827,0.05782176460368407,5.590995353428211,10005.590995353428
93.7097285646131,6.290271435386899,-0.8446829445989863,0.05748389142584455,5.388104599362068,10005.388104599362
94.21939943356239,5.780600566437613,0.5096708689492855,0.05768775977342494,6.232583675613474,10006.232583675614
94.45437075263305,5.545629247366946,0.23497131907066499,0.05778174830105301,5.722818818136558,10005.722818818136
94.5819094750718,5.418090524928203,0.1275387224387394,0.057832763790027726,5.487796483576915,10005.487796483578
95.07303867492124,4.926961325078764,0.4911291998469664,0.058029215469824084,5.360061309455907,10005.360061309457
95.9112425970833,4.088757402916698,0.8382039125894429,0.05836449671008506,4.868596818796057,10004.868596818797
96.42537270254977,3.5746272974502347,0.5141297786053872,0.0585701303597648,4.030186945695856,10004.030186945696
95.49434893790479,4.505651062095211,-0.9310237643908087,0.058197721354021806,3.516429576350381,10003.51642957635
94.85250172842666,5.14749827157334,-0.6418472094778475,0.057941000683589795,4.447710061411903,10004.447710061411
94.54065472576617,5.459345274233826,-0.31184700266048115,0.057816261890293624,5.0896820096830515,10005.089682009682
94.55365250311623,5.446347496883774,0.012997777350051169,0.057821461001245675,5.40152381323258,10005.401523813232
94.81197211793372,5.1880278820662795,0.2583196148174295,0.05792478884716585,5.3884227080365426,10005.388422708036
94.45000489914676,5.549995100853238,-0.3619672187869567,0.05778000195965141,5.13024788010663,10005.130247880106
94.54301869556642,5.456981304433583,0.09301379641965359,0.05781720747822611,5.492177893375011,10005.492177893375
94.16736706043959,5.832632939560412,-0.37565163512682875,0.05766694682417549,5.399314357609407,10005.39931435761
93.8643523548146,6.135647645185401,-0.3030147056249888,0.05754574094192583,5.775087198618486,10005.775087198619
93.17103472513008,6.8289652748699154,-0.6933176296845147,0.05726841389005203,6.078379231295349,10006.078379231296
92.71877460280479,7.2812253971952146,-0.4522601223252991,0.05708750984112191,6.771877765028793,10006.771877765028
92.0605894783029,7.9394105216970985,-0.6581851245018839,0.056824235791321155,7.224401161403893,10007.224401161404
91.58830602359865,8.411693976401352,-0.4722834547042538,0.056635322409439456,7.882775199287659,10007.882775199289
92.09832367941524,7.901676320584755,0.510017655816597,0.05683932947176609,8.354854646929587,10008.35485464693
91.63863228648971,8.36136771351029,-0.45969139292553507,0.05665545291459588,7.84502086767016,10007.84502086767
92.9188718179456,7.0811281820544,1.2802395314558908,0.05716754872717824,8.304200164783111,10008.304200164783
93.16077296284463,6.839227037155368,0.2419011448990318,0.05726430918513785,7.023863872869262,10007.02386387287
93.25156825734094,6.748431742659065,0.09079529449630286,0.05730062730293636,6.7819264098524314,10006.781926409853
92.83065279536805,7.169347204631947,-0.4209154619728821,0.05713226111814722,6.691299481540918,10006.691299481541
93.17391632871168,6.826083671288316,0.3432635333436309,0.05726956653148467,7.1120776381004625,10007.112077638101
92.89166291177831,7.108337088221688,-0.28225341693337214,0.057156665164711316,6.768927006123604,10006.768927006124
92.95141241529569,7.048587584704308,0.05974950351738073,0.05718056496611827,7.05115652325557,10007.051156523255
94.2140858607632,5.7859141392367945,1.262673445467513,0.05768563434430528,6.990901950360002,10006.99090195036
94.16639564626814,5.833604353731857,-0.04769021449506283,0.05766655825850726,5.728247580978287,10005.728247580979
94.73850792433167,5.261492075668329,0.5721122780635001,0.057895403169731255,5.775708950562097,10005.775708950561
94.38804707383666,5.61195292616334,-0.35046085049501097,0.05775521882953324,5.203736856838796,10005.203736856838
94.37063942463973,5.629360575360266,-0.017407649196925935,0.05774825576985585,5.554204670393484,10005.554204670394
95.25551405378553,4.744485946214468,0.8848746291358229,0.05810220562119204,5.571258369729098,10005.57125836973
94.94126699362845,5.058733006371554,-0.31424706015696163,0.057976506797118965,4.686509439417473,10004.686509439418
95.85252985037845,4.1474701496215545,0.9112628538988423,0.058341011850169,5.000391991670227,10005.00039199167
96.21074110414682,3.7892588958531803,0.35821123075197414,0.05848429449678258,4.088985832108372,10004.088985832108
95.9259468906388,4.074053109361202,-0.28479421189339127,0.058370376744021686,3.7308885207237887,10003.730888520724
96.24620567137228,3.75379432862772,0.3202587545121617,0.05849847974079019,4.015554603399091,10004.015554603398
96.7408085106041,3.259191489395903,0.4946011754371651,0.05869622340010232,3.6950964414329657,10003.695096441434
97.05836642713139,2.9416335728686107,0.31754906756001855,0.05882243724323827,3.200360203185391,10003.200360203185
96.25844065876986,3.7415593412301433,-0.7999257007491958,0.05850256913061415,2.8831310713503338,10002.88313107135
95.8902470142918,4.109752985708198,-0.368193643144354,0.058356096270027295,3.6832032462938167,10003.683203246293
95.76523249704293,4.2347675029570695,-0.12501451710663258,0.0583060928620627,4.051446892988374,10004.051446892989
95.72766766998163,4.272332330018372,-0.03756482703195397,0.05829106701288046,4.176476435973538,10004.176476435974
96.04132391804471,3.9586760819552893,0.31365624412355997,0.058416529182823515,4.213915796896027,10004.213915796896
96.13131149811308,3.868688501886922,0.08998757769673964,0.05845252347695856,3.900223556106703,10003.900223556107
95.45712218778239,4.542877812217611,-0.6741893102950199,0.0581828481188645,3.8105056538037267,10003.810505653804
95.6485890945486,4.351410905451402,0.19146690670312744,0.05825943562684745,4.484618376527683,10004.484618376528
95.95688505886515,4.043114941134846,0.3082959626457147,0.05838275385804726,4.293028149922513,10004.293028149923
96.24040630445322,3.7595936955467835,0.28352122873560814,0.058496160649151856,3.9846187636332404,10003.984618763634
96.79017296055275,3.209827039447248,0.549764520884306,0.058715954682498364,3.7008756056490557,10003.70087560565
97.21651339239683,2.783486607603166,0.42631317389951384,0.05888462743206205,3.1509151540706175,10003.15091515407
97.45206747965457,2.5479325203454266,0.23549407876045075,0.058971509911477184,2.7244550891944,10002.724455089194
97.41603211471728,2.5839678852827177,-0.03602797769917738,0.058952976613468794,2.4889869309700714,10002.48898693097
96.56696709742305,3.4330329025769544,-0.8490644183482441,0.05862082754386606,2.525347656684844,10002.525347656685
96.78586647814959,3.214133521850414,0.21889862403557664,0.05871422573814384,3.374317920147847,10003.374317920148
96.89186361015273,3.1081363898472745,0.10599637492924156,0.05875643735124889,3.1553763274252673,10003.155376327426
97.03064503085561,2.9693549691443906,0.13877892954195076,0.058811527585597934,3.0493223711007436,10003.0493223711
96.3799086154322,3.6200913845678,-0.6507363173403774,0.05855144007509801,2.9108036271523248,10002.910803627152
95.83232568371824,4.1676743162817615,-0.547582931007871,0.05833292590308258,3.561758459370808,10003.561758459371
96.36572821107706,3.634271788922945,0.533402458769063,0.05854628752967784,4.10912796016233,10004.109127960162
96.3456369091893,3.6543630908107048,-0.02009129974199542,0.058538247960042276,3.575733543108667,10003.575733543108
96.6923120535295,3.3076879464704945,0.3466746084571046,0.05867687688389134,3.5956856780437074,10003.595685678043
96.70674088567176,3.2932591143282366,0.014428807790999016,0.05868260254507364,3.249005319574162,10003.249005319574
96.72190479564547,3.2780952043545284,0.015163881886581295,0.05868865920204271,3.234570427039067,10003.23457042704
97.20139391044135,2.798606089558646,0.4794659614805513,0.058879095469463245,3.2191929555697345,10003.21919295557
96.93738160596645,3.0626183940335494,-0.26401011166960375,0.05877330684451412,2.7398349755194316,10002.739834975519
96.98649894481942,3.0135010551805834,0.04911677676703825,0.058794024949477934,3.003823806998144,10003.003823806997
96.75048454314285,3.2495154568571536,-0.23601390091002658,0.05869980007664604,2.954801755870481,10002.95480175587
96.5291761352003,3.470823864799698,-0.22130832196735606,0.05861159776041365,3.1909039450719283,10003.190903945071
96.3720081888157,3.6279918111843017,-0.15716792943950883,0.05854878892666693,3.412275092818126,10003.412275092818
96.4848979190956,3.5151020809043985,0.11288970065692189,0.05859394845140162,3.5693978331099188,10003.56939783311
96.24174787965862,3.758252120341382,-0.24315003102407512,0.05849669057655041,3.456605398740756,10003.45660539874
96.88082464109507,3.1191753589049256,0.6390735852187737,0.058752184401234475,3.699496759722465,10003.699496759722
96.4251036312824,3.574896368717603,-0.45572094064408386,0.05856989329183017,3.060605534781689,10003.060605534782
96.33017764503464,3.669822354965362,-0.09492597981076614,0.05853206471209897,3.516364310442497,10003.516364310442
96.10717902112742,3.892820978872578,-0.22299862174942772,0.05844286937433702,3.6113794877488137,10003.61137948775
96.84291395423608,3.1570860457639185,0.7357323355888326,0.05873706272909759,3.8340813186236535,10003.834081318624
96.94328519157257,3.0567148084274294,0.10037052562734244,0.058777005178146186,3.0983083288766258,10003.098308328877
97.47192414981775,2.5280758501822476,0.5285277762349969,0.058982412300037694,2.9976212141172067,10002.997621214117
96.71173507492729,3.28826492507271,-0.7601881126482705,0.05867855525451404,2.4693982571699253,10002.46939825717
96.8479469294817,3.1520530705183063,0.13621139046669314,0.058739043003693585,3.2295254179813058,10003.22952541798
97.30310684605875,2.6968931539412466,0.4551268033660536,0.05891901962065111,3.093100937686649,10003.093100937687
97.3453102051065,2.6546897948934998,0.042199419269327215,0.05893327327861413,2.637955940884213,10002.637955940883
97.89349410564677,2.1065058943532335,0.5470983746965228,0.05909650081246818,2.594507768237288,10002.594507768237
97.62696201636442,2.3730379836355837,-0.26640468091702074,0.058978787519281636,2.0476545151992815,10002.0476545152
98.35482280126968,1.6451771987303232,0.7163411979532339,0.05886083660831859,2.3026575600752386,10002.302657560076
99.55376000736787,0.44623999263212966,0.5785643693217676,0.04389502473411047,0.9809093372197867,10000.98090933722
99.36355880504325,0.6364411949567454,-0.12288834440757963,0.033771618335898576,0.4797812322132672,10000.479781232214
99.13052265840892,0.8694773415910788,-0.18555187192857142,0.04306766302117313,0.6408578066413343,10000.640857806642
99.89277526506098,0.10722473493902385,0.09194560528317038,0.027497751246136997,0.17167258897605722,10000.171672588976
100.72785766789434,0.7278576678943409,-0.5961005541503621,0.018071067789815362,0.11368604595416344,10000.113686045954
100.45065877435981,0.45065877435980894,0.1367007687722734,0.0364624992318296,0.5508970439002527,10000.5508970439
100.22844520137599,0.22844520137599034,0.0590785708193696,0.022868139043777214,0.26465563315158275,10000.264655633151
100.07969908719116,0.07969908719115892,0.014443134550590002,0.010913512844876795,0.08322870889687213,10000.083228708896
99.37304950738327,0.6269504926167286,-0.4533764415864409,0.01635758153666083,0.1572164694936269,10000.157216469494
98.89307207879678,1.1069279212032228,-0.43056127511525477,0.04586936322141729,0.6304972828665507,10000.630497282866
98.37108035241846,1.6289196475815402,-0.5136746094080977,0.05583987249135391,1.0594051656820886,10001.059405165683
97.9738078034635,2.026192196536499,-0.39622820440413203,0.058643939917506174,1.5713200522148607,10001.571320052215
97.95589558720091,2.0441044127990864,-0.017869492394648908,0.05903501396018093,1.9671999064442567,10001.967199906445
98.0768852535516,1.9231147464484053,0.12047395823402475,0.05903516147740422,1.9845535432050256,10001.984553543205
98.88163529107887,1.1183647089211348,0.7258715616700804,0.05651861350481466,1.7877176570864006,10001.787717657086
98.36270382321749,1.6372961767825132,-0.5111618002479742,0.05601092361569654,1.0701234529188426,10001.070123452919
98.87431545109933,1.125684548900665,0.4628732372984967,0.05627984778712957,1.5322779384120322,10001.532277938411
98.7628621147692,1.2371378852307942,-0.10406589652710657,0.05471868461816792,1.0783533040855195,10001.078353304085
98.7371145833286,1.262885416671395,-0.02418810829652394,0.055737442446054,1.1829598659288172,10001.18295986593
99.08890556536124,0.9110944346387555,0.2896544394074847,0.052584541969288676,1.1481643320769515,10001.148164332077
98.50429789276022,1.4957021072397794,-0.5695524140458115,0.05342107285859134,0.8727286203353766,10000.872728620336
98.70302743766685,1.2969725623331527,0.18814125785871927,0.057140982742287,1.4279728374495848,10001.42797283745
98.78965189607115,1.210348103928851,0.08045351900994255,0.05582554195395852,1.234976080984835,10001.234976080985
99.04638438377184,0.9536156162281628,0.21675291805851113,0.05287461034365287,1.117493923943021,10001.117493923943
99.19744760994756,0.8025523900524405,0.11594561653031407,0.04812661586888086,0.8703713907138737,10000.870371390714
100.48945677682583,0.48945677682583266,-0.6924663390780019,0.0070789802837559045,-0.21008854253592515,9999.789911457465
100.15225635094008,0.15225635094007828,0.0618132128081383,0.021641520365209305,0.19242804338300726,10000.192428043383
99.87235833298904,0.12764166701096258,-0.041193867864247204,0.0011082968903897911,0.0853395022563256,10000.085339502257
99.54488790658996,0.4551120934100368,-0.16406106512087884,0.019447614020094147,0.2716034142690638,10000.271603414269
99.25388057657196,0.7461194234280413,-0.21382662706898234,0.03694589159715636,0.4953469047619026,10000.495346904761
98.92101019080035,1.0789898091996548,-0.2976652677243428,0.048559049284214104,0.732765492191098,10000.732765492192
99.5428579179513,0.4571420820487049,0.313437197888765,0.0418480490570803,0.7287312308803896,10000.72873123088
100.29089980901733,0.2908998090173327,-0.25448884790654114,0.0049875290466028215,0.03142343206418874,10000.031423432065
99.98966455060051,0.010335449399491381,-0.002522882634801551,0.009955984867967099,-0.002143418103277268,9999.997856581896
99.55197695298959,0.44802304701040896,-0.21728325864243583,0.015166045810797116,0.215573742557176,10000.215573742556
99.79962536551675,0.20037463448325354,0.057698461238147494,0.021878826756453962,0.23619426896494705,10000.236194268966
99.5095799641043,0.4904200358956956,-0.15578615059558099,0.023087630665217997,0.3115462546348966,10000.311546254636
99.84207885484662,0.15792114515338085,0.061212095336981374,0.021633616379827778,0.19749962411053446,10000.19749962411
99.9489131155801,0.05108688441990239,0.006129799144643037,0.007250732287877975,0.049965951276667454,10000.049965951277
99.15363102178199,0.8463689782180097,-0.6347086673151504,0.025616137257030453,0.18604417364582884,10000.186044173646
99.96563795162486,0.03436204837514367,0.030357983031190687,0.02506262529764694,0.039657406108687426,10000.039657406109
100.91631156277845,0.9163115627784464,-0.7919864561353803,0.024272779714606525,0.10005232692845954,10000.100052326929
100.59090611520796,0.5909061152079573,0.20480042065648568,0.04425090914903264,0.7514556267154104,10000.751455626716
100.38556806836161,0.3855680683616072,0.0909233433797057,0.03236618100642347,0.4441252307348894,10000.444125230735
100.53692345594547,0.5369234559454696,-0.08858191583987723,0.031114663642247332,0.41722687646334505,10000.417226876463
100.71429659251552,0.7142965925155238,-0.12794777189440293,0.039621025961485916,0.5467277946596351,10000.54672779466
101.06446261360664,1.0644626136066364,-0.3126064502946402,0.0491509098163489,0.7027052534956473,10000.702705253496
102.14089945060448,2.140899450604479,-1.0750572607159143,0.05838669134151246,1.0074554985470523,10001.007455498548
102.04568402115284,2.0456840211528373,0.09501913055431353,0.06153419816590783,2.079168953541243,10002.079168953542
101.61723552824856,1.6172355282485569,0.42222837140982244,0.06078836226973019,1.978675537388649,10001.978675537388
100.8811885351712,0.881188535171205,0.6033875830392528,0.05481096626269475,1.429765151947763,10001.429765151948
100.49330373850638,0.4933037385063841,0.21311096645236902,0.04137686640674521,0.6650378385520079,10000.665037838551
100.4757558874723,0.47575588747230313,0.009364958455402523,0.03274272086943546,0.4523781250582702,10000.45237812506
101.43057516793851,1.430575167938514,-0.9263319164240191,0.04604690044762863,0.4581963510668662,10000.458196351066
101.15424063886806,1.1542406388680604,0.25455310371208084,0.057626026771674776,1.3511677158084663,10001.351167715808
101.27361518371609,1.273615183716089,-0.11311294307016301,0.05703045123072815,1.1034717894151977,10001.103471789414
101.26484586077528,1.2648458607752815,0.00829690231047096,0.057781770015589776,1.2153609930701625,10001.21536099307
101.90109292486393,1.9010929248639314,-0.6337855524669885,0.059755720369271105,1.2075516520276717,10001.207551652027
103.26729573799844,3.267295737998438,-1.3662017035643537,0.06249395532517981,1.8386000791089048,10001.838600079109
102.97876161174688,2.978761611746876,0.28853223466132316,0.062382781664544196,3.204911064743655,10003.204911064744
102.7134588790877,2.713458879087696,0.2652924867133481,0.06216937505783059,2.9165819907432136,10002.916581990743
103.28026701803499,3.2802670180349907,-0.566807749520115,0.06262299572688965,2.650836272787986,10002.650836272787
103.65210814350192,3.65210814350192,-0.3718411130212071,0.06292166410966936,3.2173453663710436,10003.21734536637
104.66587589290168,4.665875892901681,-1.0137677493976014,0.06373269966328753,3.588375443840792,10003.58837544384
104.98848483650609,4.988484836506089,-0.3226089436043881,0.06399078786913584,4.601885105032565,10004.601885105032
104.78985905316118,4.78985905316118,0.19862578334480624,0.06383188724251079,4.924652949263476,10004.924652949263
105.11657672982555,5.116576729825553,-0.3267176766643687,0.06409326138384376,4.725765791777341,10004.725765791778
105.73260703359392,5.732607033593922,-0.616030303768369,0.06458608562687472,5.051990644198678,10005.051990644199
106.1908147339143,6.190814733914294,-0.45820770032037217,0.06495265178713143,5.66765438180679,10005.667654381807
106.4750990217311,6.475099021731097,-0.2842842878168028,0.06518007921738488,6.12563465469691,10006.125634654696
107.07536980078567,7.075369800785666,-0.6002707790545685,0.06566029584062853,6.409438725890468,10006.40943872589
107.73727969518812,7.737279695188121,-0.6619098944024557,0.0661898237561505,7.009179977029515,10007.009179977029
108.52496598488337,8.524965984883366,-0.7876862896952446,0.06681997278790669,7.6704597224002145,10007.6704597224
108.89664388840585,8.896643888405848,-0.37167790352248176,0.06711731511072466,8.457848669772641,10008.457848669772
108.8007669606788,8.8007669606788,0.0958769277270477,0.06704061356854303,8.829603274837305,10008.829603274837
108.88492545702495,8.884925457024949,-0.08415849634614858,0.06710794036561996,8.73365902031318,10008.733659020314
109.57951142658182,9.579511426581817,-0.6945859695568686,0.06766360914126544,8.817261847883684,10008.817261847884
109.10871282691876,9.108712826918762,0.4707985996630555,0.067286970261535,9.512224456320283,10009.51222445632
109.32092163436961,9.320921634369611,-0.2122088074508497,0.06745673730749568,9.041256089611267,10009.041256089611
109.09452150029017,9.09452150029017,0.22640013407944082,0.06727561720023213,9.253646017169379,10009.253646017169
109.11104627677398,9.111046276773976,-0.01652477648380568,0.06728883702141918,9.027232663268752,10009.02723266327
109.84871839149568,9.84871839149568,-0.737672114721704,0.06787897471319654,9.04316730206078,10009.043167302061
109.95940744966582,9.959407449665818,-0.11068905817013786,0.06796752595973266,9.780750865535948,10009.780750865535
109.98631827209012,9.986318272090116,-0.02691082242429843,0.06798905461767209,9.891418395048145,10009.891418395047
109.20085245718214,9.200852457182137,0.7854658149079796,0.0673606819657457,9.918957590124371,10009.918957590124
109.6311920929512,9.631192092951196,-0.43033963576905876,0.06770495367436095,9.133147503507775,10009.133147503508
110.00478841242204,10.004788412422045,-0.3735963194708489,0.06800383072993764,9.563188262221258,10009.563188262222
111.26616473208945,11.26616473208945,-1.2613763196674057,0.06901293178567156,9.935775480636373,10009.935775480637
111.08581823391724,11.085818233917237,0.18034649817221293,0.06886865458713379,11.197296077502317,10011.197296077502
111.2141948938416,11.214194893841594,-0.12837665992435632,0.06897135591507327,11.016846878002164,10011.016846878003
111.36046309580736,11.360463095807361,-0.14626820196576773,0.06908837047664589,11.145106523364948,10011.145106523365
112.29015893873886,12.290158938738855,-0.9296958429314941,0.06983212715099107,11.29063096865637,10011.290630968657
112.23377094007316,12.233770940073157,0.05638799866569855,0.06978701675205852,12.220371921986796,10012.220371921987
112.39893600265265,12.398936002652647,-0.16516506257949004,0.06991914880212212,12.163851791271036,10012.16385179127
112.75962372424235,12.759623724242346,-0.36068772158969864,0.07020769897939387,12.328728303673254,10012.328728303673
112.87057494535924,12.870574945359238,-0.11095122111689193,0.07029645995628739,12.689327264286058,10012.689327264286
112.60530836949812,12.605308369498118,0.26526657586111924,0.07008424669559848,12.800490698663639,10012.800490698664
112.72055196846395,12.720551968463951,-0.11524359896583292,0.07017644157477115,12.535131927923347,10012.535131927923
113.36018900320175,13.360189003201754,-0.6396370347378024,0.07068815120256139,12.649863817261389,10012.649863817262
112.74853828783012,12.748538287830115,0.6116507153716384,0.0701988306302641,13.289990172571489,10013.289990172572
112.82757720367866,12.827577203678658,-0.0790389158485425,0.07026206176294292,12.678276226067172,10012.678276226066
112.41201079580092,12.412010795800924,0.41556640787773347,0.06992960863664073,12.757647595042018,10012.757647595043
113.1222622066804,13.122262206680404,-0.7102514108794793,0.07049780976534431,12.34151298603558,10012.341512986035
112.21775923135888,12.217759231358883,0.9045029753215204,0.0697742073850871,13.052487999295316,10013.052487999295
111.88767293482044,11.887672934820444,0.3300862965384397,0.06951013834785635,12.148249093011026,10012.14824909301
112.11033172262923,12.110331722629226,-0.22265878780878268,0.06968826537810337,11.81798466944234,10011.817984669442
113.03918056549904,13.039180565499038,-0.9288488428698116,0.07043134445239922,12.039900378176826,10012.039900378177
113.00001111696783,13.000011116967826,0.039169448531211515,0.07040000889357426,12.968780556605463,10012.968780556606
112.66983421692531,12.66983421692531,0.33017690004251676,0.07013586737354024,12.929875249594286,10012.929875249594
113.7924586652058,13.7924586652058,-1.1226244482804901,0.07103396693216463,12.598800249993145,10012.598800249993
112.92732948609031,12.927329486090315,0.8651291791154847,0.07034186358887225,13.722116801616927,10013.722116801617
111.62619527908993,11.626195279089927,1.3011342070003877,0.06930095622327193,12.858028529867044,10012.858028529867
111.88536149425966,11.885361494259655,-0.2591662151697278,0.06950828919540772,11.55668698989452,10011.556686989894
111.58969344405236,11.589693444052358,0.29566805020729703,0.06927175475524189,11.816089739504413,10011.816089739505
110.99068574715388,10.990685747153876,0.5990076968984823,0.0687925485977231,11.520900895454634,10011.520900895455
111.40582486881844,11.405824868818442,-0.41513912166456635,0.06912465989505474,10.921561087258821,10010.921561087258
111.54906274023027,11.54906274023027,-0.1432378714118272,0.0692392501921842,11.336585618626257,10011.336585618626
111.21792060868417,11.217920608684167,0.33114213154610184,0.06897433648694733,11.480088403743322,10011.480088403743
110.46996685343007,10.469966853430066,0.7479537552541018,0.06837597348274405,11.149544635201423,10011.149544635202
110.97910127790058,10.979101277900583,-0.5091344244705169,0.06878328102232045,10.401183572407746,10010.401183572409
111.3600594034389,11.360059403438896,-0.38095812553831365,0.0690880475227511,10.910013230377832,10010.910013230377
111.30186219316201,11.301862193162009,0.05819721027688729,0.0690414897545296,11.291017913684367,10011.291017913685
112.3904065772414,12.390406577241393,-1.088544384079384,0.06991232526179311,11.231949867900216,10011.2319498679
111.75832230788552,11.758322307885521,0.6320842693558717,0.06940665784630841,12.320999919395085,10012.320999919395
110.8633588629576,10.863358862957597,0.8949634449279245,0.06869068709036608,11.689631620795154,10011.689631620795
110.45980820758645,10.459808207586448,0.40355065537114854,0.06836784656606915,10.794991016391528,10010.794991016392
110.43326820392683,10.43326820392683,0.02654000365961906,0.06834661456314145,10.391461593023307,10010.391461593023
110.57498681288713,10.574986812887133,-0.14171860896030353,0.0684599894503097,10.36480821447652,10010.364808214477
110.43448408872219,10.434484088722186,0.14050272416494636,0.06834758727097774,10.506639225616155,10010.506639225616
110.63958073727306,10.639580737273064,-0.20509664855087806,0.06851166458981844,10.365972424132368,10010.365972424132
109.91217832924075,9.912178329240746,0.7274024080323187,0.06792974266339259,10.571650994609671,10010.57165099461
110.75171983572616,10.751719835726163,-0.8395415064854177,0.06860137586858094,9.843576953372164,10009.843576953372
110.70377332539962,10.703773325399624,0.04794651032653974,0.0685630186603197,10.683156817065843,10010.683156817066
111.35758983785817,11.357589837858171,-0.6538165124585475,0.06908607187028654,10.634687253529338,10010.634687253529
111.55891496191485,11.558914961914851,-0.20132512405668024,0.06924713196953187,11.28834270588864,10011.288342705888
111.82779010109591,11.827790101095914,-0.26887513918106265,0.06946223208087672,11.489452729833975,10011.489452729835
112.1641024024064,12.1641024024064,-0.3363123013104854,0.06973128192192511,11.75805881917399,10011.758058819174
112.42907657178391,12.42907657178391,-0.26497416937750984,0.06994326125742711,12.094159141148973,10012.094159141148
112.81056554471884,12.810565544718841,-0.3814889729349318,0.07024845243577507,12.358828119348134,10012.358828119348
113.60360181336586,13.603601813365856,-0.7930362686470147,0.07088288145069267,12.739682663268148,10012.739682663268
113.72132424586255,13.721324245862547,-0.11772243249669145,0.07097705939669002,13.532624753969166,10013.532624753969
114.14706621723076,14.147066217230758,-0.4257419713682111,0.0713176529737846,13.650006592888763,10013.650006592889
114.0930889594873,14.093088959487304,0.05397725774345474,0.07127447116758984,14.07579174606317,10014.075791746063
114.96235549800555,14.96235549800555,-0.8692665385182465,0.07196988439840445,14.0211190750889,10014.021119075089
114.55325143883223,14.553251438832234,0.40910405917331616,0.07164260115106579,14.890712896854485,10014.890712896855
115.64573905593794,15.645739055937938,-1.0924876171057036,0.07251659124475035,14.480734847587483,10014.480734847588
115.62126073093273,15.621260730932732,0.024478325005205193,0.07249700858474617,15.573242047353192,10015.573242047352
114.75265327480875,14.75265327480875,0.868607456123982,0.07180212261984699,15.549458608312886,10015.549458608313
114.83015258242332,14.830152582423324,-0.07749930761457335,0.07186412206593866,14.680789152742811,10014.680789152742
114.41870916934253,14.418709169342534,0.41144341308078936,0.07153496733547403,14.75861761508785,10014.758617615087
114.92677080210719,14.926770802107185,-0.508061632764651,0.07194141664168574,14.346767752700849,10014.3467677527
114.53213992376858,14.532139923768582,0.394630878338603,0.07162571193901486,14.85514509016817,10014.855145090169
114.26311902910302,14.263119029103024,0.2690208946655588,0.07141049522328241,14.4607294285453,10014.460729428545
113.13084380306175,13.130843803061751,1.1322752260412727,0.0705046750424494,14.192614354060574,10014.19261435406
112.86147221975314,12.86147221975314,0.26937158330861166,0.0702891777758025,13.060554625285949,10013.060554625286
111.42883694669604,11.428836946696038,1.4326352730571017,0.06914306955735683,12.792329150195782,10012.792329150196
110.50250769083445,10.502507690834449,0.9263292558615888,0.06840200615266756,11.36043494054337,10011.360434940543
110.94625712064243,10.946257120642429,-0.4437494298079798,0.06875700569651394,10.433750685137936,10010.433750685137
111.40669301026347,11.406693010263467,-0.46043588962103854,0.06912535440821077,10.877131766234218,10010.877131766234
111.6567827910973,11.6567827910973,-0.25008978083383226,0.06932542623287784,11.33736758403059,10011.33736758403
111.08917723503093,11.089177235030931,0.5676055560663684,0.06887134178802473,11.587911449309274,10011.58791144931
111.06124195171073,11.061241951710727,0.027935283320204007,0.06884899356136857,11.020328241469562,10011.02032824147
111.05912903879558,11.059129038795575,0.00211291291515181,0.06884730323103645,10.99239464847969,10010.99239464848
110.38316129097707,10.383161290977071,0.675967747818504,0.06830652903278166,10.990822509762793,10010.990822509762
111.26126391077659,11.261263910776592,-0.8781026197995203,0.06900901112862128,10.31415227984845,10010.314152279849
111.77693482355306,11.776934823553063,-0.5156709127764714,0.06942154785884246,11.191842362917749,10011.191842362918
111.64683279457661,11.64683279457661,0.1301020289764523,0.06931746623566128,11.707617357317401,10011.707617357317
111.66265013188028,11.662650131880284,-0.015817337303673185,0.06933012010550421,11.577502674471106,10011.57750267447
111.78534943177674,11.785349431776737,-0.12269929989645334,0.06942827954542138,11.593221852334862,10011.593221852334
110.58888469502313,10.588884695023125,1.1964647367536116,0.0684711077560185,11.716878324020719,10011.716878324021
110.44490583736875,10.44490583736875,0.1439788576543748,0.06835592466989499,10.52052877035323,10010.520528770354
110.04863411922223,10.048634119222228,0.3962717181465223,0.06803890729537777,10.376866930073373,10010.376866930073
109.46921384029487,9.46921384029487,0.5794202789273584,0.06757537107223589,9.981058748149993,10009.98105874815
109.30714800392316,9.30714800392316,0.1620658363717098,0.06744571840313852,9.401768121891731,10009.401768121892
110.34771140700472,10.347711407004724,-1.0405634030815634,0.06827816912560378,9.238869834797557,10009.238869834797
110.72104096869408,10.721040968694084,-0.37332956168935993,0.06857683277495526,10.279134574229769,10010.27913457423
110.38822583951375,10.388225839513751,0.3328151291803323,0.068310580671611,10.652730388022473,10010.652730388023
110.7218517658593,10.721851765859299,-0.33362592634554744,0.06857748141268744,10.319648358101064,10010.319648358101
111.54146769429578,11.541467694295775,-0.8196159284364768,0.06923317415543662,10.652618591703861,10010.652618591705
112.08635924253056,12.086359242530563,-0.5448915482347871,0.06966908739402444,11.471798606901752,10011.4717986069
112.12158699167942,12.121586991679422,-0.03522774914885929,0.06969726959334353,12.01666197293722,10012.016661972937
111.73993770287535,11.739937702875352,0.3816492888040699,0.06939195016230028,12.052195041517122,10012.052195041517
112.1518894782576,12.151889478257601,-0.41195177538224925,0.06972151158260607,11.670216191292745,10011.670216191293
112.38471276571676,12.384712765716756,-0.23282328745915493,0.0699077702125734,12.081981708045028,10012.081981708045
112.91620166652328,12.916201666523278,-0.5314889008065222,0.07033296133321862,12.314379804383538,10012.314379804384
113.29483463982868,13.294834639828679,-0.37863297330540036,0.07063586771186293,12.845565798811416,10012.84556579881
113.92327181058803,13.923271810588034,-0.628437170759355,0.07113861744847043,13.223696022380208,10013.22369602238
113.6023499618283,13.602349961828295,0.3209218487597383,0.07088187996946263,13.852389930618571,10013.852389930618
114.39386282148388,14.393862821483879,-0.7915128596555832,0.0715150902571871,13.530834871571109,10013.530834871572
114.51305504016653,14.513055040166535,-0.11919221868265595,0.07161044403213322,14.322252377451745,10014.322252377451
115.77242162904807,15.772421629048068,-1.2593665888815337,0.07261793730323846,14.440437102863296,10014.440437102863
115.35265542720279,15.35265542720279,0.41976620184527746,0.07228212434176223,15.700139504706305,10015.700139504706
116.41289368645712,16.412893686457124,-1.0602382592543336,0.07313031494916569,15.279525112253625,10015.279525112253
116.53438074888054,16.534380748880537,-0.12148706242341234,0.07322750459910442,16.33966618185802,10016.339666181859
116.13496788210486,16.13496788210486,0.3994128667756769,0.07290797430568388,16.461472774574855,10016.461472774576
115.83916157326397,15.839161573263965,0.29580630884089487,0.07267132925861117,16.06229655284625,10016.062296552846
115.64374184888865,15.643741848888652,0.19541972437531285,0.07251499347911092,15.766646579784855,10015.766646579785
115.90255411148507,15.902554111485074,-0.25881226259642176,0.07272204328918806,15.571019805599464,10015.5710198056
116.22236948742504,16.22236948742504,-0.31981537593996734,0.07297789558994003,15.829576215895134,10015.829576215896
115.87147839257514,15.871478392575142,0.35089109484989933,0.0726971827140601,16.149672304710982,10016.149672304711
115.85660169785864,15.856601697858636,0.014876694716505767,0.0726852813582869,15.798793111216854,10015.798793111217
117.17211853764391,17.17211853764391,-1.3155168397852748,0.07373769483011512,15.782864003028521,10015.78286400303
118.24383213456076,18.243832134560762,-1.071713596916851,0.07459506570764861,17.097523471936263,10017.097523471937
118.5160573241807,18.516057324180693,-0.27222518961993103,0.07481284585934454,18.169019288701417,10018.169019288702
118.53979349281299,18.53979349281299,-0.023736168632296994,0.07483183479425039,18.441225489386444,10018.441225489387
118.61480344392757,18.61480344392757,-0.07500995111458053,0.07489184275514205,18.464901650057847,10018.464901650057
118.9989634732055,18.998963473205507,-0.38416002927793613,0.0751991707785644,18.539604273149006,10018.539604273148
118.35921021137598,18.35921021137598,0.6397532618295259,0.07468736816910078,18.924276105036405,10018.924276105037
118.19876108444961,18.198761084449615,0.16044912692636615,0.07455900886755969,18.28465120250842,10018.284651202508
117.16384915770747,17.163849157707475,1.03491192674214,0.07373107932616597,18.12503000512345,10018.125030005123
117.4106275990805,17.4106275990805,-0.2467784413730243,0.0739285020792644,17.08992065562821,10017.089920655628
117.81179719915751,17.81179719915751,-0.4011696000770115,0.074249437759326,17.33637816132117,10017.33637816132
117.51215300428268,17.51215300428268,0.29964419487482985,0.07400972240342614,17.737787476754086,10017.737787476754
118.49104152866043,18.491041528660432,-0.9788885243777514,0.07479283322292835,17.43736017105975,10017.43736017106
117.72801056080992,17.72801056080992,0.7630309678505114,0.07418240844864793,18.416859120211782,10018.416859120212
116.82288652288295,16.822886522882953,0.9051240379269672,0.07345830921830636,17.654552251591614,10017.654552251592
116.9611612454813,16.961161245481307,-0.1382747225983536,0.07356892899638505,16.74931759388657,10016.749317593887
117.60841385027274,17.60841385027274,-0.6472526047914329,0.07408673108021818,16.88707451440109,10016.887074514401
118.65683878934664,18.656838789346637,-1.0484249390738967,0.0749254710314773,17.533488379241263,10017.533488379242
118.37020564295085,18.37020564295085,0.2866331463957863,0.07469616451436067,18.582142624832276,10018.582142624833
119.0450697181393,19.045069718139302,-0.6748640751884523,0.07523605577451144,18.29496958717634,10018.294969587176
119.0209065760224,19.020906576022398,0.024163142116904623,0.07521672526081791,18.969852992878483,10018.96985299288
118.91266303107035,18.912663031070352,0.10824354495204602,0.07513013042485628,18.94577644559754,10018.945776445598
119.46776170642876,19.46776170642876,-0.5550986753584084,0.075574209365143,18.83708882170521,10018.837088821705
119.87919939206968,19.87919939206968,-0.4114376856409194,0.07590335951365573,19.391858346915104,10019.391858346915
118.88732667988916,18.887326679889156,0.9918727121805233,0.07510986134391133,19.80408953072577,10019.804089530726
119.81611865587212,19.816118655872117,-0.9287919759829606,0.0758528949246977,18.81147378496446,10018.811473784965
120.69080024813003,20.69080024813003,-0.8746815922579145,0.07655264019850402,19.739566015673613,10019.739566015674
120.29353277620191,20.293532776201914,0.3972674719281173,0.07623482622096152,20.61456542190907,10020.614565421909
120.54473059412207,20.544730594122072,-0.2511978179201577,0.07643578447529764,20.217096991726617,10020.217096991726
120.85900546906198,20.859005469061984,-0.3142748749399118,0.07668720437524958,20.46804338974682,10020.468043389747
121.02515972626584,21.02515972626584,-0.16615425720385701,0.07682012778101266,20.78218534128097,10020.78218534128
120.6746468265247,20.674646826524693,0.3505128997411475,0.07653971746121975,20.94862000880462,10020.948620008805
120.24823739618418,20.24823739618418,0.42640943034051304,0.07619858991694733,20.598448236607744,10020.598448236608
120.2320386847909,20.232038684790894,0.016198711393286658,0.0761856309478327,20.172051765236347,10020.172051765236
120.9774685741958,20.977468574195797,-0.7454298894049032,0.07678197485935663,20.155256709931535,10020.155256709932
121.32456436185666,21.32456436185666,-0.34709578766086224,0.07705965148948532,20.900408922706312,10020.900408922706
121.08780670721583,21.087806707215833,0.23675765464082588,0.07687024536577267,21.247694116490887,10021.247694116491
121.5812944450048,21.5812944450048,-0.4934877377889677,0.07726503555600384,21.01054167165983,10021.01054167166
119.76960673018111,19.76960673018111,1.811687714823691,0.07581568538414489,21.505478759620654,10021.50547875962
120.49695011675877,20.496950116758768,-0.7273433865776582,0.07639756009340701,19.6932091700877,10019.693209170087
119.39714719000538,19.397147190005384,1.0998029267533838,0.0755177177520043,20.421432399006765,10020.421432399007
119.16928418545494,19.16928418545494,0.22786300455044284,0.07533542734836395,19.32181176265702,10019.321811762657
118.46811137484178,18.468111374841783,0.7011728106131585,0.07477448909987343,19.09450969635507,10019.094509696355
117.6624831465735,17.662483146573507,0.8056282282682758,0.0741299865172588,18.393981388324523,10018.393981388324
118.38455545059723,18.384555450597233,-0.722072304023726,0.07470764436047778,17.58777550221303,10017.587775502214
118.09309220864024,18.093092208640243,0.2914632419569898,0.07447447376691219,18.31008097683032,10018.310080976831
118.30895060802379,18.308950608023792,-0.21585839938354923,0.07464716048641902,18.018445048153826,10018.018445048154
118.27969274917152,18.279692749171517,0.02925785885227583,0.0746237541993372,18.234326853824456,10018.234326853824
118.57744428174526,18.577444281745258,-0.29775153257374143,0.0748619554253962,18.20483079374612,10018.204830793746
118.62545996378574,18.625459963785744,-0.048015682040485785,0.0749003679710286,18.50254391377423,10018.502543913773
117.8260204794266,17.826020479426603,0.7994394843591408,0.07426081638354128,18.5511991474022,10018.551199147401
118.4463224727704,18.446322472770404,-0.6203019933438014,0.07475705797821632,17.751263421448385,10017.751263421449
118.13848280663912,18.138482806639118,0.30783966613128655,0.07451078624531128,18.371811686525092,10018.371811686526
117.17324600007967,17.173246000079672,0.9652368065594459,0.07373859680006373,18.064744209839056,10018.06474420984
116.90915400859329,16.90915400859329,0.2640919914863815,0.07352732320687462,17.099718676872797,10017.099718676873
117.83753249004272,17.83753249004272,-0.9283784814494283,0.07427002599203418,16.834883982601255,10016.834883982601
118.36675015165265,18.366750151652653,-0.529217661609934,0.07469340012132213,17.762839089921396,10017.76283908992
118.14943961294844,18.14943961294844,0.21731053870421135,0.07451955169035875,18.292230599962295,10018.292230599962
117.93215163971252,17.932151639712515,0.2172879732359263,0.07434572131177002,18.075093891636673,10018.075093891637
117.73240200538172,17.732402005381715,0.19974963433080006,0.07418592160430537,17.85796571810821,10017.857965718109
119.0281065334253,19.0281065334253,-1.2957045280435864,0.07522248522674023,17.657179520154976,10017.657179520154
119.26794412276686,19.267944122766863,-0.23983758934156185,0.07541435529821348,18.952692178127087,10018.952692178127
119.53856917191969,19.53856917191969,-0.2706250491528266,0.07563085533753575,19.192313267429327,10019.19231326743
120.18943301770702,20.189433017707017,-0.6508638457873275,0.0761515464141656,19.462417625505523,10019.462417625506
120.34078561362675,20.34078561362675,-0.15135259591973238,0.07627262849090138,20.113160389216116,10020.113160389215
120.17659526183296,20.176595261832958,0.16419035179379193,0.07614127620946635,20.264644337417284,10020.264644337418
120.05228974244095,20.052289742440948,0.12430551939200996,0.07604183179395275,20.100553430039007,10020.100553430038
120.00698939756533,20.006989397565334,0.04530034487561352,0.07600559151805225,19.976284150922897,10019.976284150924
119.9834443802336,19.983444380233607,0.023545017331727536,0.07598675550418688,19.93100264206115,10019.93100264206
120.44445307222342,20.444453072223425,-0.461008691989818,0.07635556245777873,19.90708881777583,10019.907088817776
120.47742816665834,20.477428166658342,-0.032975094434917196,0.07638194253332667,20.368071129690097,10020.36807112969
120.94352869138758,20.943528691387584,-0.46610052472924224,0.07675482295311006,20.400673343705233,10020.400673343705
120.89208401581266,20.892084015812657,0.0514446755749276,0.07671366721265012,20.866815024174933,10020.866815024176
120.94219279730434,20.942192797304344,-0.05010878149168718,0.07675375423784347,20.815330261574815,10020.815330261576
119.67517598079237,19.675175980792375,1.267016816511969,0.0757401407846339,20.86645265651971,10020.866452656519
120.25453709221811,20.254537092218115,-0.5793611114257402,0.07620362967377448,19.5989723511186,10019.59897235112
120.47433654213549,20.47433654213549,-0.21979944991737455,0.07637946923370839,20.178157622984408,10020.178157622984
121.1096934950296,21.109693495029603,-0.6353569528941136,0.07688775479602367,20.397448787339467,10020.39744878734
119.27503546132625,19.275035461326254,1.8346580337033487,0.07542002836906099,21.034273466660544,10021.034273466661
120.59510707427197,20.595107074271965,-1.3200716129457106,0.07647608565941756,19.198559375666836,10019.198559375667
120.50641308307108,20.50641308307108,0.08869399120088417,0.07640513046645686,20.518701943805507,10020.518701943805
121.2123020452474,21.212302045247398,-0.7058889621763171,0.07696984163619791,20.429443241434882,10020.429443241435
120.54977608131946,20.549776081319465,0.6625259639279335,0.07643982086505556,21.135862224382343,10021.135862224382
120.93972866756847,20.939728667568474,-0.3899525862490094,0.07675178293405477,20.47302429838541,10020.473024298386
120.27012876102381,20.270128761023813,0.6695999065446614,0.07621610300881904,20.863512564559656,10020.86351256456
119.87537925485607,19.87537925485607,0.3947495061677415,0.07590030340388486,20.19422845761993,10020.19422845762
121.09077731341942,21.090777313419423,-1.215398058563352,0.07687262185073553,19.798506633005335,10019.798506633006
120.9691395066435,20.9691395066435,0.12163780677592229,0.0767753116053148,21.01400200181411,10021.014002001813
121.10784161003055,21.107841610030547,-0.1387021033870468,0.07688627328802443,20.892253233355476,10020.892253233356
121.66447162747353,21.66447162747353,-0.5566300174429841,0.07733157730197882,21.030510032728568,10021.030510032728
121.98272768776842,21.982727687768417,-0.3182560602948854,0.07758618215021473,21.58688544532332,10021.586885445324
122.07946653545292,22.079466535452923,-0.09673884768450591,0.07766357322836233,21.905064114540053,10021.90506411454
122.31450937391237,22.314509373912372,-0.2350428384594494,0.0778516074991299,22.001614927953792,10022.001614927955
123.87373091164045,23.87373091164045,-1.559221537728078,0.07909898472931236,22.23541038918306,10022.235410389183
123.83611423829026,23.836114238290264,0.03761667335018615,0.07906889139063221,23.794662020249817,10023.79466202025
123.9674311667236,23.9674311667236,-0.13131692843333553,0.07917394493337887,23.756940293356884,10023.756940293357
124.65579215168978,24.65579215168978,-0.6883609849661809,0.07972463372135181,23.887706533002248,10023.887706533002
125.38423111301647,25.38423111301647,-0.7284389613266882,0.08030738489041317,24.575484766799367,10024.5754847668
126.17111393373052,26.171113933730524,-0.7868828207140552,0.08093689114698442,25.303294221869486,10025.303294221869
126.59656779241939,26.596567792419393,-0.42545385868886854,0.0812772542339355,26.08983667949659,10026.089836679497
125.83621695730525,25.836216957305254,0.7603508351141386,0.0806689735658442,26.515898818853547,10026.515898818854
126.92420511277977,26.924205112779774,-1.0879881554745197,0.08153936409022382,25.754677593215032,10025.754677593215
126.159665286154,26.159665286153995,0.7645398266257786,0.08092773222892319,26.84327738055085,10026.84327738055
126.36104938511019,26.361049385110192,-0.20138409895619702,0.08108883950808815,26.078576446645908,10026.078576446645
125.85970823857629,25.85970823857629,0.5013411465339033,0.08068776659086102,26.280361618519333,10026.28036161852
125.8171652011676,25.817165201167597,0.042543037408691475,0.08065373216093408,25.779054506415356,10025.779054506414
126.03535659092653,26.035356590926526,-0.21819138975892827,0.08082828527274122,25.736336915894857,10025.736336915896
126.24899892335466,26.248998923354662,-0.21364233242813668,0.08099919913868373,25.95435739178784,10025.954357391787
126.53004863066258,26.530048630662577,-0.2810497073079148,0.08122403890453006,26.167774884450132,10026.16777488445
127.61077179636222,27.610771796362215,-1.0807231656996379,0.08208861743708977,26.447960013225487,10026.447960013225
127.91616438277862,27.916164382778618,-0.3053925864164029,0.0823329315062229,27.528438864855993,10027.528438864856
127.75166052433697,27.75166052433697,0.16450385844164828,0.08220132841946957,27.83396305435915,10027.83396305436
128.40243751914667,28.402437519146673,-0.6507769948097035,0.08272195001531733,27.668938574321654,10027.668938574321
129.2099236591336,29.209923659133608,-0.8074861399869349,0.08336793892730687,28.319069580219367,10028.319069580219
128.3766213206944,28.376621320694397,0.8333023384392106,0.08270129705655552,29.127222362077053,10029.127222362076
128.78145684016587,28.781456840165873,-0.4048355194714759,0.08302516547213269,28.293596155222264,10028.293596155223
129.258244891524,29.258244891523987,-0.4767880513581133,0.08340659591321918,28.698050244252656,10028.698050244253
129.05568351290654,29.05568351290654,0.20256137861744605,0.08324454681032523,29.175000344713663,10029.175000344714
129.9948117461532,29.994811746153204,-0.9391282332466631,0.08399584939692256,28.971687663509616,10028.97168766351
129.8920394608261,29.892039460826112,0.1027722853270916,0.08391363156866088,29.910898114584544,10029.910898114584
129.97803152114813,29.978031521148125,-0.08599206032201323,0.0839824252169185,29.808057035609192,10029.808057035609
129.85951877902096,29.85951877902096,0.1185127421271659,0.08388761502321676,29.89414390612491,10029.894143906125
129.87017690426995,29.870176904269954,-0.010658125248994565,0.08389614152341596,29.775622637497545,10029.775622637497
129.12196171544318,29.121961715443177,0.7482151888267765,0.08329756937235454,29.7868793348976,10029.786879334897
128.14566502955037,28.145665029550372,0.9762966858928053,0.08251653202364029,29.039445183419538,10029.03944518342
129.2271058057556,29.2271058057556,-1.081440776205227,0.08338168464460448,28.06228334490577,10028.062283344905
128.65153245388547,28.651532453885466,0.5755733518701334,0.08292122596310836,29.14418457979249,10029.144184579793
127.98106408117998,27.98106408117998,0.6704683727054856,0.08238485126494398,28.56914760262052,10028.56914760262
126.53676720839692,26.536767208396924,1.444296872783056,0.08122941376671754,27.899834667413263,10027.899834667413
126.1113508785817,26.111350878581703,0.4254163298152207,0.08088908070286537,26.45587812769406,10026.455878127694
125.23499350305545,25.23499350305545,0.8763573755262541,0.08018799480244436,26.03116288377926,10026.031162883779
126.32349814799757,26.32349814799757,-1.0885046449421196,0.08105879851839805,25.15393470453705,10025.153934704536
126.99760497237229,26.997604972372287,-0.6741068243747179,0.08159808397789782,26.24190006401967,10026.24190006402
126.53783054301995,26.53783054301995,0.45977442935233626,0.08123026443441594,26.91637470793787,10026.916374707938
128.04895609571673,28.048956095716733,-1.5111255526967824,0.08243916487657338,26.45539137814338,10026.455391378144
128.713239567286,28.713239567285996,-0.6642834715692629,0.08297059165382879,27.965985504062903,10027.965985504063
128.49306464592743,28.493064645927433,0.22017492135856287,0.08279445171674193,28.630445115569255,10028.630445115568
126.81151733604739,26.811517336047388,1.6815473098800453,0.08144921386883791,28.411615432058596,10028.411615432058
128.35195747170133,28.351957471701326,-1.5404401356539381,0.08268156597736105,26.728835770070027,10026.72883577007
127.41537648637397,27.415376486373972,0.9365809853273532,0.08193230118909917,28.270025170512227,10028.270025170512
126.31520116186303,26.31520116186303,1.1001753245109427,0.08105216092949041,27.33432432544448,10027.334324325444
126.99779971005742,26.99779971005742,-0.6825985481943917,0.08159823976804592,26.233602922094985,10026.233602922095
128.6413561416797,28.641356141679694,-1.6435564316222724,0.08291308491334375,26.914886625144078,10026.914886625143
129.58331948830738,29.58331948830738,-0.9419633466276878,0.0836666555906459,28.557689486089046,10028.55768948609
129.96901710852404,29.969017108524042,-0.38569762021666065,0.08397521368681923,29.49934427462056,10029.49934427462
130.3770562282063,30.3770562282063,-0.4080391196822575,0.08430164498256504,29.88471546354148,10029.884715463542
130.96479437857448,30.96479437857448,-0.5877381503681818,0.08477183550285958,30.29228439270344,10030.292284392703
131.4896851830189,31.489685183018906,-0.5248908044444249,0.08519174814641511,30.879602630428067,10030.879602630428
131.68469355154963,31.68469355154963,-0.195008368530722,0.08534775484123969,31.404337428177666,10031.404337428177
131.7570280803191,31.75702808031909,-0.0723345287694599,0.08540562246425526,31.599287929085374,10031.599287929086
131.7135643069404,31.713564306940413,0.043463773378675796,0.08537085144555233,31.671657228873535,10031.671657228873
131.19120211916223,31.191202119162227,0.5223621877781852,0.08495296169532977,31.628611345245083,10031.628611345244
130.9972711165685,30.9972711165685,0.19393100259372886,0.08479781689325479,31.106404302268974,10031.106404302269
129.83362045061358,29.83362045061358,1.1636506659549184,0.08386689636049086,30.913404220208008,10030.913404220208
129.7663408089918,29.7663408089918,0.06727964162178068,0.08381307264719344,29.749807377966388,10029.749807377966
129.09196848416804,29.091968484168035,0.6743723248237643,0.08327357478733442,29.683067234204465,10029.683067234204
128.3432891029867,28.343289102986688,0.748679381181347,0.08267463128238935,29.009293852885644,10029.009293852885
128.46502747614937,28.465027476149373,-0.12173837316268532,0.08277202198091949,28.26051708100577,10028.260517081006
129.4109714941859,29.4109714941859,-0.9459440180365277,0.08352877719534872,28.381498698954026,10028.381498698955
130.03882783317488,30.038827833174878,-0.6278563389889769,0.08403106226653989,29.32694043191936,10029.32694043192
128.96689953136973,28.966899531369734,1.0719283018051442,0.08317351962509578,29.955654313549783,10029.95565431355
128.2959805393977,28.295980539397704,0.6709189919720302,0.08263678443151816,28.884262746938216,10028.884262746938
128.93368522395176,28.933685223951755,-0.6377046845540519,0.08314694817916139,28.21283359121854,10028.212833591218
128.26776629049996,28.267766290499964,0.6659189334517919,0.08261421303239996,28.851071010919355,10028.851071010919
128.11599243775836,28.115992437758365,0.1517738527415986,0.08249279395020669,28.185273496549758,10028.18527349655
128.48793844859446,28.487938448594463,-0.3719460108360977,0.08279035075887557,28.033202086999488,10028.033202087
127.83385007436291,27.833850074362914,0.6540883742315486,0.08226708005949034,28.40567136853497,10028.405671368535
127.90486101409041,27.904861014090415,-0.0710109397275005,0.08232388881127232,27.75152618555164,10027.751526185551
127.00871988821622,27.00871988821622,0.8961411258741947,0.08160697591057298,27.82325403817984,10027.82325403818
126.6068000286563,26.606800028656295,0.40191985955992493,0.08128544002292502,26.927434448193296,10026.927434448193
126.8203580884377,26.8203580884377,-0.21355805978140552,0.08145628647075015,26.525343742185544,10026.525343742185
125.76005044669563,25.76005044669563,1.060307641742071,0.0806080403573565,26.739750048080342,10026.73975004808
126.05233749286711,26.05233749286711,-0.2922870461714808,0.08084186999429369,25.679208576701335,10025.679208576701
126.0392869394058,26.039286939405798,0.01305055346131212,0.08083142955152463,25.971506063315587,10025.971506063315
126.40682800795729,26.406828007957287,-0.36754106855148905,0.08112546240636583,25.958161476999432,10025.958161477
126.556087901469,26.556087901469,-0.14925989351171154,0.0812448703211752,26.325583137636112,10026.325583137635
127.4692559833998,27.469255983399805,-0.9131680819308059,0.08197540478671983,26.474112496682277,10026.474112496682
127.5534074906029,27.553407490602893,-0.08415150720308873,0.0820427259924823,27.38721325740732,10027.387213257407
127.26505455733701,27.26505455733701,0.28835293326588385,0.0818120436458696,27.471595446957025,10027.471595446958
127.34710670323801,27.347106703238012,-0.0820521459010024,0.08187768536259041,27.183176871974418,10027.183176871975
127.71227422279719,27.71227422279719,-0.36516751955917925,0.08216981937823775,27.264936883859775,10027.26493688386
127.74516146720627,27.745161467206273,-0.03288724440908197,0.08219612917376501,27.630078093623425,10027.630078093624
127.77248896602558,27.772488966025577,-0.02732749881930374,0.08221799117282046,27.66294347603345,10027.662943476034
127.30062223874381,27.300622238743813,0.47186672728176404,0.08184049779099505,27.69064846823458,10027.690648468235
126.8566312552301,26.8566312552301,0.44399098351371435,0.08148530500418408,27.21913693373963,10027.21913693374
125.922311863581,25.922311863581,0.9343193916490975,0.0807378494908648,26.775893405739232,10026.77589340574
127.08881661743638,27.08881661743638,-1.1665047538553779,0.0816710532939491,25.840640810287052,10025.840640810287
126.25837627902708,26.258376279027075,0.8304403384093035,0.08100670102322166,27.00780991641316,10027.007809916413
125.79812553346056,25.798125533460563,0.4602507455665119,0.08063850042676844,26.177737778600306,10026.1777377786
125.32270707519233,25.322707075192326,0.47541845826823703,0.08025816566015385,25.71786736780041,10025.7178673678
125.91520382422019,25.915203824220185,-0.592496749027859,0.08073216305937614,25.24197491213295,10025.241974912133
125.71961325548546,25.719613255485456,0.1955905687347297,0.08057569060438835,25.834628133615798,10025.834628133616
126.54908744434185,26.54908744434185,-0.8294741888563948,0.08123926995547348,25.63837398552998,10025.63837398553
126.10067940580363,26.100679405803632,0.44840803853821853,0.0808805435246429,26.468206900817208,10026.468206900818
126.28623302605153,26.286233026051534,-0.18555362024790156,0.08102898642084122,26.019650419382792,10026.019650419383
125.7314543539347,25.731454353934694,0.5547786721168393,0.08058516348314775,26.205647862568387,10026.20564786257
127.16102650245924,27.161026502459237,-1.4295721485245423,0.08172882120196738,25.649725532732727,10025.649725532732
126.36758201260243,26.367582012602426,0.7934444898568103,0.08109406561008194,27.079932436849155,10027.079932436849
126.57409121665472,26.574091216654722,-0.20650920405229556,0.08125927297332378,26.286322739629103,10026.286322739628
126.99758843717387,26.997588437173874,-0.4234972205191525,0.0815980707497391,26.492493145904984,10026.492493145905
127.2748565171882,27.274856517188198,-0.27726808001432346,0.08181988521375055,26.915768551960124,10026.91576855196
127.15062188959281,27.150621889592813,0.12423462759538495,0.08172049751167425,27.193136019676523,10027.193136019676
127.06364844779996,27.063648447799963,0.08697344179284983,0.08165091875823997,27.068970970834574,10027.068970970835
127.09298687196889,27.09298687196889,-0.029338424168926736,0.0816743894975751,26.981974058302388,10026.981974058303
126.99455254290638,26.994552542906376,0.09843432906251337,0.0815956420343251,27.011391229934564,10027.011391229935
127.64133280785323,27.64133280785323,-0.6467802649468553,0.08211306624628258,26.912439476660094,10026.91243947666
129.13710695729083,29.137106957290825,-1.4957741494375938,0.08330968556583265,27.5580231222874,10027.558023122287
128.75822319613306,28.75822319613306,0.37888376115776623,0.08300657855690645,29.05410037873392,10029.054100378735
127.83199637749563,27.831996377495628,0.9262268186374314,0.08226559710199649,28.67595759903106,10028.67595759903
127.77252677373968,27.772526773739685,0.05946960375594301,0.08221802141899175,27.749778356076636,10027.749778356078
129.52161423322187,29.521614233221868,-1.7490874594821832,0.08361729138657749,27.688909482353107,10027.688909482353
128.97415013268548,28.97415013268548,0.5474641005363878,0.08317932010614837,29.43843491311572,10029.438434913116
130.09316711937993,30.093167119379927,-1.1190169866944473,0.08407453369550394,28.890075598989977,10028.89007559899
131.24858043843798,31.248580438437983,-1.1554133190580558,0.08499886435075038,30.008168255029176,10030.00816825503
130.8661940331191,30.866194033119086,0.382386405318897,0.08469295522649527,31.16388748321149,10031.163887483212
131.25922016075234,31.259220160752335,-0.39302612763324873,0.08500737612860186,30.781186656990485,10030.78118665699
132.390582753318,32.390582753318,-1.1313625925656652,0.0859124662026544,31.17330769454968,10031.17330769455
132.12630183555123,32.12630183555123,0.26428091776676865,0.08570104146844097,32.30488171184956,10032.304881711849
131.98460626826923,31.984606268269232,0.1416955672819995,0.08558768501461538,32.040714150536616,10032.040714150537
131.58059204043434,31.58059204043434,0.4040142278348924,0.08526447363234746,31.899341794636886,10031.899341794637
130.87874130824747,30.87874130824747,0.7018507321868697,0.08470299304659797,31.49588904738774,10031.495889047388
130.43163563740126,30.431635637401257,0.4471056708462129,0.084345308509921,30.79439599973755,10030.794395999737
129.59295918386184,29.592959183861836,0.8386764535394207,0.08367436734708947,30.347961270054167,10030.347961270054
129.61623587954202,29.616235879542018,-0.023276695680181092,0.0836929887036336,29.509266195158204,10029.509266195158
129.09129920286057,29.09129920286057,0.5249366766814489,0.08327303936228846,29.532962840179728,10029.53296284018
129.25045346841668,29.25045346841668,-0.15915426555611134,0.08340036277473334,29.007898840085836,10029.007898840086
128.19489125425136,28.19489125425136,1.0555622141653203,0.08255591300340108,29.16789755541328,10029.167897555413
128.41863947079065,28.41863947079065,-0.2237482165392919,0.08273491157663251,28.112156342674727,10028.112156342675
128.98402937562003,28.984029375620025,-0.5653899048293738,0.08318722350049601,28.335452247290156,10028.335452247291
127.63576811981217,27.63576811981217,1.3482612558078557,0.08210861449584972,28.901920761124174,10028.901920761124
127.88763916466819,27.887639164668187,-0.2518710448560171,0.08231011133173455,27.553458008480437,10027.55345800848
128.71779923220265,28.71779923220265,-0.8301600675344645,0.08297423938576211,27.804664925282424,10027.804664925283
127.8997813921031,27.899781392103094,0.8180178400995572,0.08231982511368247,28.63547940708897,10028.635479407088
129.0322266269703,29.0322266269703,-1.1324452348672054,0.08322578130157623,27.81655561080152,10027.816555610802
129.31749449043997,29.31749449043997,-0.28526786346967015,0.08345399559235198,28.94877263137795,10028.948772631378
128.83787120570076,28.837871205700765,0.4796232847392048,0.0830702969645606,29.23442419347541,10029.234424193475
128.8000027236492,28.800002723649186,0.03786848205157867,0.08304000217891934,28.754831203521846,10028.754831203521
129.1795682202789,29.179568220278895,-0.3795654966297093,0.08334365457622311,28.716659069072964,10028.716659069072
129.23132090452893,29.23132090452893,-0.0517526842500331,0.08338505672362313,29.09618316355527,10029.096183163556
129.59878894853497,29.598788948534974,-0.3674680440060456,0.08367903115882797,29.1476418733701,10029.147641873371
128.9714452955286,28.97144529552861,0.6273436530063634,0.08317715623642288,29.51561179229855,10029.515611792298
129.0866129902838,29.08661299028381,-0.1151676947552005,0.08326929039222704,28.888176005136383,10028.888176005137
128.12836719370645,28.128367193706453,0.9582457965773585,0.08250269375496516,29.004110296528847,10029.00411029653
128.05327386229334,28.053273862293338,0.07509333141311458,0.08244261908983466,28.045924574616617,10028.045924574617
127.44467258685897,27.44467258685897,0.608601275434367,0.08195573806948718,27.97131812422385,10027.971318124224
126.95157427976223,26.951574279762227,0.4930983070967443,0.08156125942380978,27.36311132743516,10027.363111327435
127.7813313281074,27.7813313281074,-0.8297570483451722,0.08222506506248592,26.869349214699742,10026.8693492147
128.51840523741947,28.518405237419472,-0.7370739093120733,0.08281472418993557,27.69851660391746,10027.698516603918
128.93166397794758,28.93166397794758,-0.4132587405281072,0.08314533118235806,28.435259906237114,10028.435259906237
128.19153283194862,28.19153283194862,0.7401311459989586,0.08255322626555889,28.84911075168202,10028.849110751682
127.97793150161803,27.97793150161803,0.21360133033059014,0.08238234520129442,28.109150486747325,10028.109150486747
128.7987858872087,28.79878588720871,-0.8208543855906782,0.08303902870976697,27.894892472908264,10027.894892472908
128.89501851963038,28.895018519630383,-0.09623263242167468,0.0831160148157043,28.715669872393004,10028.715669872394
130.4802879562976,30.480287956297587,-1.585269436667204,0.08438423036503806,28.810634289265344,10028.810634289266
130.7510448804418,30.75104488044181,-0.2707569241442229,0.08460083590435345,30.395687120393234,10030.395687120394
130.88345152467835,30.88345152467835,-0.13240664423653925,0.08470676121974267,30.66633811922207,10030.666338119223
130.67038658469747,30.670386584697468,0.21306493998088172,0.08453630926775796,30.79891521541059,10030.798915215411
130.76238274354083,30.762382743540826,-0.09199615884335799,0.08460990619483265,30.585776678502636,10030.585776678503
130.65734110391335,30.657341103913353,0.1050416396274727,0.08452587288313068,30.677856870657696,10030.677856870658
131.14586827450054,31.145868274500543,-0.4885271705871901,0.08491669461960043,30.572424409293752,10030.572424409294
131.80880532279872,31.80880532279872,-0.6629370482981756,0.08544704425823896,31.060421230242305,10031.060421230242
131.26390805324507,31.263908053245075,0.544897269553644,0.08501112644259605,31.723794196356124,10031.723794196356
130.34615082061782,30.346150820617822,0.9177572326272525,0.08427692065649425,31.17963113258858,10031.179631132589
129.09078550422092,29.090785504220918,1.2553653163969045,0.08327262840337672,30.262878192214444,10030.262878192214
129.43686482140944,29.436864821409443,-0.3460793171885257,0.08354949185712755,29.00723601236379,10029.007236012363
128.68633623651937,28.686336236519367,0.7505285848900769,0.08294906898921549,29.353915752420228,10029.353915752421
127.23441516926842,27.234415169268416,1.4519210672509502,0.08178753213541473,28.60454870438395,10028.604548704385
127.49525203929895,27.495252039298947,-0.2608368700305306,0.08199620163143916,27.152418967636976,10027.152418967637
129.18149431639793,29.18149431639793,-1.6862422770989838,0.08334519545311835,27.411906843845827,10027.411906843845
129.17735613088522,29.177356130885215,0.004138185512715609,0.08334188490470816,29.098152431493222,10029.098152431494
129.74947948515162,29.749479485151625,-0.5721233542664095,0.08379958358812128,29.093556547297094,10029.093556547297
129.8054448078612,29.805444807861193,-0.055965322709568,0.08384435584628895,29.665635129305336,10029.665635129306
129.73780367018756,29.73780367018756,0.06764113767363256,0.08379024293615005,29.721654564925043,10029.721654564924
130.36776779275652,30.367767792756524,-0.6299641225689641,0.08429421423420522,29.653509455953355,10029.653509455953
130.16846815436293,30.168468154362927,0.19929963839359743,0.08413477452349033,30.283633018233033,10030.283633018233
130.35203651805497,30.352036518054973,-0.18356836369204643,0.08428162921444397,30.084186525148482,10030.084186525148
130.57323043574812,30.573230435748115,-0.22119391769314234,0.08445858434859849,30.267577933706374,10030.267577933706
130.11426662090213,30.11426662090213,0.4589638148459869,0.08409141329672169,30.489139022451393,10030.489139022451
130.7963486050287,30.796348605028697,-0.6820819841265688,0.08463707888402294,30.029629542018107,10030.029629542018
130.67578946227525,30.675789462275247,0.12055914275345003,0.0845406315698202,30.71180797345888,10030.71180797346
130.15632153196077,30.15632153196077,0.5194679303144767,0.08412505722556861,30.591664405049677,10030.59166440505
130.5248746120776,30.52487461207761,-0.36855308011683974,0.08441989968966208,30.071901632271107,10030.071901632271
129.90825086617676,29.908250866176758,0.6166237459008528,0.08392660069294139,30.44094801138467,10030.440948011385
129.92754235549043,29.92754235549043,-0.019291489313673083,0.08394203388439234,29.824308832292367,10029.824308832292
129.92129309232874,29.92129309232874,0.0062492631616919425,0.08393703447386298,29.843605321016568,10029.843605321017
130.66698189922695,30.666981899226954,-0.7456888068982153,0.08453358551938156,29.836759506809358,10029.836759506808
130.9942992511756,30.99429925117559,-0.3273173519486363,0.08479543940094046,30.582186459826012,10030.582186459826
130.9770168014957,30.977016801495694,0.017282449679896672,0.08478161344119654,30.909517637734393,10030.909517637734
131.54274192944558,31.542741929445583,-0.5657251279498894,0.08523419354355646,30.891782607952138,10030.891782607952
132.51009506945138,32.51009506945138,-0.9673531400057982,0.0860080760555611,31.456733853390023,10031.45673385339
132.900232119499,32.90023211949901,-0.39013705004762755,0.0863201856955992,32.42377488375578,10032.423774883755
132.90747873007388,32.907478730073876,-0.007246610574867418,0.0863259829840591,32.81390613651495,10032.813906136515
131.99172293641428,31.991722936414277,0.9157557936595992,0.08559337834913142,32.821885351724745,10032.821885351725
131.2528395365048,31.25283953650481,0.7388833999094686,0.08500227162920385,31.906720664785073,10031.906720664785
131.041861091668,31.04186109166801,0.2109784448367975,0.0848334888733344,31.168006047631476,10031.168006047632
130.6215712040048,30.621571204004795,0.4202898876632162,0.08449725696320383,30.957363834704807,10030.957363834705
130.49291186017768,30.492911860177685,0.12865934382710975,0.08439432948814214,30.537176874516653,10030.537176874517
130.53187417250942,30.53187417250942,-0.03896231233173353,0.08442549933800753,30.408486360839678,10030.40848636084
130.89678757122718,30.89678757122718,-0.36491339871776063,0.08471743005698174,30.447156742452435,10030.447156742452
130.84815548272826,30.84815548272826,0.04863208849891976,0.0846785243861826,30.812109046840998,10030.812109046841
131.18408730423482,31.184087304234822,-0.33593182150656276,0.08494726984338785,30.763208212884873,10030.763208212886
131.22866757215317,31.22866757215317,-0.04458026791834868,0.08498293405772253,31.0991043701771,10031.099104370178
129.86944733720068,29.869447337200683,1.3592202349524882,0.08389555786976054,31.14477201428341,10031.144772014284
129.22808249450216,29.22808249450216,0.6413648426985219,0.08338246599560173,29.78606487120508,10029.786064871205
129.12997800329518,29.12997800329518,0.09810449120698195,0.08330398240263613,29.144778512099524,10029.1447785121
128.30930438421677,28.309304384216773,0.8206736190784056,0.08264744350737341,29.047330559787806,10029.047330559788
128.71564302867571,28.715643028675714,-0.4063386444589412,0.08297251442294057,28.22633186979383,10028.226331869793
129.75828597030795,29.758285970307952,-1.0426429416322378,0.08380662877624635,28.631836399899466,10028.6318363999
130.59445814325917,30.594458143259175,-0.8361721729512226,0.08447556651460734,29.673810403793343,10029.673810403794
130.44762452041073,30.447624520410727,0.14683362284844748,0.08435809961632858,30.510100043642847,10030.510100043643
131.47655940372195,31.47655940372195,-1.0289348833112228,0.08518124752297755,30.36244327288775,10030.362443272888
131.5796127600514,31.57961276005139,-0.1030533563294398,0.0852636902080411,31.39129571351391,10031.391295713514
131.34605109701468,31.34605109701468,0.2335616630367099,0.08507684087761173,31.494535919173778,10031.494535919173
130.92210105839604,30.922101058396038,0.4239500386186421,0.08473768084671683,31.26131341616796,10031.261313416167
130.7135522248541,30.713552224854112,0.20854883354192566,0.08457084177988328,30.837530216616155,10030.837530216617
130.44639752561775,30.446397525617755,0.2671546992363574,0.0843571180204942,30.629195106833617,10030.629195106834
130.5636085591016,30.563608559101596,-0.11721103348384077,0.08445088684728128,30.361946638770473,10030.36194663877
130.6741462535895,30.674146253589498,-0.11053769448790263,0.0845393170028716,30.479069242098724,10030.4790692421
130.67623915374864,30.67623915374864,-0.002092900159141209,0.0845409913229989,30.5896052622665,10030.589605262267
130.97751087268,30.97751087268,-0.3012717189313605,0.08478200869814399,30.591457145050494,10030.59145714505
131.80200767720683,31.80200767720683,-0.8244968045268308,0.08544160614176546,30.892069266538236,10030.892069266538
132.46327093868516,32.463270938685156,-0.6612632614783251,0.08597061675094812,31.716037060455882,10031.716037060456
131.43064120900306,31.430641209003056,1.0326297296820997,0.08514451296720243,32.37812642571795,10032.378126425718
129.67338747762548,29.673387477625482,1.757253731377574,0.08373870998210038,31.346902499020956,10031.34690249902
130.3135077727223,30.31350777272229,-0.640120295096807,0.08425080621817782,29.589136671407303,10029.589136671408
129.37808696010643,29.37808696010643,0.9354208126158596,0.08350246956808514,30.230005303154204,10030.230005303154
129.2249092381172,29.224909238117192,0.15317772198923763,0.08337992739049375,29.294707032715937,10029.294707032715
128.43042187740429,28.430421877404285,0.7944873607129068,0.08274433750192342,29.142164900615267,10029.142164900615
127.21645236203112,27.21645236203112,1.213969515373165,0.0817731618896249,28.34864871551466,10028.348648715515
127.58001115787746,27.580011157877465,-0.36355879584634465,0.08206400892630196,27.134388353104818,10027.134388353104
128.09148912504264,28.091489125042642,-0.5114779671651775,0.08247319130003411,27.49753796657743,10027.497537966578
127.7028719877388,27.702871987738803,0.3886171373038394,0.08216229759019104,28.00932682745245,10028.009326827452
125.97081121422381,25.970811214223815,1.7320607735149878,0.08077664897137904,27.622095338767423,10027.622095338767
125.60866294792183,25.60866294792183,0.36214826630198615,0.08048693035833746,25.89032428386548,10025.890324283866
125.86830660702395,25.868306607023953,-0.2596436591021245,0.08069464528561915,25.52796830263621,10025.527968302637
124.89102892098036,24.89102892098036,0.9772776860435926,0.07991282313678427,25.78839378388717,10025.788393783887
125.01177616704334,25.011776167043337,-0.12074724606297593,0.08000942093363467,24.811019500046726,10024.811019500046
125.00168463898811,25.00168463898811,0.010091528055227172,0.08000134771119048,24.931774819332148,10024.931774819332
125.38391001991963,25.383910019919625,-0.3822253809315157,0.08030712801593569,24.921377510972174,10024.921377510973
125.46295261520469,25.462952615204685,-0.07904259528505975,0.08037036209216374,25.30353965782746,10025.303539657827
124.82115530066447,24.821155300664472,0.6417973145402129,0.07985692424053158,25.383095690964154,10025.383095690964
125.6108207581653,25.610820758165303,-0.7896654575008313,0.08048865660653225,24.74066664405794,10024.740666644058
125.5059089532701,25.505908953270094,0.10491180489520957,0.08040472716261607,25.530416031002687,10025.530416031002
125.48784424934469,25.48784424934469,0.018064703925404046,0.08039027539947574,25.425518677870617,10025.42551867787
124.87211122803417,24.87211122803417,0.6157330213105183,0.07989768898242733,25.407946560362262,10025.407946560363
124.58070799988738,24.58070799988738,0.2914032281467911,0.0796645663999099,24.792446661634262,10024.792446661635
124.00109612156054,24.001096121560536,0.579611878326844,0.07920087689724842,24.50150712299013,10024.50150712299
123.88811521022996,23.888115210229955,0.11298091133058108,0.07911049216818396,23.921985629392353,10023.921985629393
125.01082324616941,25.01082324616941,-1.1227080359394535,0.08000865859693551,23.80810655163302,10023.808106551633
124.11018102701811,24.110181027018115,0.9006422191512939,0.07928814482161449,24.931535101347794,10024.931535101348
123.05919190109493,23.059191901094934,1.0509891259231807,0.07844735352087594,24.03173367349724,10024.031733673497
124.01706599554272,24.017065995542723,-0.9578740944477886,0.07921365279643416,22.9799782482985,10022.979978248299
123.88031707025908,23.880317070259082,0.1367489252836407,0.07910425365620725,23.937961741886514,10023.937961741887
123.44423970560572,23.444239705605725,0.43607736465335734,0.07875539176448458,23.801561678494597,10023.801561678494
124.12266305043715,24.122663050437154,-0.6784233448314296,0.07929813044034972,23.364941575165375,10023.364941575166
123.72710605508274,23.727106055082743,0.39555699535441136,0.07898168484406619,24.043681365593088,10024.043681365592
124.92358883619058,24.923588836190575,-1.1964827811078322,0.07993887106895246,23.64716718401379,10023.647167184014
125.37073230413628,25.370732304136283,-0.4471434679457076,0.08029658584330901,24.843292250347265,10024.843292250347
125.04874852243756,25.048748522437563,0.32198378169871944,0.08003899881795005,25.29069330531833,10025.290693305318
126.47866327561152,26.478663275611524,-1.4299147531739607,0.0811829306204892,24.967565591817074,10024.967565591816
126.07553208597948,26.075532085979475,0.40313118963204886,0.08086042566878358,26.39780284994274,10026.397802849942
126.56959772091525,26.569597720915255,-0.4940656349357795,0.0812556781767322,25.994276407802744,10025.994276407802
126.76940266741177,26.769402667411768,-0.19980494649651348,0.08141552213392941,26.488182198781324,10026.488182198782
127.64212505776055,27.642125057760552,-0.872722390348784,0.08211370004620844,26.68728896736556,10026.687288967365
128.69693494853414,28.696934948534135,-1.0548098907735834,0.0829575479588273,27.559167509801725,10027.559167509802
128.71864007380518,28.718640073805176,-0.021705125271040515,0.08297491205904413,28.613960036475092,10028.613960036475
128.20852486871445,28.20852486871445,0.5101152050907274,0.08256681989497155,28.636073253910205,10028.63607325391
128.51970862355677,28.519708623556767,-0.3111837548423182,0.0828157668988454,28.125709101815602,10028.125709101816
128.061466484371,28.06146648437101,0.4582421391857565,0.0824491731874968,28.437259450369268,10028.43725945037
129.4276192538225,29.427619253822513,-1.366152769451503,0.083542095403058,27.977924388967953,10027.977924388968
129.52078454694453,29.520784546944526,-0.09316529312201283,0.08361662763755562,29.344002626184956,10029.344002626185
129.27163849151233,29.271638491512334,0.24914605543219182,0.08341731079320985,29.437367236151317,10029.43736723615
129.39752148221243,29.397521482212426,-0.12588299070009157,0.08351801718576994,29.188120474326563,10029.188120474326
128.48205067557183,28.482050675571827,0.9154708066405988,0.08278564054045745,29.31473584167197,10029.314735841672
127.8257895330272,27.825789533027205,0.6562611425446221,0.08226063162642176,28.399790043945405,10028.399790043946
128.63706847017153,28.637068470171528,-0.8112789371443228,0.08290965477613721,27.742879878251067,10027.742879878251
128.19247453780378,28.192474537803776,0.44459393236775213,0.08255397963024301,28.554514490541283,10028.55451449054
127.48708923484801,27.487089234848014,0.7053853029557615,0.08198967138787841,28.1104848664159,10028.110484866416
127.8481803614965,27.848180361496503,-0.3610911266484891,0.0822785442891972,27.40481069055882,10027.40481069056
128.6496271748316,28.649627174831608,-0.8014468133351045,0.08291970173986528,27.76526065975664,10027.765260659757
129.13802834584143,29.138028345841434,-0.4884011710098264,0.08331042267667314,28.566316752154936,10028.566316752154
129.81773313663768,29.817733136637685,-0.6797047907962508,0.08385418650931015,29.054174159332124,10029.054174159332
129.3009606848129,29.300960684812907,0.516772451824778,0.08344076854785032,29.734292368089836,10029.73429236809
128.33564745474243,28.33564745474243,0.9653132300704783,0.08266851796379393,29.218292166849114,10029.21829216685
129.35515523903945,29.355155239039448,-1.0195077842970193,0.08348412419123155,28.2521633305512,10028.252163330551
129.13534660596898,29.135346605968977,0.21980863307047116,0.08330827728477518,29.271846961754672,10029.271846961754
128.96473680241968,28.96473680241968,0.1706098035492971,0.08317178944193575,29.052174816527042,10029.052174816527
129.87067774574587,29.870677745745866,-0.9059409433261862,0.08389654219659669,28.88084026022308,10028.880840260223
130.2519589472443,30.251958947244304,-0.3812812014984388,0.08420156715779543,29.78647617858807,10029.786476178588
130.5652918146909,30.56529181469091,-0.31333286744660427,0.08445223345175272,30.16750671379255,10030.167506713793
132.06364274814615,32.06364274814615,-1.4983509334552423,0.08565091419851692,30.47964090049239,10030.479640900492
131.61648429720037,31.616484297200373,0.44715845094577844,0.08529318743776029,31.97834956070839,10031.978349560708
132.2616794981639,32.261679498163886,-0.6451952009635136,0.0858093435985311,31.530674953601842,10031.530674953601
132.30142318098095,32.30142318098095,-0.0397436828170612,0.08584113854478476,32.1758383596191,10032.175838359619
132.48883742208594,32.488837422085936,-0.18741424110498883,0.08599106993766874,32.21543211104328,10032.215432111043
133.56043794061233,33.56043794061233,-1.0716005185263953,0.08684835035248986,32.401989071733446,10032.401989071734
133.91839013950266,33.91839013950266,-0.3579521988903309,0.08713471211160212,33.47330322850073,10033.4733032285
134.29886028575874,34.298860285758735,-0.3804701462560729,0.08743908822860698,33.830951051274056,10033.830951051274
135.0601438546899,35.0601438546899,-0.7612835689311623,0.08804811508375192,34.210812170674984,10034.210812170675
134.80060432650734,34.80060432650734,0.25953952818255743,0.08784048346120586,34.97230337122869,10034.972303371229
134.20568964659384,34.20568964659384,0.5949146799135008,0.08736455171727507,34.71323977479007,10034.71323977479
133.4686948139019,33.46869481390189,0.7369948326919484,0.08677495585112151,34.11891469074272,10034.118914690744
132.0926152825937,32.0926152825937,1.3760795313081928,0.08567409222607496,33.38302072167581,10033.383020721676
133.53190428798123,33.531904287981234,-1.4392890053875362,0.08682552343038498,32.005789759163314,10032.005789759163
132.7577416871175,32.75774168711749,0.7741626008637468,0.08620619334969398,33.44569809463154,10033.44569809463
132.60301689523763,32.60301689523763,0.15472479187985755,0.0860824135161901,32.6716592736013,10032.671659273601
132.4096938568439,32.40969385684389,0.19332303839374276,0.08592775508547511,32.51708914015215,10032.517089140152
132.62438966079594,32.62438966079594,-0.21469580395205412,0.08609951172863675,32.323594345115254,10032.323594345115
133.19580580364956,33.19580580364956,-0.5714161428536215,0.08655664464291965,32.53783301615302,10032.537833016153
133.80122796187277,33.80122796187277,-0.605422158223206,0.0870409823694982,33.10876482128006,10033.10876482128
133.39067112326134,33.39067112326134,0.4105568386114271,0.08671253689860907,33.71451542497416,10033.714515424974
133.2732261295212,33.27322612952119,0.1174449937401505,0.08661858090361695,33.304052542357724,10033.304052542358
133.47185638073418,33.47185638073418,-0.1986302512129896,0.08677748510458734,33.1864486444166,10033.186448644417
133.2970220572835,33.2970220572835,0.17483432345068195,0.0866376176458268,33.38521876308835,10033.38521876309
134.4310332918009,34.4310332918009,-1.134011234517402,0.08754482663344071,33.20947723065006,10033.20947723065
134.77934115655967,34.77934115655967,-0.3483078647587661,0.08782347292524773,34.34320981887565,10034.343209818875
135.30236833402654,35.30236833402654,-0.5230271774668722,0.08824189466722122,34.69109926189245,10034.691099261892
