Underlying Price,Straddle Profit,Futures Profit,Total Fees,Total Profit (Strategy),Buy and Hold PnL
97.30914300077596,0.0,0.0,0.0,100.0,100.0
97.88679299020865,211.32070097913527,-57.76499894326861,0.33592451916645294,253.21977751670022,157.7649989432686
95.3998601921308,460.0139807869198,248.6932798077845,0.6644019573101687,808.0428586373941,-90.9282808645159
95.58412038676893,441.587961323107,-18.426019463812793,0.661822314585235,522.5001195447089,-72.5022614007031
95.20760494008935,479.2395059910646,37.65154466795764,0.667093530838749,616.2239571281835,-110.15380606866074
95.17434446497316,482.565553502684,3.326047511619379,0.6675591774903757,585.2240418368131,-113.47985358028012
92.6750521646129,732.4947835387106,249.9292300360267,0.7025492696954194,1081.721464305042,-363.4090836163068
91.99459335271423,800.5406647285768,68.04588118986601,0.7120756930620007,967.8744702253807,-431.4549648061728
91.94049345234632,805.9506547653683,5.409990036791612,0.7128330916671515,910.6478117104928,-436.8649548429644
92.28174253173904,771.8257468260958,-34.124907939272475,0.7080556045556533,836.9927832822677,-402.74004690369196
90.39866790711064,960.1332092889365,188.30746246284065,0.7344186493004511,1247.7062531024767,-591.0475093665326
91.5129865833096,848.7013416690402,-111.43186761989625,0.7188181878336656,836.5506558613102,-479.61564174663636
90.89265790337043,910.7342096629566,62.03286799391634,0.7275027893528139,1072.03957486752,-541.6485097405528
89.35339102545697,1064.6608974543028,153.92668779134624,0.7490525256436025,1317.8385327200056,-695.575197531899
89.63234561499053,1036.7654385009473,-27.8954589533555,0.7451471613901326,1108.1248323862017,-667.6797385785435
90.57139235175867,942.8607648241325,-93.90467367681481,0.7320005070753786,948.2240906402424,-573.7750649017287
91.60488254473998,839.5117455260021,-103.34901929813043,0.7175316443736403,835.445194583498,-470.42604560359814
91.50939125603523,849.0608743964771,9.549128870474988,0.7188685224155068,957.8911347445365,-479.9751744740731
91.49175458435423,850.8245415645774,1.763667168100369,0.7191154358190408,951.8690932968588,-481.7388416421736
91.03252699473312,896.7473005266882,45.92275896211078,0.7255446220737363,1041.944514866725,-527.6616006042843
90.50484392175824,949.5156078241763,52.76830729748809,0.7329321850953846,1101.5509829365692,-580.4299079017724
90.48653419208961,951.3465807910393,1.830972966862987,0.7331885213107454,1052.4443652365917,-582.2608808686355
89.56910191633263,1043.0898083667373,91.74322757569797,0.7460325731713432,1234.087003369264,-674.0041084443334
86.60187596806179,1339.812403193821,296.7225948270837,0.7875737364471349,1735.7474242844576,-970.7267032714171
86.82132616703909,1317.867383296091,-21.94501989772988,0.7845014336614526,1395.1378619646996,-948.7816833736872
84.76175422840348,1523.8245771596526,205.95719386356137,0.8133354408023513,1828.9684355824115,-1154.7388772372485
85.73971701940506,1426.0282980594936,-97.79627910015876,0.7996439617283291,1427.4323749976065,-1056.9425981370898
84.12944363235822,1587.0556367641782,161.02733870468455,0.8221877891469849,1847.2607876797158,-1217.9699368417744
84.77959038706541,1522.0409612934588,-65.0146754707194,0.8130857345810842,1556.2132000881584,-1152.955261371055
84.64475692400632,1535.5243075993685,13.48334630590955,0.8149734030639115,1648.192680502214,-1166.4386076769645
83.57380083134548,1642.619916865452,107.09560926608361,0.8299667883611632,1848.8855593431745,-1273.5342169430482
82.85323735678176,1714.676264321824,72.05634745637184,0.8400546770050554,1885.8925571011907,-1345.59056439942
81.27661019875706,1872.3389801242945,157.66271580247064,0.8621274572174011,2129.1395684695476,-1503.2532802018907
81.91092245922368,1808.9077540776316,-63.431226046662914,0.8532470855708684,1844.6232809453977,-1439.8220541552278
81.65109672368492,1834.8903276315084,25.982573553876875,0.8568846458684112,1960.0160165395168,-1465.8046277091046
82.36929501577406,1763.0704984225943,-71.81982920891414,0.8468298697791632,1790.403839343901,-1393.9847985001904
79.83894019715312,2016.1059802846878,253.03548186209355,0.8822548372398562,2368.259207309541,-1647.020280362284
79.7619855487471,2023.8014451252893,7.6954648406015735,0.8833322023175405,2130.6135777635736,-1654.7157452028855
79.43224507523222,2056.7754924767783,32.97404735148888,0.887948568946749,2188.8615912593204,-1687.6897925543744
77.90276035726971,2209.7239642730287,152.94847179625037,0.909361354998224,2461.763074714281,-1840.638264350625
77.96313611184539,2203.686388815461,-6.037575457567357,0.9085160944341646,2296.7402972634595,-1834.6006888930574
78.43275884117638,2156.724115882362,-46.962272933099314,0.9019413762235307,2208.859901573039,-1787.6384159599581
78.28772065525203,2171.2279344747967,14.503818592434925,0.9039719108264714,2284.8277811564053,-1802.1422345523931
78.55559503810758,2144.4404961892415,-26.787438285555254,0.9002216694664937,2216.7528362342196,-1775.3547962668379
77.88797641079157,2211.2023589208434,66.7618627316017,0.9095683302489181,2377.0546533221964,-1842.1166589984396
79.13075389032113,2086.924610967887,-124.27774795295647,0.8921694455355043,2061.7546935693954,-1717.838911045483
77.66850250442174,2233.149749557826,146.22513858993926,0.9126409649380955,2478.4622471828275,-1864.0640496354222
77.70555927330382,2229.444072669618,-3.7056768882081315,0.9121221701737465,2324.826273611236,-1860.3583727472142
78.2980998123554,2170.1900187644596,-59.254053905158344,0.9038266026270243,2210.0321382566744,-1801.1043188420558
78.93733405910899,2106.266594089101,-63.92342467535883,0.8948773231724741,2141.44829209057,-1737.180894166697
79.53512900357535,2046.4870996424652,-59.779494446635795,0.8865081939499451,2085.821097001879,-1677.4013997200611
80.02032072042023,1997.967927957977,-48.51917168448807,0.8797155099141167,2048.569040763575,-1628.882228035573
79.74484326365325,2025.5156736346748,27.547745676697843,0.8835721943088544,2152.179847117064,-1656.429973712271
80.35047678121346,1964.9523218786542,-60.56335175602072,0.8750933250630115,2003.5138767975704,-1595.8666219562501
80.42362076247613,1957.6379237523865,-7.314398126267463,0.8740693093253341,2049.4494563167937,-1588.5522238299827
79.71098211268318,2028.9017887316818,71.26386497929502,0.8840462504224355,2199.2816074605544,-1659.8160888092777
79.41115314155665,2058.884685844335,29.982897112653006,0.8882438560182069,2187.97933910097,-1689.7989859219308
79.32222657815453,2067.7773421845473,8.892656340212568,0.8894888279058366,2175.7805096968536,-1698.6916422621434
78.21259756373153,2178.7402436268467,110.96290144229926,0.9050236341077587,2388.7981214350384,-1809.6545437044426
79.85123555528382,2014.8764444716178,-163.86379915522866,0.8820827022260265,1950.1305626141632,-1645.790744549214
80.00073761449451,1999.926238550549,-14.95020592106897,0.8799896733970769,2084.096042956083,-1630.840538628145
78.66471152130646,2133.528847869354,133.60260931880532,0.8986940387017095,2366.2327631494577,-1764.4431479469504
76.73334989915452,2326.665010084548,193.13616221519396,0.9257331014118366,2618.8754391983302,-1957.5793101621443
76.38285787651625,2361.7142123483745,35.04920226382637,0.9306399897287725,2495.8327746224722,-1992.6285124259707
76.31007737140398,2368.9922628596023,7.278050511227718,0.9316589168003444,2475.33865445403,-1999.9065629371985
76.58804435935286,2341.195564064714,-27.79669879488864,0.9277673789690599,2412.4710978908565,-1972.1098641423096
76.72865267320556,2327.134732679444,-14.060831385269523,0.9257988625751221,2412.1481024315995,-1958.04903275704
76.4968402016973,2350.3159798302704,23.181247150826323,0.9290442371762377,2472.5681827439207,-1981.2302799078666
76.0577835293222,2394.2216470677804,43.905667237510215,0.9351910305894893,2537.192123274701,-2025.1359471453766
75.70472187132306,2429.527812867694,35.30616579991346,0.9401338938014772,2563.893844773806,-2060.4421129452903
76.64725053555092,2335.2749464449075,-94.2528664227865,0.926938492502287,2340.0951415296186,-1966.1892465225037
77.21235086502591,2278.764913497409,-56.5100329474987,0.9190270878896373,2321.3358534620206,-1909.679213575005
78.15741106704156,2184.2588932958433,-94.50602020156538,0.9057962450614181,2188.8470768492166,-1815.1731933734395
77.64892853322331,2235.107146677669,50.84825338182526,0.9129150005348736,2385.0424850589593,-1866.0214467552648
77.52109074466247,2247.8909255337526,12.783778856083927,0.9147047295747253,2359.759999660262,-1878.8052256113488
77.35358187597863,2264.6418124021366,16.75088686838393,0.9170498537362991,2380.475649416784,-1895.5561124797327
79.26414665504267,2073.5853344957336,-191.0564779064032,0.8903019468294027,1981.638554642501,-1704.4996345733296
77.335750097275,2266.4249902725005,192.83965577676696,0.91729949863815,2558.3473465506295,-1897.3392903500965
78.03892918924032,2196.107081075968,-70.31790919653247,0.9074549913506356,2224.8817168880846,-1827.021381153564
78.35976190325923,2164.0238096740773,-32.083271401890556,0.9029633333543707,2231.037574938832,-1794.9381097516734
78.43638597184369,2156.3614028156308,-7.662406858446502,0.9018905963941882,2247.7971053607903,-1787.275702893227
77.93166504605459,2206.833495394541,50.47209257891012,0.9089566893552357,2356.3966312840957,-1837.747795472137
77.87783282407695,2212.2167175923055,5.383222197764326,0.9097103404629228,2316.6902294496067,-1843.1310176699014
76.79631338044703,2320.368661955297,108.15194436299151,0.9248516126737416,2527.5957547056146,-1951.282962032893
78.09061613490363,2190.9383865096374,-129.4302754456595,0.9067313741113492,2160.601379689867,-1821.8526865872334
77.11663965366444,2288.3360346335567,97.39764812391911,0.9203670448486979,2484.813315712627,-1919.2503347111526
76.54264529980163,2345.7354700198366,57.39943538628012,0.9284029658027771,2502.2065024403137,-1976.6497700974328
77.63662860299986,2236.3371397000137,-109.39833031982289,0.9130871995580019,2226.025722180633,-1867.25143977761
77.23400871889086,2276.5991281109136,40.261988410900074,0.9187238779355279,2415.942392643878,-1907.5134281885098
77.00035158940442,2299.9648410595582,23.365712948644557,0.9219950777483381,2422.4085589304545,-1930.8791411371544
76.45413267499202,2354.5867325007976,54.621891441239256,0.9296421425501116,2508.2789817994867,-1985.5010325783937
76.59322358972531,2340.677641027469,-13.909091473328772,0.9276948697438456,2425.840854684396,-1971.591941105065
75.61145691531881,2438.8543084681187,98.17666744065008,0.9414396031855365,2636.089536305583,-2069.768608545715
76.0568956450596,2394.31043549404,-44.543872974078624,0.9352034609691656,2448.8313590589923,-2025.2247355716363
76.64154469564437,2335.845530435563,-58.46490505847726,0.9270183742609788,2376.453607002825,-1966.7598305131592
76.07340873964365,2392.6591260356345,56.813595600071665,0.9349722776449887,2548.537749358061,-2023.5734261132307
76.28807380693202,2371.192619306798,-21.46650672883652,0.9319669667029518,2448.7941456112585,-2002.1069193843941
76.7889442869692,2321.10557130308,-50.08704800371788,0.9249547799824311,2370.09356851938,-1952.0198713806762
75.7380258192092,2426.1974180790803,105.0918467759999,0.9396676385310712,2630.3495972165492,-2057.111718156676
77.10486949260579,2289.5130507394215,-136.68436733965876,0.920531827103519,2251.9081515726593,-1920.4273508170174
76.26007270137052,2373.992729862948,84.47967912352681,0.9323589821808127,2557.5400500042942,-2004.9070299405444
76.53854845674125,2346.1451543258745,-27.84757553707351,0.9284603216056224,2417.369118467195,-1977.0594544034707
75.34267145281743,2465.7328547182574,119.5877003923826,0.945202599660556,2684.375352510979,-2096.6471547958536
74.34098887063787,2565.9011129362125,100.1682582179555,0.9592261558110697,2765.110144998357,-2196.815413013809
75.05894492381135,2494.1055076188645,-71.79560531734808,0.9491747710666409,2521.36072753045,-2125.0198076964607
73.755027768625,2624.4972231375004,130.39171551863546,0.9674296112392501,2853.9215090448965,-2255.411523215096
72.7203108354453,2727.9689164554698,103.47169331796948,0.9819156483037658,2930.4586941251355,-2358.883216533066
71.45495721320198,2854.504278679802,126.53536222433246,0.9996305990151724,3080.0400103051193,-2485.4185787573983
70.86927131382349,2913.072868617651,58.56858993784897,1.007830201606471,3070.6336283538935,-2543.9871686952474
70.89434512367933,2910.565487632067,-2.507380985584007,1.0074791682684894,3007.050627478214,-2541.4797877096635
69.82200580553157,3017.7994194468424,107.23393181477547,1.022491918722558,3224.0108593428954,-2648.7137195244386
70.18319643741336,2981.6803562586642,-36.1190631881783,1.017435249876213,3044.54385782061,-2612.5946563362604
69.70862689777502,3029.137310222498,47.456953963833826,1.0240792234311498,3175.5701849629004,-2660.0516103000937
70.76089858726863,2923.910141273137,-105.22716894936082,1.0093474197782393,2917.6736249039977,-2554.8244413507337
70.35345635624053,2964.654364375947,40.74422310280994,1.0150516110126326,3104.3835358677443,-2595.5686644535435
69.65012162799951,3034.987837200049,70.33347282410176,1.0248982972080067,3204.2964117269426,-2665.902137277645
69.74944730940443,3025.055269059557,-9.932568140492037,1.023507737668338,3114.0991931813965,-2655.969569137153
69.9339113900113,3006.6088609988697,-18.446408060687247,1.020925240539842,3087.1415276976427,-2637.523161076466
68.92845257090237,3107.154742909763,100.5458819108938,1.035001664007367,3306.66562315665,-2738.0690429873594
69.07004300784584,3092.995699215416,-14.159043694347417,1.0330193978901583,3177.8036361231784,-2723.909999293012
68.22166257934693,3177.833742065308,84.83804284989134,1.0448967238891431,3361.62688819131,-2808.7480421429036
69.7715352365732,3022.84647634268,-154.9872657226274,1.0231985066879754,2966.8360121133646,-2653.760776420276
69.15620538996504,3084.379461003496,61.532984660816226,1.0318131245404896,3244.880632539772,-2715.2937610810923
69.84139077373865,3015.8609226261347,-68.51853837736144,1.022220529167659,3046.3201637196057,-2646.775222703731
71.08548367840612,2891.451632159388,-124.40929046674682,1.0048032285023143,2866.037538464139,-2522.365932236984
71.28177210791013,2871.822789208987,-19.628842950400838,1.002055190489258,2951.1918910680974,-2502.7370892865833
70.87462125789568,2912.5378742104317,40.715085001444606,1.0077553023894605,3052.245203909487,-2543.452174288028
70.29822786379279,2970.177213620721,57.63933941028938,1.015824809906901,3126.8007282211033,-2601.0915136983167
70.37903676768704,2962.096323231296,-8.080890389425122,1.0146934852523815,3053.000739356619,-2593.010623308892
68.29144362523971,3170.855637476029,208.75931424473322,1.043919789246644,3478.571031931516,-2801.769937553626
68.09794979723172,3190.2050202768282,19.349382800798764,1.046628702838756,3308.507774374788,-2821.119320354424
68.77881038826062,3122.1189611739374,-68.08605910289032,1.0370966545643512,3152.9958054164827,-2753.033261251534
67.91375865432835,3208.624134567165,86.50517339322761,1.049207378839403,3394.0801005815533,-2839.538434644761
67.39538309319487,3260.461690680513,51.83755611334817,1.056464636695272,3411.242782157166,-2891.3759907581098
66.66273402466129,3333.726597533871,73.26490685335756,1.0667217236547417,3505.9247826635738,-2964.640897611467
66.49875012857282,3350.1249871427176,16.398389608846742,1.0690174981999805,3465.454359253364,-2981.039287220314
65.38631423283717,3461.3685767162838,111.24358957356577,1.0845916007402798,3671.5275746891093,-3092.2828767938795
66.44717730788338,3355.282269211662,-106.0863075046214,1.0697395176896327,3348.126222189351,-2986.196569289258
65.4621681086267,3453.78318913733,98.50091992566803,1.0835296464792261,3651.2005794165184,-3084.6974892149265
66.36579328771516,3363.420671228483,-90.36251790884648,1.0708788939719875,3371.9872744256645,-2994.3349713060798
65.74290186543182,3425.7098134568187,62.289142228334526,1.0795993738839547,3586.9193563112694,-3056.6241135344144
66.35053240600686,3364.9467593993136,-60.76305405750446,1.0710925463159038,3403.112612795493,-2995.8610594769098
65.9276152596181,3407.2384740381904,42.291714638876954,1.0770133863653466,3548.453175290702,-3038.152774115787
64.55048077288527,3544.9519227114733,137.7134486732828,1.0962932691796063,3781.5690781155768,-3175.866222789069
64.44056746345568,3555.943253654432,10.991330942958655,1.0978320555116206,3665.8367525418785,-3186.8575537320285
63.93119361804366,3606.880638195634,50.937384541202135,1.1049632893473889,3756.713059447489,-3237.7949382732304
62.57454785557252,3742.545214442748,135.6645762471139,1.1239563300219848,3977.08583435984,-3373.459514520345
62.010708663287076,3798.9291336712927,56.383919228544244,1.131850078713981,3954.181202821123,-3429.8434337488884
63.00038495006213,3699.961504993787,-98.9676286775051,1.11799461069913,3699.8758817055827,-3330.875805071383
61.51743072380484,3848.256927619516,148.29542262572843,1.1387559698667322,4095.4135942753774,-3479.1712276971116
61.24110091948053,3875.8899080519473,27.632980432431253,1.1426245871272727,4002.3802638972516,-3506.804208129543
61.89572566607977,3810.427433392023,-65.46247465992394,1.1334598406748833,3843.8314988914244,-3441.341733469619
63.78884766390415,3621.1152336095847,-189.31219978243803,1.1069561327053419,3530.696077694441,-3252.0295336871814
63.95596592627078,3604.403407372922,-16.71182623666283,1.104616477032209,3686.586964659227,-3235.3177074505184
64.2162627659348,3578.37372340652,-26.029683966402217,1.100972321276913,3651.243067118841,-3209.2880234841164
64.05785620331409,3594.2143796685914,15.840656262071207,1.1031900131536028,3708.951845917509,-3225.1286797461876
64.35664282725088,3564.335717274912,-29.87866239367918,1.0990070004184878,3633.358047880814,-3195.2500173525086
64.22214949466098,3577.785050533902,13.449333258989782,1.1008899070747462,3690.133493885817,-3208.699350611498
64.12117440988739,3587.8825590112615,10.09750847735944,1.1023035582615766,3696.8777639303594,-3218.796859088857
65.10105910164727,3489.894089835274,-97.9884691759878,1.0885851725769384,3490.817035486709,-3120.8083899128696
65.6607589369236,3433.92410630764,-55.96998352763336,1.0807493748830697,3476.873373405124,-3064.838406385236
66.4614891271166,3353.8510872883408,-80.07301901929935,1.0695391522203677,3372.708529116821,-2984.765387365937
67.2500963058885,3274.990369411149,-78.86071787719118,1.058498651717561,3295.0711528822403,-2905.9046694887456
67.17069088071597,3282.9309119284035,7.940542517253846,1.0596103276699764,3389.8118441179877,-2913.845212005999
67.8378869206352,3216.2113079364804,-66.7196039919233,1.0502695831111073,3248.441434361446,-2847.125608014076
67.47919768051824,3252.080231948176,35.868924011695924,1.0552912324727446,3386.893864727399,-2882.994532025772
66.9114562309787,3308.85437690213,56.774144953953964,1.0632396127662982,3464.5652822433176,-2939.7686769797256
67.3504513387581,3264.9548661241897,-43.89951077794052,1.0570936812573866,3319.998261664992,-2895.8691662017854
68.15977701376104,3184.0222986238955,-80.93256750029383,1.0457631218073455,3202.0439680017944,-2814.9365987014917
69.1786551851919,3082.13448148081,-101.88781714308561,1.0314988274073134,3079.215165510317,-2713.0487815584056
68.51094789123987,3148.9052108760134,66.77072939520343,1.0408467295226418,3314.635093541694,-2779.8195109536096
68.67209560697748,3132.7904393022523,-16.11477157376129,1.0385906615023153,3215.6370770669887,-2763.704739379848
68.31438200510767,3168.5617994892323,35.77136018698042,1.0435986519284923,3303.2895610242845,-2799.4760995668285
68.38880166988702,3161.1198330112984,-7.441966477934159,1.0425567766215817,3252.6353097567426,-2792.034133088895
68.48721292195259,3151.278707804741,-9.841125206557422,1.0411790190926637,3240.3964035790905,-2782.193007882337
68.59900283312878,3140.099716687122,-11.178991117618864,1.039613960336197,3227.881111609167,-2771.0140167647182
68.12243413102489,3187.7565868975116,47.656870210389,1.0462859221656515,3334.367171185735,-2818.6708869751074
68.2790405745679,3172.09594254321,-15.660644354301212,1.0440934319560495,3255.391204756953,-2803.010242620806
67.2577052345418,3274.22947654582,102.13353400260985,1.0583921267164147,3475.3046184217133,-2905.1437766234158
67.71459140465622,3228.540859534378,-45.68861701144158,1.051995720334813,3281.8002468026016,-2859.4551596119745
66.82417454359297,3317.582545640703,89.04168610632439,1.0644615563896984,3505.5597701906377,-2948.4968457182986
65.42910827244309,3457.089172755691,139.50662711498865,1.0839924841857966,3695.5118073864937,-3088.0034728332876
65.28698994433871,3471.301005566129,14.211832810437386,1.085982140779258,3584.426856235787,-3102.2153056437246
65.55642985618574,3444.357014381426,-26.94399118470301,1.0822099820133997,3516.3308132147095,-3075.2713144590216
65.16411181208187,3483.588818791813,39.23180441038738,1.087702434630854,3621.7329207675693,-3114.503118869409
65.33373651522926,3466.6263484770743,-16.962470314739164,1.0853276887867904,3548.578550473548,-3097.54064855467
66.39792254780077,3360.207745219923,-106.41860325715129,1.0704290843307893,3352.7187128784403,-2991.1220452975185
66.43260715374217,3356.739284625783,-3.4684605941393443,1.0699434998476096,3452.200880531796,-2987.6535847033792
66.45458584557355,3354.5414154426453,-2.1978691831378683,1.0696357981619704,3451.2739104613456,-2985.455715520242
67.39257791257775,3260.7422087422256,-93.79920670042026,1.0565039092239115,3265.8864981325814,-2891.6565088198213
66.21717017150576,3378.282982849424,117.5407741071993,1.0729596175989193,3594.7507973390248,-3009.1972829270208
65.89678440674834,3410.321559325166,32.03857647574182,1.0774450183055233,3541.282690782603,-3041.235859402763
66.44981085690873,3355.0189143091275,-55.30264501603881,1.0697026480032779,3398.6465666450854,-2985.933214386723
65.51374161779546,3448.625838220454,93.60692391132659,1.0828076173508636,3641.14995451443,-3079.5401382980504
65.61863600082958,3438.1363999170417,-10.489438303412157,1.0813390959883857,3526.5656225176413,-3069.0506999946374
65.64271731068345,3435.728268931655,-2.408130985386947,1.0810019576504317,3532.2391359886174,-3066.642569009251
65.63200675088828,3436.799324911172,1.0710559795171548,1.0811519054875642,3536.789228985201,-3067.713624988768
65.65811521773944,3434.1884782260563,-2.6108466851155754,1.0807863869516479,3530.496845153989,-3065.1027783036525
65.95948744461491,3404.051255538509,-30.137222687547194,1.0765671757753912,3472.837465675186,-3034.965555616105
64.77040997824926,3522.9590021750737,118.90774663656458,1.0932142603045103,3740.773534551334,-3153.8733022526694
63.837813676699895,3616.21863233001,93.2596301549367,1.1062706085262013,3808.3719918764205,-3247.132932407607
63.26183231819707,3673.816768180293,57.59813585028226,1.114334347545241,3830.30056968303,-3304.7310682578886
63.651912784278885,3634.8087215721116,-39.008046608181246,1.1088732210200956,3694.6918017429102,-3265.723021649708
64.55066626552205,3544.933373447794,-89.8753481243169,1.096290672282691,3553.9617346511945,-3175.8476735253907
64.12550004584308,3587.449995415692,42.516621967897095,1.1022429993581968,3728.864374384231,-3218.364295493288
64.48027089620963,3551.972910379037,-35.4770850366549,1.0972762074530653,3615.398549134929,-3182.887210456633
65.0417517299002,3495.8248270099803,-56.14808336905668,1.0894154757813972,3538.587328165142,-3126.739127087576
65.1489792040249,3485.10207959751,-10.722747412469857,1.0879142911436515,3573.291417893897,-3116.0163796751067
64.96625763952716,3503.3742360472843,18.272156449774002,1.0904723930466198,3620.555920104012,-3134.288536124881
65.34946763473131,3465.053236526869,-38.320999520415455,1.0851074531137617,3525.6471295533397,-3095.967536604465
65.86313152886585,3413.6868471134153,-51.36638941345382,1.077916158595878,3461.2425415413654,-3044.601147191011
64.84430954339304,3515.5690456606962,101.88219854728118,1.0921796663924974,3716.359064541585,-3146.4833457382924
65.07647706227925,3492.3522937720745,-23.216751888621445,1.0889293211280904,3568.046612562325,-3123.266593849671
65.93726686862335,3406.273313137665,-86.07898063441013,1.076878263839273,3419.1174542394156,-3037.1876132152606
65.71838895650089,3428.161104349911,21.887791212246555,1.0799425546089876,3548.968953007549,-3059.0754044275072
66.14344011555198,3385.6559884448016,-42.50511590510939,1.0739918383822722,3442.0768807013096,-3016.570288522398
67.20035576119373,3279.9644238806263,-105.69156456417517,1.0591950193432877,3273.2136642971077,-2910.8787239582225
67.66652860108658,3233.3471398913416,-46.617283989284886,1.0526685995847878,3285.6771873024722,-2864.2614399689373
68.93621873866313,3106.378126133687,-126.96901375765464,1.0348929376587161,3078.374219438374,-2737.2924262112833
68.98232024715935,3101.767975284065,-4.61015084962213,1.034247516539769,3196.123576917903,-2732.6822753616616
69.53368029977489,3046.6319700225113,-55.13600526155358,1.0265284758031517,3090.4694362851546,-2677.546270100107
70.58084850423441,2941.915149576559,-104.71682044595241,1.0118681209407183,2936.1864610096663,-2572.829449654155
70.31732373086855,2968.2676269131443,26.352477336585878,1.0155574677678403,3093.604546781962,-2599.181926990741
70.67070909571285,2932.929090428715,-35.338536484429994,1.01061007266002,2996.5799438716253,-2563.8433905063107
70.2288555773863,2977.11444226137,44.18535183265533,1.016796021916592,3120.282998072109,-2608.0287423389664
70.44089929454206,2955.910070545793,-21.204371715576542,1.013827409876411,3033.6918714203402,-2586.8243706233898
70.12849630373604,2987.1503696263962,31.240299080602085,1.0182010517476954,3117.3724676552506,-2618.064669703992
69.68177406157243,3031.8225938427577,44.672224216361656,1.0244551631379861,3175.470362895981,-2662.7368939203534
70.6908424563601,2930.9157543639903,-100.90683947876755,1.0103282056109586,2928.998586679612,-2561.830054441586
71.22747884031703,2877.252115968297,-53.66363839569317,1.0028152962355616,2922.585662276368,-2508.1664160458927
71.38987002454625,2861.012997545374,-16.23911842292216,1.0005418196563522,2943.7733373027954,-2491.9272976229704
72.43860141757403,2756.1398582425963,-104.87313930277793,0.9858595801539635,2750.2808593596646,-2387.0541583201925
72.43144994821412,2756.855005178588,0.7151469359911289,0.9859597007250023,2856.584192413854,-2387.769305256184
73.24428965195519,2675.5710348044818,-81.28397037410622,0.9745799448726276,2693.3124844855033,-2306.4853348820775
71.5522546698431,2844.774533015691,169.20349821120908,0.9982684346221967,3112.9797627922776,-2475.6888330932866
70.81709395469237,2918.2906045307627,73.51607151507267,1.0085606846343067,3090.7981153612013,-2549.2049046083594
72.20659320752779,2779.340679247221,-138.9499252835421,0.9891076950946109,2739.4016462685845,-2410.254979324817
72.51485126288732,2748.5148737112686,-30.825805535953066,0.9847920823195776,2816.704276092996,-2379.4291737888643
73.54993983923886,2645.006016076114,-103.50885763515407,0.9703008422506559,2640.5268575987093,-2275.9203161537102
73.08584278330935,2691.4157216690655,46.40970559295141,0.9767982010336691,2836.8486290609835,-2322.3300217466617
72.411459817876,2758.8540182124007,67.43829654333524,0.9862395625497362,2925.306075193186,-2389.768318289997
72.63491490942546,2736.508509057454,-22.345509154946797,0.9831111912680436,2813.179888711239,-2367.42280913505
73.1715143813858,2682.8485618614195,-53.65994719603435,0.9755987986605987,2728.2130158667246,-2313.7628619390157
74.77689081764997,2522.310918235003,-160.53764362641658,0.9531235285529005,2460.8201510800336,-2153.2252183125993
74.53222726369543,2546.777273630457,24.46635539545383,0.956548818308264,2670.2870802076022,-2177.691573708053
74.27392483408374,2572.6075165916254,25.830242961168892,0.9601650523228276,2697.4775945004717,-2203.5218166692216
73.6853474470238,2631.4652552976204,58.85773870599422,0.9684051357416668,2789.3545888678727,-2262.379555375216
72.26436773803488,2773.563226196512,142.09797089889236,0.9882988516675116,3014.672898243737,-2404.477526274108
72.7679157758453,2723.2084224154705,-50.354803781041824,0.9812491791381659,2771.8723694552905,-2354.1227224930667
73.19617621971652,2680.3823780283483,-42.82604438712241,0.9752535329239689,2736.581080108302,-2311.296678105944
74.89876413255524,2510.1235867444757,-170.2587912838723,0.9514173021442267,2438.913378158459,-2141.037886822072
74.0037580504011,2599.62419495989,89.50060821541399,0.9639473872943845,2788.1608557880095,-2230.538495037486
75.00616954530138,2499.3830454698623,-100.24114949002723,0.9499136263657807,2498.1919823534695,-2130.2973455474585
74.65195086608892,2534.8049133911077,35.42186792124511,0.9548726878747551,2669.271908624478,-2165.719213468704
73.92640148798314,2607.359851201686,72.55493781057822,0.965030379168236,2778.9497586330963,-2238.274151279282
75.68887965229452,2431.1120347705482,-176.2478164311375,0.9403556848678767,2353.923862654543,-2062.0263348481444
74.36084746780925,2563.9152532190747,132.80321844852665,0.9589481354506704,2795.7595235321505,-2194.8295532966713
77.06496211919716,2293.503788080284,-270.41146513879113,0.9210905303312398,2122.1712324111613,-1924.41808815788
76.66425416705961,2333.574583294039,40.07079521375516,0.9267004416611654,2472.7186780661327,-1964.488883371635
75.46246279740228,2453.753720259772,120.17913696573288,0.943525520836368,2672.9893317046685,-2084.668020337368
74.45974774185459,2554.0252258145415,100.27150555476965,0.9575635316140358,2753.339167837697,-2184.9395258921377
74.11353339222866,2588.6466607771345,34.621434962592446,0.9624105325087988,2722.305685207218,-2219.56096085473
74.09955935823407,2590.0440641765927,1.3974033994585966,0.962606168984723,2690.4788614070667,-2220.958364254189
74.33865545023792,2566.134454976208,-23.909609200384807,0.9592588236966691,2641.265586952127,-2197.0487550538037
73.78726867925299,2621.2731320747016,55.13867709849336,0.9669782384904583,2775.4448309347044,-2252.1874321522973
74.35480698909248,2564.519301090752,-56.75383098394917,0.9590327021527052,2606.80643740465,-2195.433601168348
74.25385431050017,2574.6145689499826,10.095267859230717,0.9604460396529976,2683.7493907695603,-2205.528869027579
76.55616252979287,2344.3837470207127,-230.23082192926978,0.9282137245828996,2213.22471136686,-1975.2980470983089
77.17905786700129,2282.0942132998707,-62.289533720841916,0.9194931898619818,2318.885186389167,-1913.0085133774671
78.19716948765523,2180.283051234477,-101.811162065394,0.9052396271728268,2177.5666495419105,-1811.1973513120731
78.2433460215347,2175.6653978465292,-4.617653387947485,0.9045931556985141,2270.1431513028833,-1806.5796979241256
78.75511463525655,2124.4885364743454,-51.176861372184135,0.8974283951064084,2172.4142467070546,-1755.4028365519414
80.30948581522873,1969.0514184771273,-155.4371179972179,0.8756671985867979,1912.7386332813226,-1599.9657185547235
80.39999694033921,1960.0003059660794,-9.051112511048132,0.8744000428352511,2050.074793412196,-1590.9146060436753
81.9118586836361,1808.8141316363904,-151.18617432968904,0.8532339784290947,1756.7747233282723,-1439.7284317139863
83.46838846346182,1653.161153653818,-155.65297798257234,0.8314425615115345,1596.6767331097342,-1284.075453731414
84.59847739515114,1540.1522604848865,-113.00889316893148,0.8156213164678842,1526.327745999487,-1171.0665605624827
85.84269407586105,1415.7305924138952,-124.42166807099113,0.7982022829379453,1390.5107220599662,-1046.6448924914914
86.6471610155076,1335.2838984492394,-80.44669396465594,0.7869397457828935,1354.0502647388005,-966.1981985268355
86.84176539420928,1315.8234605790724,-19.460437870166913,0.78421528448107,1395.5788074244244,-946.7377606566686
85.96892834230646,1403.1071657693544,87.28370519028203,0.7964350032077095,1589.5944359564287,-1034.0214658469506
86.4733126592509,1352.6687340749106,-50.438431694443864,0.7893736227704875,1401.4409287576964,-983.5830341525068
87.29957018860436,1270.0429811395636,-82.62575293534695,0.7778060173595388,1286.639422186857,-900.9572812171598
87.13247852404687,1286.7521475953126,16.709166455748914,0.7801453006633436,1402.681168750398,-917.6664476729087
87.53759616410534,1246.240383589466,-40.51176400584637,0.7744736537025252,1304.9541459299173,-877.1546836670623
88.56230840190756,1143.7691598092442,-102.47122378022198,0.7601276823732941,1140.5378083466492,-774.6834598868404
88.90307582047043,1109.6924179529565,-34.07674185628764,0.7553569385134139,1174.8603191581553,-740.6067180305527
88.78039633533155,1121.9603664668455,12.267948513888882,0.7570744513053583,1233.471240529429,-752.8746665444417
87.82242724931334,1217.7572750686663,95.79690860182097,0.7704860185096132,1412.7836976519777,-848.6715751462625
86.63627676641468,1336.372323358532,118.6150482898654,0.7870921252701946,1554.2002795231272,-967.2866234361279
87.66393904779922,1233.6060952200783,-102.76622813845364,0.772704853330811,1230.0671622282937,-864.5203952976743
89.26377946958397,1073.6220530416035,-159.9840421784748,0.7503070874258245,1012.8877037757029,-704.5363531191995
90.93762306262096,906.2376937379042,-167.38435930369917,0.7268732771233065,838.1264611570817,-537.1519938155004
91.68884328068772,831.115671931228,-75.12202180667629,0.7163561940703719,855.2772939304814,-462.0299720088241
93.83989182306198,616.0108176938024,-215.1048542374255,0.6862415144771322,500.21972194189976,-246.92511777139856
94.5264004089426,547.3599591057393,-68.6508585880631,0.6766303942748034,578.0324701234015,-178.27425918333546
93.87392887521108,612.6071124788922,65.24715337315286,0.6857649957470449,777.168500856298,-243.52141255648831
93.8704253902187,612.95746097813,0.3503484992378958,0.6858140445369382,712.621995432831,-243.8717610557262
93.55123405881346,644.8765941186537,31.91913314052357,0.6902827231766114,776.1054445360006,-275.7908941962498
94.03983806252575,596.0161937474254,-48.86040037122825,0.6834422671246395,646.4723511090725,-226.93049382502153
92.61960790135873,738.0392098641266,142.02301611670123,0.7033254893809777,979.3589004914469,-368.95350994172276
93.76425036936229,623.5749630637713,-114.46424680035534,0.6873004948289279,608.423415768587,-254.48926314136742
93.57226566032107,642.7734339678934,19.19847090412219,0.689988280755505,761.28191659126,-273.6877340454896
92.84422045567834,715.577954432166,72.80452046427257,0.7001809136205033,887.6822939828181,-346.4922545097622
93.04020694819066,695.9793051809343,-19.598649251231848,0.6974371027253308,775.6832188269772,-326.89360525853033
91.83076439129735,816.923560870265,120.94425568933076,0.7143692985218371,1037.1534472610738,-447.83786094786115
91.95515503588535,804.4844964114645,-12.43906445880043,0.712627829497605,891.3328041231665,-435.3987964890607
92.42121722627287,757.8782773727128,-46.60621903875182,0.7061029588321798,810.5659553751289,-388.79257745030884
94.94666142293272,505.33385770672794,-252.54441966598478,0.6707467400789419,352.1186913006642,-136.24815778432406
96.94802453038987,305.19754696101273,-200.1363107457152,0.6427276565745418,204.41850855872298,63.88815296139114
98.42333874735473,157.6661252645266,-147.53142169648612,0.6220732575370337,109.51263031050345,211.41957465787726
98.72646361203759,127.35363879624089,-30.312486468285726,0.6178295094314736,196.42332281852367,241.732061126163
98.26368818647114,173.63118135288573,46.277542556644846,0.6243083653894039,319.2844155441412,195.45451856951814
96.23604784657222,376.39521534277804,202.7640339898923,0.6526953301479889,678.5065540025224,-7.309515420374169
98.90594783174456,109.40521682554447,-266.9899985172336,0.6153167303555762,-58.200098422044675,259.6804830968594
98.2138441424207,178.61558575793026,69.21036893238579,0.6250061820061102,347.2009485083099,190.4701141644736
98.81156340520117,118.843659479883,-59.77192627804726,0.6166381123271836,158.45509508950857,250.24204044252087
97.49511767845962,250.48823215403786,131.64457267415486,0.6350683525015653,481.49773647569117,118.59746776836602
98.34778548119856,165.22145188014434,-85.26678027389352,0.6231310032632201,179.33154060298762,203.86424804225953
96.54615589350772,345.38441064922836,180.162958769084,0.6483538174908918,624.8990156008215,23.70128927317552
98.39185654161528,160.8143458384717,-184.57006481075666,0.6225140084173859,75.62176701929765,208.27135408393218
99.09642307662142,90.357692337858,-70.4566535006137,0.6126500769273,119.288388760317,278.7280075845459
97.96250237978754,203.74976202124628,113.39206968338829,0.6285249666829744,416.5133067379516,165.3359379011576
96.32411917652797,367.58808234720277,163.8383203259565,0.6514623315286083,630.7749403416307,1.4976175752011045
95.43431126684648,456.56887331535216,88.98079096814939,0.6639196422641492,644.8857446412374,-87.48317339294829
94.54348846107699,545.651153892301,89.08228057694885,0.6763911615449221,734.0570433077049,-176.56545396989713
95.53724961910095,446.27503808990525,-99.37611580239576,0.6624785053325868,446.2364437821769,-77.18933816750138
93.70250720962423,629.749279037577,183.47424094767177,0.6881648990652607,912.5353550861836,-260.66357911517315
93.76267428793874,623.7325712061263,-6.016707831450674,0.6873225599688576,717.0285408147067,-254.64687128372248
91.1574829966131,884.2517003386902,260.5191291325639,0.7237952380474165,1244.0470342332067,-515.1660004162864
91.85567887819455,814.4321121805447,-69.8195881581455,0.7140204957052763,843.8985035266938,-445.34641225814084
92.37361959588118,762.638040411882,-51.794071768662775,0.7067693256576634,810.1371993175616,-393.55234048947807
92.07270026428847,792.7299735711529,30.091933159270923,0.7109821962999614,922.1109245341238,-423.64427364874905
93.93036953055753,606.9630469442473,-185.76692662690562,0.6849748265721946,520.5111454907694,-237.87734702184338
92.62030603769841,737.9693962301587,131.00634928591148,0.7033157154722222,968.272429800598,-368.88369630775486
92.5029050378657,749.7094962134298,11.74009998327108,0.7049593294698802,860.7446368672311,-380.62379629102594
91.56269191396174,843.7308086038257,94.0213123903959,0.7181223132045356,1037.0339986810172,-474.6451086814218
91.79035417043005,820.9645829569951,-22.766225646830662,0.7149350416139792,897.4834222685504,-451.8788830345911
91.33774390382389,866.2256096176109,45.261026660615755,0.7212715853464654,1010.7653646928801,-497.13990969520694
90.22000794046188,977.9992059538117,111.77359633620085,0.7369198888335337,1189.0358824011792,-608.9135060314078
90.57928710588787,942.0712894112128,-35.92791654259884,0.7318899805175697,1005.4114828880963,-572.985589488809
89.15322517773433,1084.6774822265672,142.6061928153544,0.7518548475117193,1326.5318201944099,-715.5917823041634
89.31194375122551,1068.8056248774487,-15.871857349118557,0.7496327874828428,1152.1841347408474,-699.7199249550448
89.6818321756122,1031.81678243878,-36.98884243866871,0.7444543495414291,1094.0834856505699,-662.7310825163761
91.23246473759237,876.7535262407634,-155.06325619801657,0.7227454936737068,820.9675245490731,-507.6678263183595
90.8752520464729,912.4747953527105,35.72126911194715,0.7277464713493794,1047.4683179933081,-543.3890954303067
90.34050890510714,965.9491094892858,53.474314136575174,0.7352328753285,1118.6881907505326,-596.8634095668818
89.2623926734207,1073.7607326579293,107.81162316864368,0.7503265025721101,1280.822029324001,-704.6750327355255
87.93173115475628,1206.8268845243722,133.0661518664428,0.7689557638334121,1439.1240806269816,-837.7411846019684
86.88999506102118,1311.0004938978818,104.17360937350963,0.7835400691457035,1514.3905632022459,-941.914793975478
85.1270755293023,1487.2924470697697,176.29195317188788,0.8082209425897677,1762.7761792990677,-1118.2067471473658
85.98282650428956,1401.7173495710438,-85.57509749872594,0.7962404289399462,1415.346011643378,-1032.63164964864
87.93059367842979,1206.9406321570214,-194.77671741402247,0.7689716885019829,1111.394943054497,-837.8549322346174
87.66204464101546,1233.7955358984545,26.854903741433134,0.7727313750257837,1359.877708264862,-864.7098359760505
86.49787661417278,1350.2123385827217,116.4168026842674,0.789029727401581,1565.8401115395875,-981.1266386603179
86.61218142986148,1338.781857013852,-11.430481568869766,0.7874294599819393,1426.5639459850004,-969.6961570914482
86.88743761288616,1311.256238711384,-27.525618302468047,0.7835758734195938,1382.9470445354964,-942.1705387889801
85.90800227768625,1409.199772231375,97.94353351999092,0.7972879681123926,1606.3460177832535,-1040.1140723089711
87.45838111241491,1254.1618887585087,-155.03788347286616,0.7755826644261912,1198.3484226212163,-885.0761888361048
89.24884275769206,1075.115724230794,-179.04616452771478,0.7505162013923111,995.3190435016869,-706.0300243083901
87.15559532956513,1284.440467043487,209.32474281269293,0.7798216653860881,1592.9853881907936,-915.3547671210831
88.45784902185406,1154.2150978145942,-130.22536922889287,0.7615901136940432,1123.2281384720072,-785.1293978921901
88.23238673010859,1176.7613269891413,22.54622917454725,0.7647465857784798,1298.54280957791,-807.6756270667374
86.58626629536221,1341.3733704637793,164.61204347463791,0.7877922718649291,1605.1976216665523,-972.2876705413753
86.54795200124073,1345.204799875927,3.8314294121477133,0.7883286719826298,1448.247900616092,-976.1190999535231
86.04637018898377,1395.3629811016228,50.15818122569584,0.7953508173542272,1544.7258115099646,-1026.2772811792188
85.51423223557579,1448.576776442421,53.21379534079824,0.802800748701939,1600.9877710345174,-1079.491076520017
84.41569203476367,1558.4307965236335,109.85402008121241,0.8181803115133086,1767.4666362933326,-1189.3450966012297
86.28606228719927,1371.3937712800728,-187.0370252435606,0.7919951279792101,1283.564750908533,-1002.308071357669
86.08627451204049,1391.372548795951,19.97877751587822,0.7947921568314331,1510.5565341549977,-1022.2868488735471
86.22277491546852,1377.722508453148,-13.650040342803038,0.7928811511834407,1463.2795869591616,-1008.636808530744
85.55754787448316,1444.2452125516838,66.52270409853571,0.8021943297572358,1609.9657223204624,-1075.1595126292798
86.09968425476248,1390.0315745237522,-54.213638027931665,0.7946044204333254,1435.023332075387,-1020.9458746013481
87.2065986173292,1279.3401382670795,-110.69143625667266,0.7791076193573911,1267.8695943910495,-910.2544383446755
86.32375475573927,1367.6245244260726,88.2843861589933,0.7914674334196501,1555.1174431516463,-998.5388245036688
86.34449791213883,1365.5502087861166,-2.074315639956126,0.7911770292300564,1462.6847161169305,-996.4645088637126
85.19756926872151,1480.2430731278491,114.69286434173256,0.8072340302378989,1694.1287034393438,-1111.1573732054453
84.59433395843888,1540.566604156112,60.32353102826278,0.8156793245818557,1700.0744558597928,-1171.480904233708
86.03766456757778,1396.2335432422221,-144.3330609138897,0.7954726960539111,1351.1050096322786,-1027.1478433198183
87.59592756137707,1240.4072438622934,-155.8262993799289,0.7736570141407211,1183.8072874682236,-871.3215439398894
86.92605255775688,1307.3947442243125,66.98750036201915,0.7830352641914038,1473.5992093221403,-938.3090443019087
88.47320038997051,1152.6799610029484,-154.71478322136392,0.7613751945404128,1097.2038025870443,-783.5942610805446
89.05720836861873,1094.279163138127,-58.40079786482164,0.7531990828393378,1135.125166190466,-725.193463215723
86.92303306537313,1307.6966934626867,213.41753032455983,0.783077537084776,1620.3311462501615,-938.6109935402828
87.04615549532464,1295.384450467536,-12.312242995150768,0.781353823065455,1382.2908536493198,-926.298750545132
87.26626282610076,1273.3737173899244,-22.010733077611633,0.7782723204345895,1350.5847119918783,-904.2880174675204
86.0536959229335,1394.63040770665,121.25669031672572,0.795248257078931,1615.0918497662967,-1025.5447077842462
85.97833645691449,1402.166354308551,7.535946601900889,0.7963032896031971,1508.9059976208487,-1033.080654386147
85.75956670283237,1424.0433297167626,21.876975408211763,0.7993660661603467,1545.1209390588142,-1054.9576297943588
86.41221488699561,1358.7785113004386,-65.26481841632403,0.7902289915820614,1392.7234638925324,-989.6928113780348
87.75637425573665,1224.3625744263354,-134.41593687410318,0.7714107604196869,1189.1752267918125,-855.2768745039316
87.66225182317432,1233.7748176825685,9.412243256232955,0.7727284744755596,1342.414332464326,-864.6891177601645
87.35421005659771,1264.5789943402292,30.804176657660776,0.777041059207632,1394.6061299386822,-895.4932944178254
88.73053120995354,1126.946879004646,-137.6321153355832,0.7577725630606504,1088.5569911060022,-757.8611790822422
85.90839633113346,1409.160366886654,282.213487882008,0.7972824513641315,1790.5765723172979,-1040.0746669642501
84.335624334863,1566.4375665137002,157.27719962704612,0.819301259311918,1822.8954648814342,-1197.3518665912961
83.14677282419325,1685.322717580675,118.88515106697497,0.8359451804612945,1903.3719234671887,-1316.2370176582713
82.80448565813703,1719.5514341862975,34.22871660562237,0.8407372007860816,1852.9394135911336,-1350.4657342638936
83.3059924829439,1669.4007517056093,-50.15068248068815,0.8337161052387853,1718.4163531196823,-1300.3150517832055
81.98479691427853,1801.5203085721466,132.11955686653738,0.8522128432001006,2032.787652595484,-1432.4346086497428
82.28341051544199,1771.6589484558015,-29.86136011634528,0.8480322527838122,1840.9495560866721,-1402.5732485333974
81.52372795151534,1847.627204848466,75.96825639266456,0.8586678086787851,2022.7367934324518,-1478.541504926062
81.37782328123632,1862.2176718763683,14.59046702790232,0.8607104740626915,1975.947428430208,-1493.1319719539645
81.53147175473678,1846.8528245263215,-15.364847350046773,0.858559395433685,1930.6294177808409,-1477.7671246039176
83.64631277630998,1635.3687223690017,-211.48410215731985,0.8289516211316602,1523.0556685905503,-1266.283022446598
83.47960448521846,1652.039551478154,16.670829109152407,0.8312855372069414,1767.8790950500995,-1282.9538515557501
83.8421359121665,1615.7864087833502,-36.25314269480384,0.8262100972296691,1678.7070559913168,-1246.7007088609464
82.9031024411139,1709.6897558886099,93.90334710525963,0.8393565658244053,1902.7537464280451,-1340.604055966206
81.74466310043945,1825.5336899560548,115.84393406744482,0.8555747165938477,2040.522049306906,-1456.4479900336507
81.83899149831943,1816.100850168057,-9.432839787997693,0.854254119023528,1905.8137562610357,-1447.015150245653
81.85914746805388,1814.0852531946123,-2.0155969734446444,0.8539719354472457,1911.2156842857205,-1444.9995532722085
80.76655116480183,1923.3448835198174,109.25963032520514,0.8692682836927744,2131.73524556133,-1554.2591835974135
78.88949758251356,2111.0502417486446,187.70535822882692,0.8955470338448102,2397.8600529436267,-1741.9645418262405
78.28485120892496,2171.514879107504,60.46463735885936,0.9040120830750505,2331.0755043832883,-1802.4291791850999
79.76352533094656,2023.6474669053437,-147.86741220216015,0.8833106453667481,1974.8967440578167,-1654.5617669829398
79.01324938751014,2098.675061248986,75.02759434364208,0.893814508574858,2272.8088410840533,-1729.5893613265819
79.89102950255177,2010.8970497448227,-87.77801150416309,0.8815255869642752,2022.2375126536954,-1641.8113498224188
80.85004314264322,1914.9956857356783,-95.90136400914417,0.8680993960029949,1918.2262223305313,-1545.9099858132745
80.90922278066277,1909.0777219337226,-5.91796380195575,0.867270881070721,2002.2924872506962,-1539.9920220113188
80.52169551041352,1947.8304489586478,38.75272702492509,0.8726962628542106,2085.7104797207185,-1578.7447490362438
81.90883821612076,1809.1161783879243,-138.7142705707234,0.8532762649743094,1769.5486315522267,-1440.0304784655204
81.2214992419217,1877.8500758078294,68.73389741990508,0.862899010613096,2045.7210742171214,-1508.7643758854256
79.93631630804204,2006.3683691957963,128.51829338796676,0.8808915716874115,2234.005771012076,-1637.2826692733925
78.76558361201593,2123.441638798407,117.07326960261071,0.897281829431777,2339.617626571586,-1754.3559388760032
76.41478186407757,2358.5218135922432,235.08017479383625,0.9301930539029141,2692.6717953321768,-1989.4361136698394
76.33869564384212,2366.1304356157884,7.608622023545308,0.9312582609862103,2472.807799378347,-1997.0447356933846
77.03024686714896,2296.9753132851038,-69.15512233068455,0.9215765438599145,2326.8986144105593,-1927.8896133627
75.78390573511975,2421.6094264880253,124.63411320292153,0.9390253197083235,2645.3045143712384,-2052.5237265656215
74.23919236807943,2576.080763192057,154.47133670403161,0.960651306846888,2829.5914485892417,-2206.995063269653
74.14113613725061,2585.8863862749386,9.80562308288171,0.9620240940784914,2694.7299852637416,-2216.8006863525347
72.84449306209513,2715.5506937904875,129.66430751554867,0.9801770971306683,2944.2348242089056,-2346.4649938680836
72.55764325514772,2744.2356744852277,28.684980694740148,0.984192994427932,2871.93646218554,-2375.149974562824
73.4123460064793,2658.76539935207,-85.47027513315726,0.9722271559092898,2672.322897063003,-2289.6796994296665
72.45407004746617,2754.5929952533825,95.82759590131218,0.9856430193354735,2949.4349481353593,-2385.5072953309786
74.57720936529523,2542.279063470477,-212.31393178290574,0.9559190688858668,2429.009212618685,-2173.1933635480727
74.85391812748553,2514.6081872514474,-27.670876219029594,0.9520451462152026,2585.9852658862023,-2145.5224873290435
74.57354031943058,2542.6459680569424,28.03778080549506,0.9559704355279719,2669.7277784269095,-2173.5602681345385
76.43402431170989,2356.597568829011,-186.04839922793133,0.9299236596360616,2269.6192459414433,-1987.511868906607
74.21596460822461,2578.4035391775387,221.8059703485281,0.9609764954848554,2899.248533030582,-2209.3178392551354
74.34531190918823,2565.468809081177,-12.93473009636159,0.9591656332713647,2651.5749133515437,-2196.3831091587736
74.04239974609207,2595.760025390792,30.291216309615265,0.963406403554711,2725.0878352968525,-2226.674325468389
73.29020646212298,2670.979353787702,75.21932839690919,0.9739371095302783,2845.224745075081,-2301.893653865298
72.59169200761313,2740.830799238687,69.85144545098478,0.9837163118934162,2909.698528377779,-2371.745099316283
74.35565446576075,2564.434553423925,-176.3962458147617,0.9590208374793495,2487.079286771684,-2195.3488535015213
74.75650426068057,2524.349573931943,-40.08497949198215,0.953408940350472,2583.31118549961,-2155.263874009539
74.80511952370932,2519.4880476290678,-4.861526302875063,0.9527283266680695,2613.6737929995247,-2150.402347706664
75.17379276826269,2482.620723173731,-36.86732445533636,0.9475669012443223,2544.80583181715,-2113.5350232513274
74.5023370544985,2549.76629455015,67.1455713764189,0.956967281237021,2715.954898645332,-2180.6805946277464
74.89635829972467,2510.3641700275334,-39.402124522617044,0.9514509838038547,2570.010594521112,-2141.2784701051296
74.10044536414588,2589.9554635854115,79.59129355787837,0.9625937649019576,2768.584163378388,-2220.8697636630077
75.9163824157287,2408.3617584271296,-181.59370515828215,0.9371706461797982,2325.8308826226676,-2039.2760585047254
75.87425943919544,2412.574056080456,4.212297653326402,0.9377603678512638,2515.8485933659313,-2043.4883561580518
75.60399615358084,2439.600384641916,27.02632856146039,0.9415440538498683,2565.6851691495267,-2070.5146847195124
76.18093511835559,2381.906488164441,-57.69389647747545,0.9334669083430216,2423.279124778622,-2012.820788242037
75.30331937696482,2469.6680623035177,87.76157413907697,0.9457535287224925,2656.483882913872,-2100.582362381114
75.0160535875535,2498.39464124465,28.726578941132175,0.949775249774251,2626.171444936008,-2129.308941322246
74.03596187336903,2596.4038126630967,98.00917141844678,0.9634965337728335,2793.449487547771,-2227.318112740693
73.84154729714486,2615.845270285514,19.4414576224176,0.9662183378399719,2734.3205095700914,-2246.7595703631105
72.07950251623015,2792.049748376985,176.20447809147066,0.9908869647727778,3067.263339503683,-2422.964048454581
72.93111944521631,2706.8880554783686,-85.16169289861608,0.9789643277669715,2720.747398251986,-2337.802355555965
72.3462947687088,2765.37052312912,58.48246765075089,0.9871518732380768,2922.865838906633,-2396.284823206716
71.48574018924754,2851.4259810752465,86.05545794612652,0.9991996373505345,3036.4822393840223,-2482.340281152842
70.95801966703516,2904.198033296484,52.772052221237686,1.0065877246615078,3055.96349779306,-2535.1123333740807
71.34989168195318,2865.010831804682,-39.18720149180217,1.0011015164526555,2924.822528796427,-2495.925131882278
70.98065483074814,2901.9345169251865,36.9236851205045,1.006270832369526,3037.8519312133217,-2532.848817002782
69.85078976677472,3014.9210233225276,112.9865063973412,1.0220889432651539,3226.8854407766034,-2645.835323400124
69.66104436275472,3033.8955637245276,18.974540402000173,1.0247453789214338,3151.845358747606,-2664.809863802124
70.06600569467933,2993.3994305320666,-40.49613319246106,1.0190759202744892,3051.884221419331,-2624.313730609663
71.22344946365955,2877.6550536340446,-115.74437689802153,1.002871707508766,2860.9078050285143,-2508.5693537116413
71.32480999877792,2867.519000122207,-10.136053511837417,1.001452660017109,2956.3814939503527,-2498.433300199804
71.7151228199962,2828.4877180003805,-39.03128212182736,0.9959882805200533,2888.460447598033,-2459.4020180779767
71.39694976833536,2860.305023166464,31.817305166083543,1.000442703243305,2991.121885629304,-2491.2193232440595
70.92432999633641,2907.567000366359,47.261977199895,1.0070593800512901,3053.8219181862028,-2538.4813004439548
71.02352768263397,2897.647231736603,-9.919768629755765,1.0056706124431245,2986.721792494404,-2528.561531814199
72.07840815535292,2792.1591844647082,-105.48804727189491,0.9909022858250591,2785.680234906988,-2423.0734845423044
73.2244913804589,2677.5508619541097,-114.60832251059827,0.9748571206735753,2661.967682322838,-2308.4651620317063
73.18475962596682,2681.5240374033183,3.9731754492080995,0.9754133652364645,2784.52179948729,-2312.438337480914
72.01708322298155,2798.2916777018445,116.76764029852649,0.9917608348782582,3014.067557165493,-2429.2059777794407
71.83904450798518,2816.095549201482,17.80387149963758,0.9942533768882075,2932.905167324231,-2447.0098492790785
72.36567346943869,2763.432653056131,-52.66289614535111,0.9868805714278585,2809.7828763393522,-2394.3469531337273
71.7793539604106,2822.064603958939,58.63195090280868,0.9950890445542514,2979.7014658171934,-2452.978904036536
70.42175143473266,2957.824856526735,135.76025256779474,1.014095479913743,3192.5710136146163,-2588.7391566043307
69.03120072377759,3096.8799276222408,139.05507109550683,1.0335631898671136,3334.9014355278805,-2727.7942276998374
70.68768924307577,2931.2310756924235,-165.6488519298179,1.0103723505969393,2864.571851412009,-2562.145375770019
69.33217128181302,3066.782871818698,135.55179612627484,1.0293496020546176,3301.3053183429183,-2697.697171896294
68.28470840415105,3171.5291595848953,104.7462877661971,1.0440140823418853,3375.23143326875,-2802.4434596624915
67.54219257706427,3245.780742293573,74.25158270867769,1.0544093039211002,3418.9779156983295,-2876.6950423711696
68.23005166862829,3176.994833137171,-68.78590915640217,1.0447792766392041,3207.1641447041297,-2807.909133214767
69.69306750912163,3030.693249087836,-146.3015840493341,1.0242970548722972,2983.3673679836297,-2661.607549165433
70.37520831921802,2962.479168078198,-68.2140810096385,1.0147470835309478,2993.250339985029,-2593.393468155795
71.0281866688304,2897.1813331169596,-65.29783496123827,1.0056053866363743,2930.877892769085,-2528.0956331945563
71.98219945320278,2801.7800546797216,-95.40127843723809,0.992249207655161,2805.3865270348283,-2432.694354757318
70.90003376242204,2909.9966237577964,108.21656907807409,1.0073995273260916,3117.2057933085443,-2540.910923835392
70.87338980472701,2912.661019527299,2.664395769502903,1.0077725427338218,3014.317642754068,-2543.575319604895
71.10038326695097,2889.9616733049024,-22.69934622239589,1.0045946342626864,2966.257732448244,-2520.875973382499
70.54038090255223,2945.9619097447776,56.00023643987413,1.0124346673642688,3100.9497115172876,-2576.8762098223733
69.95630351094206,3004.369648905794,58.407739161016536,1.020611750846811,3161.7567763159636,-2635.28394898339
70.4822583967656,2951.77416032344,-52.59548858235377,1.0132483824452816,2998.1654233586405,-2582.688460401036
69.68166976421152,3031.833023578848,80.05886325540814,1.0244566233010386,3210.8674302109553,-2662.747323656444
70.78835123405499,2921.164876594502,-110.66814698434655,1.00896308272323,2909.487766527432,-2552.0791766720977
71.52474361175332,2847.525638824668,-73.6392377698337,0.9986535894354536,2872.8877474653987,-2478.4399389022637
70.94614466725093,2905.3855332749067,57.85989445023887,1.006753974658487,3062.238673750487,-2536.2998333525024
71.9382752211952,2806.17247788048,-99.21305539442642,0.9928641469032672,2805.9665583391507,-2437.0867779580763
72.22513677064097,2777.4863229359025,-28.686154944577424,0.9888480852110263,2847.811319906114,-2408.4006230134987
73.14949135590754,2685.0508644092456,-92.43545852665704,0.9759071210172944,2691.6394987615713,-2315.965164486842
73.20834532255832,2679.1654677441684,-5.88539666507728,0.9750831654841836,2772.304987913607,-2310.0797678217646
73.22396772145804,2677.603227854196,-1.5622398899722612,0.9748644518995874,2775.0661235123243,-2308.5175279317923
73.13040353750901,2686.959646249099,9.356418394902732,0.9761743504748739,2795.339890293527,-2317.873946326695
72.202519485521,2779.7480514479003,92.78840519880163,0.989164727202706,2971.547291919499,-2410.662351525497
71.24650300574895,2875.3496994251054,95.6016479772046,1.0025489579195148,3069.948798444391,-2506.263999502701
71.19053292255268,2880.9467077447325,5.59700831962715,1.0033325390842625,2985.5403835252755,-2511.8610078223287
72.75118102883476,2724.8818971165238,-156.06481062820876,0.9814834655963134,2667.8356030227187,-2355.7961971941195
74.07572207498853,2592.4277925011465,-132.45410461537688,0.9629398909501605,2559.0107479948197,-2223.3420925787427
75.09863609225893,2490.136390774107,-102.2914017270395,0.9486190947083749,2486.8963699523592,-2121.050690851703
74.4837366640939,2551.6263335906106,61.489942816503174,0.9572276867026855,2712.159048720411,-2182.5406336682063
73.88335457000767,2611.664542999233,60.03820940862283,0.9656330360198927,2770.737119371836,-2242.5788430768293
74.88266356267721,2511.7336437322792,-99.93089926695404,0.9516427101225191,2510.8511017552028,-2142.6479438098754
74.27146529069051,2572.853470930949,61.11982719866944,0.9601994859303329,2733.013098643688,-2203.7677710085445
74.06105856937414,2593.8941430625855,21.04067213163745,0.9631451800287619,2713.9716700141944,-2224.808443140182
74.76906070293644,2523.0939297063555,-70.8002133562303,0.9532331501588898,2551.3404831999665,-2154.0082297839517
74.91876813548241,2508.123186451759,-14.970743254596641,0.9511372461032462,2592.201305951059,-2139.037486529355
74.51319756436082,2548.680243563918,40.557057112158645,0.9568152340989484,2688.2804854419774,-2179.594543641514
75.13194071909017,2486.8059280909833,-61.87431547293443,0.9481528299327378,2523.983459788116,-2117.7202281685795
76.13012142419794,2386.9878575802063,-99.81807051077709,0.9341783000612289,2386.235608769368,-2017.9021576578025
75.63563327948795,2436.4366720512053,49.448814470999025,0.9411011340871687,2584.944385388117,-2067.3509721288015
75.84110577483995,2415.8894225160057,-20.547249535199796,0.9382245191522407,2494.4039484616537,-2046.8037225936014
76.05754510398873,2394.245489601127,-21.643932914878405,0.9351943685441577,2471.666362317704,-2025.159789678723
75.47167503707131,2452.832496292869,58.58700669174226,0.9433965494810016,2610.4761064351305,-2083.7467963704653
74.50962365226276,2549.0376347737238,96.20513848085466,0.9568652688683212,2744.2859079857103,-2179.95193485132
73.74963261940486,2625.036738059514,75.99910328578972,0.9675051433283319,2800.0683362019754,-2255.9510381371097
73.11576446320655,2688.4235536793453,63.38681561983179,0.9763792975151083,2850.833990001662,-2319.3378537569415
74.5502842574937,2544.97157425063,-143.4519794287155,0.9562960203950882,2500.563298801519,-2175.8858743282262
74.36564039487013,2563.4359605129875,18.46438626235738,0.9588810344718182,2680.9414657408734,-2194.3502605905833
74.34646271093393,2565.3537289066066,1.9177683936192125,0.9591495220469249,2666.3123477781787,-2196.268028984203
74.71037181216188,2528.962818783812,-36.39091012279465,0.9540547946297336,2591.6178538663876,-2159.8771188614082
74.41775791002168,2558.224208997832,29.261390214020366,0.9581513892596965,2686.527447822593,-2189.1385090754284
75.99499182258465,2400.500817741535,-157.72339125629742,0.9360701144838148,2341.8413563707536,-2031.415117819131
76.14619725187592,2385.380274812408,-15.120542929126657,0.9339532384737371,2469.3257786448075,-2016.2945748900042
76.54460338292938,2345.539661707062,-39.84061310534628,0.9283755526389886,2404.770673049077,-1976.453961784658
77.86463785334344,2213.536214665656,-132.00344704140576,0.9098950700531918,2180.6228725541973,-1844.4505147432524
78.86281953731705,2113.718046268295,-99.81816839736126,0.8959205264775613,2113.0039573444565,-1744.632346345891
78.94040246079501,2105.9597539204988,-7.758292347796214,0.8948343655488697,2197.3066272071537,-1736.8740539980947
79.65892825406726,2034.1071745932736,-71.85257932722493,0.8847750044430582,2061.3698202616056,-1665.0214746708698
81.36458840679936,1863.5411593200643,-170.56601527320936,0.860895762304809,1792.11424828455,-1494.4554593976604
82.35480281966699,1764.5197180333014,-99.02144128676298,0.8470327605246621,1764.651243986014,-1395.4340181108976
83.29809411080082,1670.1905889199181,-94.3291291133832,0.8338266824487885,1675.0276331240862,-1301.1048889975143
82.55494333756138,1744.5056662438617,74.31507732394351,0.8442307932741406,1917.976512774531,-1375.4199663214579
80.91632403136772,1908.3675968632278,163.8619306193661,0.8671714635608518,2171.362356019033,-1539.281896940824
80.43889198475695,1956.110801524305,47.74320466107724,0.8738555122134026,2102.980150673169,-1587.025101601901
80.97457394880574,1902.5426051194258,-53.56819640487913,0.8663559647167196,1948.10805274983,-1533.456905197022
81.29870936893806,1870.1290631061938,-32.41354201323219,0.8618180688348671,1936.8537030241266,-1501.0433631837898
81.26682304579408,1873.3176954205917,3.188632314397921,0.8622644773588828,1975.6440632576307,-1504.2319954981876
81.86953787000871,1813.0462129991288,-60.27148242146296,0.8538264698198781,1851.920904107846,-1443.9605130767247
81.40544660166526,1859.4553398334738,46.409126834345216,0.8603237475766863,2005.0041429202422,-1490.36963991107
82.64170650574083,1735.8293494259171,-123.62599040755669,0.8430161089196284,1711.360342909441,-1366.7436495035133
80.35997656047218,1964.0023439527822,228.17299452686512,0.8749603281533895,2291.300378151494,-1594.9166440303784
78.42010332034289,2157.9896679657113,193.98732401292875,0.9021185535151997,2451.0748734251247,-1788.9039680433073
79.02829394496193,2097.170605503807,-60.81906246190414,0.893603884770533,2135.4579391571324,-1728.084905581403
78.48285603187293,2151.7143968127075,54.543791308900325,0.901240015553779,2305.356948106054,-1782.6286968903034
78.40040295886506,2159.9597041134944,8.24530730078692,0.9023943585758891,2267.3026170557055,-1790.8740041910903
78.12912713095693,2187.087286904307,27.12758279081271,0.9061922201666028,2313.3086774749527,-1818.001586981903
77.51590487974843,2248.409512025157,61.322225120849794,0.9147773316835219,2408.816959814323,-1879.3238121027528
77.443848415903,2255.6151584096997,7.205646384542774,0.915786122177358,2361.905018672065,-1886.5294584872956
79.51716124254634,2048.2838757453665,-207.33128266433312,0.8867597426043513,1940.0658333384288,-1679.1981758229624
79.26681479682178,2073.3185203178223,25.03464457245599,0.8902645928444951,2197.4629002974334,-1704.2328203954185
78.59643881668596,2140.356118331404,67.0375980135816,0.8996498565663966,2306.494066488419,-1771.270418409
78.94655649735245,2105.344350264755,-35.011768066648585,0.8947482090370658,2169.4378339890695,-1736.2586503423515
79.27028201195033,2072.971798804967,-32.37255145978821,0.8902160518326954,2139.709031293346,-1703.8860988825631
80.91425121387222,1908.574878612778,-164.3969201921891,0.8672004830057889,1843.3107579375833,-1539.489178690374
79.41791785097115,2058.2082149028847,149.6333362901069,0.8881491500864038,2306.953402042905,-1689.1225149804811
77.72431162057471,2227.568837942529,169.36062303964405,0.9118596373119541,2496.0176013448613,-1858.4831380201251
77.4364396528085,2256.3560347191496,28.78719677662076,0.9158898448606809,2384.2273416509097,-1887.2703347967458
76.51215770824021,2348.784229175979,92.42819445682926,0.9288297920846369,2540.2835938407234,-1979.698529253575
76.55997042280077,2344.0029577199225,-4.781271456056402,0.9281604140807891,2438.2935258497855,-1974.9172577975187
73.45353172391158,2654.646827608842,310.64386988891926,0.971650555865238,3064.319046941896,-2285.561127686438
74.95252484783178,2504.7475152168217,-149.89931239202008,0.950664652130355,2453.8975381726714,-2135.661815294418
74.54731780539335,2545.268219460665,40.5207042438434,0.9563375507244931,2684.8325861537837,-2176.182519538261
74.02830928079722,2597.169071920279,51.900852459613134,0.9636036700688391,2748.1063207098227,-2228.0833719978746
72.8998666168829,2710.01333831171,112.84426639143135,0.9794018673636394,2921.8782028357773,-2340.9276383893057
72.42426206980512,2757.5737930194873,47.56045470777792,0.9860603310227283,2904.1481873962425,-2388.488093097084
72.98483525757578,2701.5164742424217,-56.057318777065746,0.9782123063939391,2744.4809431589624,-2332.430774320018
72.33074320364132,2766.9256796358686,65.40920539344626,0.9873695951490216,2931.347515434166,-2397.8399797134643
73.26860508669706,2673.139491330294,-93.78618830557457,0.9742395287862412,2678.3790634959328,-2304.0537914078895
74.28311579645538,2571.6884203544623,-101.45107097583121,0.9600363788496248,2569.2773129997818,-2202.6027204320585
73.96797469842971,2603.2025301570284,31.51410980256628,0.9644483542219839,2733.7521916053724,-2234.1168302346246
73.7233452953467,2627.66547046533,24.46294030830103,0.9678731658651463,2751.160537607766,-2258.579770542926
73.17628440744261,2682.371559255739,54.706088790409524,0.9755320182958035,2836.102116027853,-2313.2858593333353
72.70777425222147,2729.222574777853,46.851015522113926,0.9820911604688993,2875.091499139498,-2360.136874855449
72.85311933647563,2714.688066352437,-14.534508425415993,0.9800563292893412,2799.173501597732,-2345.6023664300333
74.5109927388097,2548.9007261190295,-165.78734023340758,0.9568461016566641,2482.1565397839654,-2179.8150261966257
74.16150101803723,2583.849898196277,34.94917207724768,0.9617389857474787,2717.837331287777,-2214.7641982738733
73.27183726775921,2672.816273224079,88.9663750278018,0.9741942782513711,2860.8084539736296,-2303.730573301675
72.97417051204576,2702.5829487954243,29.766675571345047,0.9783616128313595,2831.3712627539376,-2333.49724887302
73.36955279138148,2663.0447208618525,-39.538227933572045,0.9728262609206593,2722.5336666673597,-2293.9590209394482
73.75478563023643,2624.521436976357,-38.52328388549466,0.9674330011766898,2685.030720089686,-2255.4357370539533
74.7154448866132,2528.45551133868,-96.0659256376772,0.9539837715874152,2531.4356019294155,-2159.369811416276
76.15400751344272,2384.599248655728,-143.85626268295226,0.933843894811802,2339.809142077964,-2015.5135487333241
76.64958029428558,2335.0419705714417,-49.55727808428634,0.9269058758800017,2384.5577866112753,-1965.9562706490378
76.91386221035657,2308.613778964343,-26.428191607098483,0.9232059290550081,2381.2623814281897,-1939.5280790419392
75.59780223870258,2440.2197761297416,131.6059971653985,0.9416307686581638,2670.884142526482,-2071.134076207338
75.74814230834163,2425.1857691658374,-15.03400696390429,0.9395260076832173,2509.21223619425,-2056.1000692434336
74.8783904354952,2512.1609564504793,86.97518728464217,0.9517025339030671,2698.1844412012183,-2143.0752565280754
73.26571836947356,2673.428163052644,161.2672066021645,0.9742799428273702,2933.721089711981,-2304.34246313024
73.63157113455479,2636.8428865445208,-36.58527650812289,0.9691580041162329,2699.2884520322814,-2267.757186622117
73.24720799583805,2675.2792004161947,38.43631387167363,0.9745390880582672,2812.74097519981,-2306.193500493791
73.17732897680688,2682.2671023193125,6.987901903117688,0.9755173943247037,2788.2794868281053,-2313.1814023969087
74.4640629461114,2553.59370538886,-128.6733969304521,0.9575031187544404,2523.962805339653,-2184.5080054664563
73.68046177509761,2631.9538224902385,78.36011710137853,0.9684735351486333,2809.345466056468,-2262.8681225678347
74.01557012990837,2598.4429870091626,-33.510835481075674,0.9637820181812827,2663.968369509906,-2229.3572870867592
75.4975933205152,2450.2406679484807,-148.20231906068244,0.9430336935127873,2401.0953151942854,-2081.154968026077
74.49898661040699,2550.1013389593013,99.86067101082057,0.9570141874543021,2749.0049957826677,-2181.0156390368975
74.98704709030136,2501.2952909698643,-48.80604798943722,0.950181340735781,2551.539061639691,-2132.20959104746
75.55861102081506,2444.1388979184935,-57.15639305137046,0.942179445708589,2486.0403254214148,-2075.0531979960897
74.90943378155333,2509.0566218446666,64.91772392617321,0.9512679270582534,2673.0230778437813,-2139.9709219222627
75.5304004710865,2446.9599528913504,-62.096668953316225,0.942574393404789,2483.9207095446295,-2077.8742529689466
75.57444196619923,2442.555803380077,-4.404149511273658,0.9419578124732109,2537.2096960563304,-2073.470103457673
74.98671605050238,2501.328394949762,58.77259156968506,0.9501859752929666,2659.1508005441538,-2132.242695027358
74.9475308238641,2505.24691761359,3.918522663828128,0.9507345684659025,2608.2147057089524,-2136.1612176911863
75.46784054043319,2453.2159459566815,-52.030971656908775,0.9434502324339353,2500.241524067339,-2084.1302460342777
75.06117505189849,2493.882494810151,40.66654885346992,0.9491435492734211,2633.5999001143477,-2124.796794887747
76.16193633233158,2383.806366766842,-110.07612804330904,0.9337328913473579,2372.7965058321856,-2014.7206668444383
75.7550233349091,2424.4976665090903,40.69129974224808,0.9394296733112726,2564.2495365780273,-2055.4119665866865
76.17383908815252,2382.6160911847483,-41.88157532434218,0.9335662527658648,2439.80094960764,-2013.530391262344
75.6090516223058,2439.0948377694203,56.478746584672024,0.9414732772877188,2594.632111076805,-2070.009137847016
75.48321169209176,2451.678830790824,12.583993021404183,0.9432350363107154,2563.3195887759175,-2082.5931308684203
75.74544195021969,2425.4558049780317,-26.223025812792855,0.9395638126969243,2498.2932153525417,-2056.3701050556274
75.17265734834513,2482.734265165487,57.27846018745595,0.9475827971231683,2639.06514255582,-2113.6485652430833
75.4150834135323,2458.49165864677,-24.24260651871748,0.9441888322105477,2533.304863295842,-2089.405958724366
75.54574308426571,2445.425691573429,-13.0659670733408,0.94235959682028,2531.417364903268,-2076.3399916510252
75.70676745600483,2429.3232543995173,-16.10243717391171,0.9401052556159324,2512.2807119699896,-2060.2375544771135
77.60808610079081,2239.1913899209185,-190.1318644785988,0.9134867945889286,2148.1460386477306,-1870.1056899985147
79.88620189817351,2011.379810182649,-227.81157973826964,0.8815931734255709,1882.686637270954,-1642.2941102602451
79.50736477638554,2049.2635223614457,37.88371217879671,0.8868968931306024,2186.260337647112,-1680.1778224390418
79.12226477501773,2087.7735224982275,38.51000013678174,0.8922882931497519,2225.3912343418597,-1718.6878225758235
76.33174971450464,2366.825028549536,279.0515060513087,0.931355503996935,2744.945179096848,-1997.7393286271322
75.16589740283152,2483.410259716848,116.58523116731203,0.9476774363603586,2699.0478134478,-2114.324559794444
75.49075465528347,2450.9245344716533,-32.485725245194885,0.9431294348260315,2517.4956797916325,-2081.8388345492494
73.16735289538113,2683.2647104618873,232.3401759902339,0.9756570594646642,3014.6292293926567,-2314.1790105394834
72.3802001864014,2761.97998135986,78.71527089797326,0.9866771973903805,2939.7085750604433,-2392.8942814374564
72.77293246790296,2722.706753209704,-39.27322815015657,0.9811789454493587,2782.452346114098,-2353.6210532873
72.98906344648636,2701.0936553513648,-21.61309785833936,0.9781531117491911,2778.5024043812764,-2332.0079554289605
74.27914274277332,2572.085725722668,-129.00792962869616,0.9600920016011735,2542.117704092371,-2203.0000258002647
73.06176546625112,2693.8234533748882,121.73772765221997,0.9771352834724844,2914.584045743636,-2324.7377534524844
71.87073601193778,2812.926398806222,119.10294543133375,0.993809695832871,3031.035534541723,-2443.8406988838183
72.40244390352161,2759.755609647839,-53.17078915838351,0.9863657853506974,2805.598454704105,-2390.6699097254345
72.05564534147658,2794.4354658523425,34.67985620450378,0.991220965219328,2928.124101091627,-2425.3497659299383
71.15012594307973,2884.987405692027,90.55193983968479,1.0038982367968838,3074.535447294915,-2515.9017057696237
70.6544333277925,2934.5566672207497,49.56926152872256,1.010837933410905,3083.115090816061,-2565.4709672983463
71.5144332548617,2848.55667451383,-85.99999270691967,0.9987979344319362,2861.557883872478,-2479.470974591426
70.76227899061999,2923.772100938001,75.21542642417103,1.00932809413132,3097.9781992680405,-2554.686401015597
71.22116783613012,2877.883216386988,-45.88888455101312,1.0029036502941784,2930.9914281856804,-2508.797516464584
69.2799066341183,3072.0093365881694,194.1261202011816,1.0300813071223436,3365.1053754822287,-2702.923636665765
68.28395799208836,3171.604200791164,99.59486420299442,1.044024588110763,3370.1550404060476,-2802.51850086876
68.78454594524388,3121.5454054756124,-50.05879531555166,1.0370163567665858,3170.4495938032937,-2752.459705553208
69.06984045961828,3093.015954038173,-28.529451437439945,1.0330222335653443,3163.4534803671677,-2723.9302541157685
68.80097109898222,3119.902890101778,26.886936063606015,1.036786404614249,3245.7530397607698,-2750.817190179374
69.79674242349225,3020.3257576507754,-99.57713245100308,1.0228456060711086,3019.725779593701,-2651.240057728371
68.41635712226864,3158.3642877731363,138.03853012236118,1.0421710002882392,3395.3606468952094,-2789.278587850732
66.4802695349992,3351.9730465000803,193.60875872694407,1.069276226510011,3644.5125290005144,-2982.887346577677
66.68134119905497,3331.865880094503,-20.10716640557746,1.0664612232132304,3410.6922524657125,-2962.780180172099
65.39051894573382,3460.9481054266184,129.08222533211529,1.0845327347597267,3688.945798023974,-3091.862405504214
65.76997142094683,3423.002857905317,-37.94524752130144,1.0792204001067442,3483.9783899839085,-3053.9171579829135
65.71671174006029,3428.328825993971,5.325968088654065,1.0799660356391558,3532.5748280469857,-3059.243126071567
65.47707095498667,3452.2929045013325,23.96407850736182,1.0833210066301866,3575.173662002064,-3083.207204578929
65.60470972074882,3439.5290279251185,-12.763876576214273,1.0815340639095166,3525.6836172849944,-3070.443328002715
65.7305669516097,3426.943304839029,-12.585723086088763,1.079772062677464,3513.277809690263,-3057.857604916626
65.81706090112621,3418.293909887379,-8.64939495165089,1.0785611473842331,3508.565953788344,-3049.2082099649747
64.14278696711204,3585.7213032887958,167.42739340141668,1.1020009824604313,3852.046695707752,-3216.635603366392
63.48690935363717,3651.3090646362834,65.58776134748783,1.1111832690490797,3815.785642714722,-3282.2233647138796
62.606941529102244,3739.305847089776,87.99678245349227,1.1235028185925686,3926.179126724676,-3370.220147167372
61.97321973691858,3802.6780263081423,63.3721792183664,1.1323749236831397,3964.9178306028257,-3433.592326385738
61.840742531472536,3815.9257468527467,13.247720544604391,1.1342296045593847,3928.0392377927915,-3446.8400469303424
60.52111726666701,3947.888273333299,131.96252648055236,1.1527043582666618,4178.698095455584,-3578.8025734108946
60.282986721791474,3971.7013278208524,23.813054487553842,1.1560381858949194,4094.3583441225114,-3602.615627898449
59.533543641181254,4046.645635881874,74.94430806102201,1.1665303890234622,4220.423413553873,-3677.5599359594707
60.25244170101768,3974.7558298982317,-71.88980598364267,1.1564658161857524,4001.7095580984032,-3605.6701299758283
60.16562639561902,3983.4373604380976,8.68153053986589,1.1576812304613338,4090.961209747502,-3614.351660515694
58.69324802803045,4130.675197196955,147.23783675885684,1.1782945276075738,4376.734739428205,-3761.589497274551
58.25954935122216,4174.045064877783,43.36986768082909,1.1843663090828895,4316.230566249529,-3804.95936495538
57.026442192662365,4297.355780733764,123.31071585597968,1.2016298093027271,4519.46486678044,-3928.2700808113595
57.04577667500593,4295.422332499407,-1.9334482343566606,1.201359126549917,4392.287525138501,-3926.336632577003
57.21721649835104,4278.2783501648955,-17.143982334511065,1.1989589690230855,4359.935408861362,-3909.1926502424917
57.36699911225509,4263.300088774491,-14.978261390404413,1.1968620124284288,4347.124965371659,-3894.2143888520877
58.290513401536174,4170.948659846383,-92.3514289281087,1.1839328123784936,4177.413298105896,-3801.8629599239785
58.26421349953228,4173.578650046772,2.6299902003891873,1.1843010110065482,4275.024339236154,-3804.492950124368
59.34981253660503,4065.018746339497,-108.55990370727469,1.1691026244875296,4055.2897400077345,-3695.9330464170935
60.65988003859948,3934.011996140052,-131.00675019944532,1.1507616794596074,3901.854484261147,-3564.9262962176476
61.368355527018245,3863.164447298175,-70.84754884187632,1.1408430226217445,3891.1760554336774,-3494.078747375772
59.51116661665553,4048.8833383344468,185.71889103627157,1.1668436673668225,4333.435385703351,-3679.797638412043
59.466792740602926,4053.3207259397072,4.437387605260312,1.167464901631559,4156.590648643336,-3684.2350260173034
59.85856483802815,4014.143516197185,-39.17720974252248,1.1619800922676058,4073.804326362395,-3645.0578162747806
60.35459858568009,3964.5401414319913,-49.603374765193564,1.1550356198004788,4013.7817310469973,-3595.4544415095875
58.4234182719604,4157.65817280396,193.1180313719686,1.1820721441925544,4449.594132031736,-3788.5724728815558
59.234624799491755,4076.5375200508242,-81.1206527531354,1.1707152528071154,4094.246152044882,-3707.451820128421
58.32607919068128,4167.392080931872,90.85456088104777,1.1834348913304622,4357.06320692159,-3798.306381009468
58.49329844097979,4150.67015590202,-16.721925029851548,1.1810938218262828,4232.767137050343,-3781.584455979617
57.45295024477303,4254.704975522697,104.03481962067644,1.1956586965731777,4457.544136446801,-3885.6192756002933
56.70119686550704,4329.8803134492955,75.17533792659847,1.2061832438829014,4503.849468132011,-3960.7946135268917
57.65451610215825,4234.548389784175,-95.3319236651204,1.1928367745697845,4238.023629344485,-3865.4626898617717
58.320529729623196,4167.9470270376805,-66.60136274649489,1.1835125837852751,4200.162151707401,-3798.8613271152763
58.540777498597016,4145.922250140298,-22.024776897382026,1.1804291150196418,4222.717044127897,-3776.8365502178945
59.301772335217606,4069.8227664782394,-76.09948366205899,1.1697751873069535,4092.5535076288734,-3700.7370665558356
59.02399826645497,4097.600173354504,27.77740687626391,1.1736640242696306,4224.2039162064975,-3728.5144734320993
59.584767527633396,4041.52324723666,-56.07692611784287,1.1658132546131323,4084.280507864204,-3672.437547314257
59.30994390898642,4069.0056091013585,27.48236186469768,1.1696607852741903,4195.318310180783,-3699.919909178954
59.763198863639474,4023.6801136360527,-45.325495465305465,1.1633152159090474,4077.1913029548386,-3654.5944137136485
60.0275640382107,3997.24359617893,-26.436517457122477,1.1596141034650502,4069.6474646183424,-3628.1578962565263
59.29163508583643,4070.8364914163567,73.5928952374266,1.16991710879829,4243.259469544985,-3701.750791493953
58.84478689997595,4115.521310002405,44.68481858604818,1.1761729834003367,4259.029955605052,-3746.4356100800014
58.9493260786084,4105.06739213916,-10.45391786324501,1.1747094348994824,4193.438764841016,-3735.981692216756
59.34271334995812,4065.7286650041888,-39.33872713497166,1.1692020131005865,4125.220735856117,-3696.6429650817845
59.511043551240036,4048.8956448759964,-16.833020128191833,1.1668453902826394,4130.895779357522,-3679.8099449535925
59.10236389113058,4089.763610886942,40.86796601094562,1.1725669055241719,4229.4590099923635,-3720.6779109645377
59.108032714094314,4089.1967285905685,-0.5668822963734499,1.1724875420026795,4187.457358752192,-3720.111028668165
59.09100874505333,4090.899125494667,1.7023969040984355,1.1727258775692533,4191.428796521196,-3721.8134255722634
59.93138792822833,4006.8612071771668,-84.03791831750027,1.1609605690048035,4021.662328290662,-3637.7755072547634
58.91705115819668,4108.294884180333,101.43367700316546,1.1751612837852465,4308.5533998997125,-3739.2091842579284
59.03907337951107,4096.092662048893,-12.202222131439555,1.173452972686845,4182.716986944766,-3727.006962126489
58.47418880704889,4152.5811192951105,56.48845724621836,1.1813613567013155,4307.888215184628,-3783.495419372707
59.15737326365584,4084.262673634416,-68.3184456606952,1.1717967743088182,4114.772431199412,-3715.1769737120117
59.80086724829226,4019.913275170774,-64.34939846364216,1.1627878585239082,4054.4010888486077,-3650.82757524837
59.0783553180767,4092.1644681923294,72.25119302155605,1.1729030255469262,4263.242758188339,-3723.0787682699256
58.92750227559578,4107.249772440422,15.085304248092513,1.175014968141659,4221.160061720372,-3738.164072518018
58.89603049279353,4110.3969507206475,3.1471782802249493,1.1754555731008907,4212.368673427771,-3741.3112507982432
58.09352253023644,4190.647746976356,80.25079625570868,1.1866906845766898,4369.711852547487,-3821.5620470539525
58.02387196672532,4197.612803327467,6.965056351111798,1.1876657924658454,4303.390193886113,-3828.527103405064
57.166950993097224,4283.3049006902775,85.69209736280996,1.1996626860966388,4467.797335366991,-3914.219200767874
58.39238559788663,4160.761440211337,-122.5434604789406,1.182506601629587,4137.035473130767,-3791.6757402889334
59.077397339774976,4092.260266022503,-68.50117418883457,1.1729164372431504,4122.5861753964255,-3723.1745661000987
58.47507679287879,4152.492320712121,60.232054689618764,1.181348924899697,4311.54302647684,-3783.406620789717
59.318549063575475,4068.1450936424526,-84.34722706966866,1.1695403131099433,4082.628326259674,-3699.059393720049
57.85239460291914,4214.760539708086,146.6154460656334,1.190066475559132,4460.18591929816,-3845.674839785682
57.62195671555861,4237.804328444139,23.043788736053017,1.1932926059821796,4359.65482457421,-3868.7186285217354
58.53737305574329,4146.262694425672,-91.54163401846773,1.180476777219594,4153.540583629984,-3777.1769945032675
58.55157157564129,4144.842842435872,-1.419851989800236,1.180277997941022,4242.242712448131,-3775.757142513467
58.36302006720895,4163.6979932791055,18.855150843234014,1.1829177190590747,4281.37022640328,-3794.6122933567012
56.80687494629987,4319.312505370013,155.6145120909079,1.204703750751802,4573.722313710169,-3950.226805447609
58.26089691843107,4173.910308156893,-145.40219721312013,1.184347443141965,4127.323763500631,-3804.824608234489
57.84411361444801,4215.5886385551985,41.678330398305974,1.1901824093977278,4356.076786544107,-3846.502938632795
58.20101581560865,4179.898418439135,-35.69022011606364,1.1851857785814788,4243.02301254449,-3810.8127185167314
58.38018909029194,4161.981090970806,-17.917327468329347,1.182677352735913,4242.881086149741,-3792.8953910484015
58.63544305371761,4136.455694628239,-25.52539634256661,1.1791037972479534,4209.7511944884245,-3767.369994705836
58.50251493697742,4149.748506302258,13.292811674018878,1.180964790882316,4261.860353185394,-3780.6628063798544
58.585387907973555,4141.461209202645,-8.287297099613511,1.1798045692883703,4231.994107533743,-3772.3755092802407
58.81380936448954,4118.619063551046,-22.842145651598855,1.1766066688971466,4194.60031123055,-3749.5333636286423
59.70849843969035,4029.150156030965,-89.46890752008088,1.1640810218443352,4038.51716748904,-3660.064456108561
60.169419976632895,3983.0580023367106,-46.09215369425428,1.1576281203271395,4035.8082205221294,-3613.9723024143063
59.305735961826144,4069.4264038173856,86.36840148067506,1.1697196965344339,4254.625085601527,-3700.3407038949817
58.49305376454308,4150.694623545693,81.26821972830669,1.181097247296397,4330.781746026702,-3781.6089236232883
59.39739160917215,4060.2608390827845,-90.4337844629076,1.1684365174715898,4068.6586181024054,-3691.175139160381
60.145440903172,3985.4559096827998,-74.80492939998484,1.1579638273555921,4009.4930164554594,-3616.370209760396
59.88124758411485,4011.8752415885147,26.419331905714927,1.161662533822392,4137.132910960407,-3642.789541666111
59.4708450202255,4052.9154979774503,41.0402563889356,1.167408169716843,4192.7883461966685,-3683.8297980550465
59.09513212273316,4090.486787726684,37.57128974923347,1.1726681502817358,4226.885409325636,-3721.40108780428
60.38724091392985,3961.275908607015,-129.21087911966893,1.154578627204982,3930.9104508601413,-3592.1902086846108
61.57073567875657,3842.926432124343,-118.34947648267189,1.1380097004974081,3823.4389459411736,-3473.840732201939
61.216063994472115,3878.3936005527885,35.46716842844546,1.1429751040773903,4012.7177938771565,-3509.307900630384
61.39060159538386,3860.939840461614,-17.453760091174786,1.1405315776646259,3942.3455487927745,-3491.8541405392098
60.054359737956695,3994.5640262043303,133.62418574271686,1.1592389636686062,4227.0289729833785,-3625.478326281927
59.32970354099019,4067.0296459009814,72.46561969665066,1.1693841504261373,4238.3258814472065,-3697.943945978577
59.989914406411515,4001.0085593588483,-66.02108654213268,1.1601411983102388,4033.8273316184054,-3631.922859436445
60.799105852277734,3920.0894147722265,-80.91914458662188,1.1488125180681117,3938.0214576675367,-3551.0037148498222
59.560917502096636,4043.9082497903364,123.81883501810975,1.166147154970647,4266.560937653476,-3674.822549867932
58.710389134686366,4128.961086531363,85.052836741027,1.178054552114391,4312.835868720276,-3759.8753866089596
59.19499104079027,4080.5008959209727,-48.46019061039044,1.1712701254289362,4130.869435185154,-3711.4151959985693
60.05043082714769,3994.9569172852307,-85.54397863574223,1.1592939684199324,4008.253644681068,-3625.8712173628273
59.84317343239638,4015.682656760362,20.725739475131633,1.1621955719464507,4135.246200663547,-3646.5969568379587
60.56050683240498,3943.9493167595015,-71.73334000086058,1.1521529043463303,3971.0638238542947,-3574.8636168370977
61.25089182744876,3874.910817255124,-69.03849950437788,1.1424875144157174,3904.7298302363306,-3505.82511733272
61.477510545871425,3852.248945412857,-22.66187184226638,1.1393148523578,3928.4477587182328,-3483.163245490454
61.82650570198503,3817.3494298014975,-34.89951561136024,1.1344289201722098,3881.3154852699654,-3448.2637298790933
61.834665515907005,3816.5334484092996,-0.8159813921977843,1.134314682777302,3914.5831523343245,-3447.4477484868953
61.062163029800395,3893.7836970199605,77.25024861066103,1.1451297175827944,4069.888815913039,-3524.6979970975563
60.61087478550557,3938.9125214494425,45.12882442948225,1.151447753002922,4082.8898981259217,-3569.826821527039
60.871190222635406,3912.8809777364595,-26.031543712983307,1.1478033368831044,3985.701630686593,-3543.7952778140557
60.19537867377649,3980.4621326223514,67.58115488589169,1.157264698567129,4146.886022809676,-3611.376432699947
60.27264933397953,3972.735066602047,-7.7270660203041075,1.1561829093242866,4063.8518176724187,-3603.649366679643
60.01701960096247,3998.298039903753,25.562973301705938,1.1597617255865253,4122.701251479872,-3629.212339981349
60.1229844437955,3987.7015556204497,-10.596484283303198,1.158278217786863,4075.9467931193594,-3618.6158556980454
59.96774790864444,4003.225209135556,15.523653515106162,1.1604515292789777,4117.588411121384,-3634.1395092131515
61.747931275404845,3825.2068724595156,-178.01833667604043,1.135528962144332,3746.053006821331,-3456.1211725371118
63.89009233273353,3610.990766726647,-214.21610573286856,1.1055387073417307,3495.669122286437,-3241.905066804243
63.405523676072406,3659.4476323927597,48.45686566611249,1.1123226685349863,3806.7921753903374,-3290.3619324703554
62.95578863345009,3704.421136654991,44.9735042622315,1.1186189591316986,3848.276021958091,-3335.335436732587
61.349702734229574,3865.0297265770428,160.6085899220517,1.141104161720786,4124.497212337374,-3495.9440266546385
60.88264185706819,3911.735814293181,46.70608771613871,1.1476430140010454,4057.294258995319,-3542.6501143707774
61.77153335097285,3822.846664902715,-88.88914939046657,1.13519853308638,3832.822316979162,-3453.7609649803107
60.9568395422118,3904.3160457788194,81.46938087610494,1.1466042464090347,4084.6388224085154,-3535.230345856416
60.82334098915295,3917.665901084705,13.349855305884972,1.1484732261518587,4029.867283164438,-3548.580201162301
61.11699694696702,3888.300305303298,-29.36559578140674,1.1443620427424617,3957.7903474791487,-3519.2146053808938
61.33198672366213,3866.8013276337865,-21.498977669511277,1.14135218586873,3944.160997778407,-3497.7156277113827
63.15200577568514,3684.7994224314857,-182.00190520230066,1.115871919140408,3601.6816453100446,-3315.713722509082
63.96530335791759,3603.469664208241,-81.32975822324511,1.1044857529891536,3621.0354202320063,-3234.383964285837
64.80432689837163,3519.567310162837,-83.90235404540363,1.0927394234227972,3534.572216694011,-3150.4816102404334
65.2226912674792,3477.7308732520796,-41.83643691075787,1.086882322255291,3534.807554019066,-3108.645173329676
64.91734148642647,3508.2658513573533,30.534978105274035,1.0911572191900294,3637.7096722434376,-3139.180151434949
65.05850357152696,3494.1496428473047,-14.116208510048978,1.0891809499986227,3578.944253387257,-3125.063942924901
64.5466045119567,3545.3395488043298,51.18990595702542,1.096347536832606,3695.4331072245227,-3176.2538488819255
65.82900325230781,3417.099674769219,-128.23987403511126,1.0783939544676906,3387.78140677964,-3048.013974846815
65.3154886127458,3468.45113872542,51.351463956201826,1.0855831594215588,3618.7170195222,-3099.3654388030163
64.58363320230477,3541.6366797695227,73.18554104410282,1.0958291351677332,3713.726391678458,-3172.5509798471194
65.81630126456905,3418.369873543095,-123.26680622642812,1.0785717822960332,3394.024495534371,-3049.284173620691
65.45912025391843,3454.0879746081573,35.71810106506206,1.083572316445142,3588.7225033567743,-3085.002274685753
65.09751768975896,3490.2482310241044,36.16025641594689,1.0886347523433746,3625.319852687708,-3121.1625311017
66.39987100046837,3360.0128999531635,-130.23533107094067,1.070401805993443,3328.70716707623,-2990.9272000307596
66.11830438650658,3388.169561349342,28.156661396178606,1.0743437385889079,3515.2518790069316,-3019.0838614269383
67.41529531695399,3258.4704683046016,-129.69909304474072,1.0561858655626442,3227.7151893942982,-2889.3847683821973
68.50668391471677,3149.3316085283227,-109.13885977627871,1.040906425193965,3139.15184232685,-2780.2459086059184
68.65034399339173,3134.9656006608266,-14.366007867495512,1.0388951840925156,3219.5606976092386,-2765.879900738423
66.96649307780187,3303.3506922198126,168.38509155898578,1.0624690969107737,3570.673314681888,-2934.2649922974088
66.62416590064001,3337.583409935999,34.2327177161863,1.06726167739104,3470.7488659747946,-2968.4977100135948
66.34799434836272,3365.2005651637282,27.61715522772903,1.0711280791229219,3491.7465923123345,-2996.1148652413244
65.72942847928857,3427.057152071143,61.85658690741462,1.0797880012899599,3587.8339509772672,-3057.9714521487394
65.91978719798132,3408.0212802018677,-19.035871869274956,1.0771229792282615,3487.9082853533646,-3038.9355802794635
65.25342801666034,3474.6571983339663,66.63591813209848,1.0864520077667552,3640.2066644582983,-3105.571498411563
66.66526057965936,3333.473942034064,-141.18325629990238,1.066686351884769,3291.2239993822764,-2964.3882421116596
67.4773039269133,3252.269607308671,-81.20433472539332,1.0553177450232138,3270.009954838254,-2883.183907386267
66.97984490836738,3302.0155091632614,49.74590185459107,1.0622821712828565,3450.6991288465697,-2932.929809240858
66.38904134109394,3361.0958658906056,59.080356727344,1.0705534212246848,3519.105669196725,-2992.010165968202
68.67623064338102,3132.376935661898,-228.7189302287075,1.0385327709926657,3002.619472662198,-2763.2912357394944
69.46540649415171,3053.4593505848297,-78.91758507706896,1.0274843090818762,3073.514281198679,-2684.3736506624255
69.72437914241144,3027.5620857588565,-25.897264825972854,1.0238586920062398,3100.6409622408773,-2658.476385836452
70.22167493827286,2977.8325061727146,-49.72957958614188,1.01689655086418,3027.0860300357085,-2608.7468062503103
69.71693342766895,3028.3066572331054,50.47415106039068,1.0239629320126349,3177.7568453614836,-2659.2209573107016
69.97008155485551,3002.991844514449,-25.3148127186563,1.0204188582320228,3076.6566129375606,-2633.9061445920447
69.72001801087822,3027.998198912178,25.00635439772907,1.023919747847705,3151.980633562059,-2658.9124989897746
69.78306979965802,3021.6930200341976,-6.305178877980211,1.0230370228047878,3114.3648041334127,-2652.6073201117933
71.57064653119535,2842.935346880465,-178.7576731537328,0.9980109485632651,2763.179662778169,-2473.849646958061
71.63436599905424,2836.563400094576,-6.371946785888838,0.9971188760132407,2929.194334432674,-2467.4777001721723
70.11497120721116,2988.5028792788844,151.93947918430837,1.0183904030990438,3239.4239680600936,-2619.4171793564806
71.45058855916598,2854.9411440834024,-133.56173519548236,0.9996917601716764,2820.3797171277483,-2485.855444160998
72.55186612581319,2744.8133874186806,-110.12775666472123,0.9842738742386152,2733.7013568797206,-2375.727687496277
72.30506212612113,2769.493787387887,24.680399969206235,0.9877291302343041,2893.186458226859,-2400.4080874654833
73.13191511798772,2686.808488201228,-82.68529918665877,0.976153188348172,2703.147035826221,-2317.7227882788243
72.51705230865807,2748.2947691341933,61.48628093296509,0.9847612676787871,2908.7962887994795,-2379.2090692117895
71.1932159821585,2880.678401784149,132.38363264995598,1.003294976249781,3112.058739457855,-2511.592701861746
71.50204342132946,2849.7956578670537,-30.882743917095468,0.9989713921013874,2917.913942557857,-2480.7099579446503
70.87415952679916,2912.5840473200838,62.788389453029936,1.0077617666248115,3074.364675006489,-2543.49834739768
71.38034791938085,2861.965208061915,-50.618839258169146,1.0006751291286682,2910.345693674617,-2492.8795081395106
69.96099480574976,3003.900519425024,141.93531136310895,1.0205460727195033,3244.815284715414,-2634.8148195026197
70.50266741545259,2949.7332584547403,-54.16726097028288,1.0129626561836635,2994.5530348282737,-2580.647558532337
69.94489675595567,3005.5103244044335,55.77706594969243,1.0207714454166208,3160.266618908709,-2636.4246244820292
69.83958337484458,3016.041662515542,10.531338111108823,1.022245832752176,3125.5507547938987,-2646.955962593138
69.36298394729134,3063.701605270866,47.659942755323925,1.0289182247379212,3210.3326298014517,-2694.615905348462
69.09484303049143,3090.5156969508566,26.81409167999078,1.03267219757312,3216.2971164332744,-2721.429997028453
68.33429432728362,3166.5705672716385,76.05487032078173,1.0433198794180294,3341.5821177130024,-2797.4848673492347
67.9109773821631,3208.902261783691,42.331694512051854,1.0492463166497168,3350.184709979093,-2839.8165618612866
67.98517680886367,3201.482319113633,-7.419942670057367,1.0482075246759086,3293.0141689188995,-2832.396619191229
67.07356055143808,3292.6439448561923,91.16162574255924,1.060970152279867,3482.744600446472,-2923.558244933788
67.32772069762599,3267.227930237401,-25.416014618791394,1.057411910233236,3340.754503708376,-2898.142230314997
65.71584122927571,3428.415877072429,161.18794683502813,1.07997822279014,3688.523845684667,-3059.330177150025
64.40667208604098,3559.332791395901,130.9169143234726,1.0983065907954261,3789.1513991285783,-3190.2470914734977
64.50071421930022,3549.928578069978,-9.40421332592365,1.0969900009297968,3639.4273747431243,-3180.842878147574
64.96273659125752,3503.726340874248,-46.20223719573033,1.0905216877223947,3556.433581990795,-3134.6406409518436
64.06476146647128,3593.523853352872,89.79751247862424,1.103093339469402,3782.2182724920267,-3224.4381534304684
62.48209175983194,3751.7908240168063,158.26697066393436,1.1252507153623528,4008.9325439653785,-3382.7051240944024
63.53458565640368,3646.541434359632,-105.24938965717396,1.1105158008103486,3640.1815289016477,-3277.4557344372283
64.03379430196821,3596.6205698031786,-49.92086455645364,1.1035268797724451,3645.5961783669527,-3227.5348698807747
62.97460106696982,3702.5398933030183,105.91932349983963,1.1183555850624225,3907.3408612177955,-3333.4541933806145
63.15497951999897,3684.5020480001035,-18.037845302914945,1.1158302867200147,3765.3483724104685,-3315.4163480776992
62.651017107382366,3734.8982892617637,50.39624126166018,1.122885760496647,3884.1716447629274,-3365.8125893393594
63.05786006980144,3694.2139930198555,-40.6842962419077,1.1171899590227798,3752.412506818925,-3325.128293097452
62.84697892521888,3715.3021074781122,21.088114458256513,1.1201422950469357,3835.2700796413214,-3346.2164075557084
63.306385004733556,3669.3614995266444,-45.94060795146788,1.1137106099337302,3722.307180965243,-3300.275799604241
63.91054912493095,3608.9450875069047,-60.416412019739596,1.1052523122509665,3647.423423174914,-3239.859387584501
64.34196215114969,3565.8037848850313,-43.14130262187348,1.0992125298839044,3621.563269733274,-3196.7180849626275
63.647893355263875,3635.2106644736123,69.4068795885812,1.1089294930263058,3803.5086145691675,-3266.124964551209
63.80765074865842,3619.234925134158,-15.975739339454265,1.1066928895187822,3702.1524929051848,-3250.149225211754
64.35142110032129,3564.857889967871,-54.37703516628716,1.0990801045955019,3609.3817746969885,-3195.772190045467
64.01908040059332,3598.091959940667,33.234069972796476,1.1037328743916934,3730.2222970390717,-3229.0062600182637
63.274681745630105,3672.5318254369895,74.439865496322,1.1141544555611786,3845.8575364777503,-3303.4461255145857
62.415070145243135,3758.4929854756865,85.96116003869696,1.126189017966596,3943.327956496417,-3389.407285553283
62.24394188568078,3775.6058114319217,17.112825956235156,1.128584813600469,3891.5900525745565,-3406.520111509518
63.90198694868919,3609.801305131081,-165.80450630084087,1.1053721827183514,3542.8914266475217,-3240.715605208677
63.23003708110741,3676.996291889259,67.19498675817803,1.1147794808644962,3843.0764991665724,-3307.9105919668555
63.439464070346176,3656.0535929653824,-20.942698923876435,1.1118475030151536,3733.999046538491,-3286.9678930429786
62.750045230559756,3724.9954769440246,68.94188397864198,1.1214993667721633,3892.8158615558946,-3355.9097770216204
62.430031779044214,3756.996822095579,32.00134515155426,1.125979555093381,3887.87218769204,-3387.911122173175
61.85076410984477,3814.9235890155232,57.92676691994458,1.1340893024621734,3971.7162666330055,-3445.837889093119
62.685777972349385,3731.4222027650612,-83.5013862504617,1.1223991083871085,3746.7984174062126,-3362.336502842658
62.19685031768404,3780.314968231596,48.89276546653463,1.1292440955524234,3928.078489602578,-3411.229268309193
61.806634620796665,3819.3365379203333,39.0215696887374,1.1347071153088466,3957.2234004937623,-3450.25083799793
61.02336304487261,3897.6636955127387,78.32715759240543,1.1456729173717835,4074.8451801877723,-3528.5779955903354
59.75199249627926,4024.800750372074,127.13705485933531,1.1634721050520904,4250.774333126357,-3655.7150504496703
58.92865633512486,4107.134366487514,82.33361611543941,1.1749988113082521,4288.292983791645,-3738.0486665651097
58.396875014226794,4160.312498577321,53.17813208980695,1.1824437498008251,4312.3081869173275,-3791.226798654917
57.87778908019293,4212.221091980707,51.90859340338605,1.1897109528772989,4362.939974431216,-3843.135392058303
58.50387936300244,4149.612063699756,-62.609028280950696,1.1809456889179657,4185.822089729887,-3780.5263637773523
59.0338952422824,4096.61047577176,-53.001587927995786,1.1735254666080464,4142.435362377157,-3727.524775849356
59.59778739762231,4040.2212602377685,-56.38921553399143,1.1656309764332875,4082.6664137273438,-3671.135560315365
61.17552560541611,3882.4474394583885,-157.77382077938,1.1435426415241743,3823.5300760374844,-3513.361739535985
62.53115625169475,3746.8843748305244,-135.5630646278641,1.1245638124762736,3710.1967463901838,-3377.798674908121
62.80018778255884,3719.981221744116,-26.903153086408338,1.120797371044176,3791.957271286663,-3350.8955218217125
62.70355726130169,3729.644273869831,9.6630521257147,1.1221501983417763,3838.185175797204,-3360.5585739474272
61.85804169778601,3814.1958302213993,84.55155635156828,1.133987416230996,3997.6133991567367,-3445.1101302989955
61.99679364572886,3800.320635427114,-13.87519479428505,1.132044888959796,3885.3133957438695,-3431.2349355047104
60.94070895828557,3905.929104171443,105.60846874432883,1.146830074584002,4110.390742841188,-3536.843404249039
61.475053266674884,3852.494673332512,-53.43443083893149,1.1393492542665518,3897.920893239314,-3483.4089734101076
62.06795839286683,3793.204160713317,-59.2905126191944,1.1310485824998644,3832.7825995116227,-3424.1184607909136
63.822389881270446,3617.7610118729554,-175.44314884036183,1.1064865416622136,3541.211376490931,-3248.6753119505515
63.47307833434751,3652.6921665652485,34.931154692293376,1.1113769033191347,3786.5119443542226,-3283.606466642845
62.997868417094416,3700.213158290558,47.520991725309614,1.118029842160678,3846.6161201737073,-3331.1274583681547
62.016441193148566,3798.3558806851433,98.14272239458504,1.1317698232959201,3995.3668332564325,-3429.2701807627395
62.469012689268986,3753.098731073101,-45.257149612042014,1.1254338223502343,3806.7161476387087,-3384.0130311506978
63.68535035470689,3631.464964529311,-121.6337665437905,1.1084050950341036,3608.7227928904867,-3262.379264606907
63.90064518249841,3609.935481750159,-21.52948277915172,1.1053909674450222,3687.300608003562,-3240.8497818277556
63.37736048970627,3662.263951029373,52.32846927921386,1.1127169531441121,3813.479703355443,-3293.178251106969
64.68851790088793,3531.1482099112072,-131.11574111816608,1.094360749387569,3498.9381080436533,-3162.062509988803
65.63546346662005,3436.4536533379946,-94.6945565732122,1.0811035114673193,3440.677993253315,-3067.367953415591
64.38445425128288,3561.5545748717122,125.10092153371772,1.0986176404820398,3785.5568787649477,-3192.468874949309
64.09179719499683,3590.8202805003166,29.26570562860462,1.1027148392700443,3718.9832712896514,-3221.734580577913
63.77388639698388,3622.611360301612,31.791079801294586,1.1071655904422257,3753.2952745124644,-3253.5256603792077
64.27933889129375,3572.0661108706254,-50.545249430986416,1.1000892555218875,3620.4207721841167,-3202.980410948221
65.54712874583618,3445.2871254163824,-126.77898545424284,1.0823401975582936,3417.4257997645814,-3076.2014254939786
64.20480584548032,3579.5194154519677,134.23229003558532,1.1011327181632755,3812.65057276939,-3210.433715529564
64.14258405063451,3585.7415949365486,6.222179484581147,1.102003823291117,3690.8617705978386,-3216.6558950141452
63.99164117008392,3600.8358829916074,15.094288055058769,1.1041170236188251,3714.826054023047,-3231.7501830692036
63.77985423095808,3622.014576904192,21.17869391258438,1.107082040766587,3742.0861887760097,-3252.9288769817877
63.46580165370269,3653.4198346297308,31.40525772553886,1.1114787768481622,3783.7136135784212,-3284.3341347073274
62.56532113369789,3743.4678866302106,90.04805200047983,1.1240855041282294,3932.391853126562,-3374.382186707807
62.037567342455745,3796.243265754425,52.775379124214794,1.1314740572056197,3947.887170821434,-3427.1575658320216
60.96176570902316,3903.823429097684,107.5801633432583,1.1465352800736759,4110.2570571608685,-3534.73772917528
61.54066221487658,3845.9337785123416,-57.88965058534217,1.138430728991728,3886.9056971980076,-3476.848078589938
61.24018689785354,3875.9813102146463,30.047531702304298,1.1426373834300505,4004.8862045335204,-3506.895610292242
61.79253147248078,3820.746852751922,-55.23445746272415,1.134904559385269,3864.3774907298125,-3451.661152829518
61.60332081846506,3839.6679181534946,18.921065401572434,1.1375535085414894,3957.4514300465253,-3470.5822182310903
62.18456697021541,3781.5433029784595,-58.12461517503493,1.1294160624169844,3822.2892717410073,-3412.457603056055
61.70601859742867,3829.398140257133,47.85483727867401,1.1361157396359987,3976.116861796171,-3460.312440334729
62.36284169076666,3763.715830923334,-65.68230933379908,1.1269202163292666,3796.906601373206,-3394.6301310009303
61.84996555281687,3815.0034447183134,51.28761379497888,1.134100482260564,3965.1569580310315,-3445.917744795909
62.39474777915927,3760.525222084073,-54.47822263423987,1.1264735310917702,3804.920525918741,-3391.4395221616696
62.98893653689901,3701.1063463100986,-59.41887577397438,1.1181548884834138,3740.569315647641,-3332.0206463876953
61.5993344845622,3840.06655154378,138.96020523368122,1.1376093172161292,4077.889147460245,-3470.980851621376
61.593740566683906,3840.62594333161,0.5593917878293553,1.1376876320664255,3940.047647487373,-3471.5402434092057
61.229527089859246,3877.0472910140757,36.42134768246592,1.1427866207419706,4012.3258520757995,-3507.9615910916714
62.03800961723337,3796.199038276663,-80.84825273741245,1.131467865358733,3814.2193176738915,-3427.1133383542588
61.929230695166346,3807.0769304833652,10.877892206702455,1.132990770267671,3916.8218319198004,-3437.9912305609614
61.76467815545779,3823.5321844542214,16.45525397085592,1.135294505823591,3938.852143919254,-3454.4464845318175
62.06762150729656,3793.237849270344,-30.294335183877052,1.1310532988978483,3861.8124607875693,-3424.1521493479404
62.882929629382375,3711.7070370617625,-81.5308122085817,1.1196389851886468,3729.0565858679925,-3342.6213371393587
63.03909195464277,3696.090804535723,-15.616232526039653,1.1174527126350011,3779.357119297048,-3327.0051046133185
62.668353398534016,3733.1646601465986,37.07385561087548,1.122643052420524,3869.1158727050533,-3364.0789602241944
63.64484761196684,3635.515238803316,-97.64942134328223,1.1089721334324643,3636.7568453266017,-3266.4295388809123
63.304311390182185,3669.568860981781,34.053622178465304,1.1137396405374493,3802.5087435197092,-3300.483161059378
65.14892207914855,3485.1077920851453,-184.46106889663625,1.0879150908919204,3399.558808097617,-3116.022092162741
64.94835172695127,3505.1648273048727,20.05703521972748,1.0907230758226822,3624.1311394487775,-3136.079127382469
65.53505403061305,3446.4945969386945,-58.67023036617809,1.0825092435714172,3486.7418573289447,-3077.40889701629
65.20756214360419,3479.2437856395804,32.74918870088612,1.0870941299895414,3610.905880210477,-3110.1580857171766
64.48269774598539,3551.730225401461,72.4864397618802,1.0972422315562047,3723.1194229317853,-3182.644525479057
64.45069208296962,3554.9307917030374,3.2005663015766572,1.0976903108384253,3657.0336676937754,-3185.845091780634
65.28669560606262,3471.330439393738,-83.60035230929981,1.0859862615151232,3486.6441008229226,-3102.244739471334
65.87709220601535,3412.2907793984655,-59.03965999527259,1.0777207091157852,3452.173398694077,-3043.205079476061
66.15062380688104,3384.9376193118956,-27.353160086569517,1.0738912667036655,3456.5105679586222,-3015.8519193894917
67.10753271553888,3289.2467284461122,-95.69089086578373,1.0604945419824556,3292.495343038346,-2920.161028523708
68.46539595753275,3153.4604042467254,-135.78632419938685,1.0414844565945416,3116.632595590744,-2784.374704324321
69.01311295642881,3098.6887043571187,-54.771699889606396,1.0338164186099967,3142.8831880489024,-2729.6030044347153
69.50377808363655,3049.622191636345,-49.0665127207734,1.0269471068290883,3099.5287318087426,-2680.5364917139414
70.32443156221319,2967.5568437786806,-82.0653478576645,1.0154579581290153,2984.476037962887,-2598.471143856277
69.3599989267582,3064.000107324181,96.44326354549975,1.0289600150253855,3259.414410854655,-2694.9144074017768
69.03704353843798,3096.2956461562017,32.29553883202101,1.0334813904618683,3227.557703597761,-2727.2099462337974
69.49395143645725,3050.604856354275,-45.69078980192671,1.0270846798895985,3103.886981872459,-2681.5191564318707
68.54292836557944,3145.7071634420563,95.10230708778096,1.040399002881888,3339.7690715269555,-2776.621463519652
69.45183840721589,3054.8161592784113,-90.8910041636446,1.0276742622989774,3062.8974808524677,-2685.730459356007
68.54495116289469,3145.5048837105314,90.68872443211973,1.0403706837194744,3335.1532374589315,-2776.419183788127
68.25921645635191,3174.0783543648095,28.57347065427831,1.0443709696110732,3301.607454049477,-2804.9926544424056
69.55442474024974,3044.557525975026,-129.52082838978356,1.0262380536365034,3014.0104595316056,-2675.4718260526215
69.19374749434427,3080.625250565573,36.06772459054781,1.0312875350791801,3215.6616876210414,-2711.5395506431696
68.93114504603052,3106.885495396948,26.26024483137428,1.0349639693555728,3232.110776258967,-2737.7997954745438
68.71257338664272,3128.7426613357284,21.857165938780554,1.038023972587002,3249.5618033019223,-2759.6569614133246
69.00754483545902,3099.2455164540984,-29.497144881629822,1.0338943723035738,3168.7144772001648,-2730.1598165316946
68.06386231288903,3193.6137687110972,94.36825225699863,1.0471059276195536,3386.934915040476,-2824.528068788693
67.69349542319245,3230.6504576807556,37.03668896965837,1.0522910640753058,3366.6348555863387,-2861.5647577583513
68.43972284686333,3156.0277153136667,-74.62274236708879,1.0418438801439134,3180.363129066434,-2786.9420153912633
69.47327448146014,3052.6725518539865,-103.35516345968045,1.027374157259558,3048.2900142370463,-2683.5868519315823
69.95480426432195,3004.519573567805,-48.15297828618128,1.0206327402994926,3055.3459625413243,-2635.433873645401
69.180272050587,3081.972794941299,77.45322137349433,1.0314761912917818,3258.3945401235014,-2712.8870950188957
70.05322220952623,2994.677779047378,-87.29501589392186,1.0192548890666329,3006.363508264389,-2625.5920791249737
70.26909882617906,2973.090117382094,-21.58766166528352,1.0162326164334932,3050.4862231003767,-2604.0044174596906
70.85486593495366,2914.5134065046336,-58.576710877460414,1.0080318769106487,2954.928663750263,-2545.4277065822293
72.16571496737755,2783.4285032622447,-131.08490324238886,0.9896799904567142,2751.353920029399,-2414.342803339841
72.41360491913328,2758.6395080866723,-24.78899517557238,0.9862095311321342,2832.8643033799676,-2389.5538081642685
72.74339963992382,2725.6600360076172,-32.97947207905452,0.9815924050410663,2791.6989715235213,-2356.574336085214
74.24342517463225,2575.657482536775,-150.00255347084277,0.9605920475551485,2524.694337018377,-2206.571782614371
72.94265702422426,2705.7342975775737,130.07681504079898,0.9788028016608603,2934.8323098167116,-2336.6485976551703
72.0831435853985,2791.68564146015,85.95134388257577,0.990835989804421,2976.646149352921,-2422.599941537746
73.23983337917277,2676.016662082724,-115.66897937742624,0.9746423326915814,2659.3730403726063,-2306.9309621603197
71.93695204844403,2806.3047951555973,130.2881330728738,0.9928826713217835,3035.6000455571493,-2437.2190952331935
71.8777174481822,2812.2282551817807,5.923460026183136,0.9937119557254492,2917.1580032522384,-2443.1425552593764
71.26982759298328,2873.017240701672,60.78898551989198,1.002222413698234,3032.8040038078657,-2503.9315407792683
70.1909096255443,2980.909037445571,107.89179674389828,1.01732726524238,3187.783506924227,-2611.823337523167
69.25007194139584,3074.9928058604155,94.08376841484483,1.0304989928204582,3268.0460752824397,-2705.907105938012
69.25762895337265,3074.237104662735,-0.7557011976800254,1.030393194652783,3172.451010270402,-2705.1514047403316
68.06690739005005,3193.309260994995,119.07215633225974,1.0470632965392994,3411.3343540307155,-2824.223561072591
68.28029736352174,3171.970263647826,-21.338997347169197,1.0440758369106955,3249.5871904637456,-2802.884563725422
67.62659599007608,3237.3404009923916,65.37013734456565,1.0532276561389349,3401.6573106808182,-2868.2547010699873
68.58793337921773,3141.206662078227,-96.13373891416472,1.0397689326909516,3144.0331542313716,-2772.120962155823
68.34831987346503,3165.1680126534975,23.961350575270046,1.0431235217714896,3288.086239706996,-2796.082312731093
67.67269618243581,3232.730381756419,67.5623691029216,1.0525822534458986,3399.2401686058943,-2863.6446818340146
66.22284779127146,3377.7152208728535,144.98483911643518,1.0728801309221994,3621.627179858366,-3008.6295209504497
66.20670637590277,3379.329362409723,1.6141415368693401,1.0731061107373612,3479.8703978358553,-3010.243662487319
