Underlying Price,Call Premium,Put Premium,Max Loss,Breakeven Up,Breakeven Down
97.30914300077596,1.6193510568112757,4.191231270554347,581.0582327365623,105.81058232736561,94.18941767263439
97.88679299020865,1.8386028518433477,3.8329521012296723,567.155495307302,105.67155495307301,94.32844504692699
95.3998601921308,1.017910526812269,5.499311599494234,651.7222126306503,106.5172221263065,93.4827778736935
95.58412038676893,1.0662525452088367,5.363512448612298,642.9764993821134,106.42976499382114,93.57023500617886
95.20760494008935,0.9659240523871588,5.639818427971633,660.5742480358792,106.60574248035878,93.39425751964122
95.17434446497316,0.956417681061744,5.663691557405713,662.0109238467456,106.62010923846745,93.37989076153255
92.6750521646129,0.4644533346033999,7.671138537092759,813.5591871696158,108.13559187169616,91.86440812830384
91.99459335271423,0.37252005568384305,8.259783095998841,863.2303151682685,108.63230315168269,91.36769684831731
91.94049345234632,0.3652780507018054,8.306760017453556,867.2038068155362,108.67203806815536,91.32796193184464
92.28174253173904,0.4076880088143291,8.008039922383986,841.5727931198315,108.41572793119832,91.58427206880168
90.39866790711064,0.212565733438578,9.696111297989148,990.8677031427725,109.90867703142773,90.09132296857227
91.5129865833096,0.3146775187611084,8.684023433607038,899.8700952368147,108.99870095236814,91.00129904763186
90.89265790337043,0.2530227429096863,9.242816364330977,949.5839107240663,109.49583910724067,90.50416089275933
89.35339102545697,0.14185327515869606,10.671032801271437,1081.2886076430132,110.81288607643013,89.18711392356987
89.63234561499053,0.1577813660513847,10.40812532955043,1056.5906695601814,110.56590669560181,89.43409330439819
90.57139235175867,0.22396976760289622,9.535386021395496,975.9355788998391,109.75935578899839,90.24064421100161
91.60488254473998,0.32161731231439283,8.599662400329223,892.1279712643616,108.92127971264361,91.07872028735639
91.50939125603523,0.31070772432754445,8.68436312839249,899.5070852720036,108.99507085272003,91.00492914727997
91.49175458435423,0.3082402753453515,8.699651378578523,900.7891653923874,109.00789165392388,90.99210834607612
91.03252699473312,0.26210120676052284,9.112858927243877,937.49601340044,109.3749601340044,90.6250398659956
90.50484392175824,0.2162169993236347,9.594776820552767,981.0993819876401,109.8109938198764,90.1890061801236
90.48653419208961,0.2142946997497308,9.611283278560236,982.5577978309967,109.82557797830997,90.17442202169003
89.56910191633263,0.1509574349874674,10.465497317609533,1061.6454752597,110.616454752597,89.383545247403
86.60187596806179,0.04193706378087514,13.323821922870195,1336.575898665107,113.36575898665107,86.63424101334893
86.82132616703909,0.046324346518836546,13.108878034969123,1315.5202381487961,113.15520238148795,86.84479761851205
84.76175422840348,0.016575251145289793,15.138819906711305,1515.5395157856594,115.15539515785659,84.84460484214341
85.73971701940506,0.027288184180329633,14.171689077366722,1419.8977261547052,114.19897726154706,85.80102273845294
84.12944363235822,0.011679188988275357,15.766472497985305,1577.8151686973579,115.77815168697359,84.22184831302641
84.77959038706541,0.016517583192486973,15.121283166387968,1513.7800749580456,115.13780074958045,84.86219925041955
84.64475692400632,0.015307104912075986,15.255025180214133,1527.0332285126208,115.27033228512622,84.72966771487378
83.57380083134548,0.008434147649047374,16.31922734480125,1632.7661492450297,116.32766149245029,83.67233850754971
82.85323735678176,0.005514663149174648,17.03699036419627,1704.2505027345446,117.04250502734544,82.95749497265456
81.27661019875706,0.002052225870046359,18.610274114414864,1861.2326340284908,118.61232634028491,81.38767365971509
81.91092245922368,0.003062990869370591,17.977091648562435,1798.0154639431805,117.9801546394318,82.0198453605682
81.65109672368492,0.0025821531355316174,18.236555576124033,1823.9137729259564,118.23913772925957,81.76086227074043
82.36929501577406,0.004027071522629211,17.51992123232054,1752.394830384317,117.52394830384317,82.47605169615683
79.83894019715312,0.0007512707188777334,20.04711928017811,2004.7870550896987,120.04787055089699,79.95212944910301
79.7619855487471,0.0007061833682602339,20.124147871415744,2012.4854054784005,120.12485405478401,79.87514594521599
79.43224507523222,0.0005528731591749395,20.453854065045633,2045.4406938204809,120.45440693820481,79.54559306179519
77.90276035726971,0.00017185421844681005,21.983076794533332,2198.324864875178,121.98324864875178,78.01675135124822
77.96313611184539,0.00017872825850327213,21.922826944605475,2192.300567286398,121.92300567286398,78.07699432713602
78.43275884117638,0.0002556305568593986,21.453400148322444,2145.3655778879306,121.45365577887931,78.54634422112069
78.28772065525203,0.00022663035524428214,21.598528364936627,2159.875499529187,121.59875499529187,78.40124500470813
78.55559503810758,0.00027640411613060953,21.330822786875274,2133.1099190991404,121.33109919099141,78.66890080900859
77.88797641079157,0.00016273903753217384,21.998446780287836,2199.860951932537,121.99860951932537,78.00139048067463
79.13075389032113,0.0004200712529836524,20.75604566429071,2075.6465735543693,120.7564657355437,79.2435342644563
77.66850250442174,0.0001341472191196194,22.218130157615093,2221.826430483421,122.21826430483421,77.78173569516579
77.70555927330382,0.0001370048097346678,22.181195277924303,2218.133228273404,122.18133228273403,77.81866771726597
78.2980998123554,0.0002173485656638465,21.588854114371188,2158.907146293685,121.58907146293686,78.41092853706314
78.93733405910899,0.00035220065798998584,20.949873751594282,2095.022595225227,120.95022595225227,79.04977404774773
79.53512900357535,0.0005448877942034469,20.35239052629035,2035.2935414084552,120.35293541408456,79.64706458591544
80.02032072042023,0.0007676491171456842,19.8675406029365,1986.8308252053648,119.86830825205365,80.13169174794635
79.74484326365325,0.0006252963144325191,20.14299473921068,2014.362003552511,120.14362003552512,79.85637996447488
80.35047678121346,0.0009555839535646746,19.53781054174138,1953.8766125694945,119.53876612569495,80.46123387430505
80.42362076247613,0.0009987288055503113,19.464828737924293,1946.5827466729845,119.46582746672985,80.53417253327015
79.71098211268318,0.0005966656371511753,20.177184357284318,2017.778102292147,120.17778102292147,79.82221897707853
79.41115314155665,0.0004752206323497925,20.477010916283348,2047.7486136915697,120.4774861369157,79.5225138630843
79.32222657815453,0.00044143639079005995,20.566022728463054,2056.6464164853846,120.56646416485384,79.43353583514616
78.21259756373153,0.00018669898667879846,21.67551603864294,2167.5702737629617,121.67570273762962,78.32429726237038
79.85123555528382,0.0006412196033128634,20.037451601010133,2003.8092820613447,120.03809282061344,79.96190717938656
80.00073761449451,0.0007090205926340298,19.888136376233476,1988.884539682611,119.88884539682611,80.11115460317389
78.66471152130646,0.00025940703239874137,21.22383188944785,2122.409129648025,121.22409129648025,78.77590870351975
76.73334989915452,5.300621787530761e-05,23.155106144513667,2315.5159150731542,123.15515915073154,76.84484084926846
76.38285787651625,3.868962870916823e-05,23.505702884432992,2350.5741574061703,123.5057415740617,76.4942584259383
76.31007737140398,3.592000168967102e-05,23.578599653930354,2357.8635573932042,123.57863557393205,76.42136442606795
76.58804435935286,4.536801315353171e-05,23.300761148146876,2330.080651616003,123.30080651616002,76.69919348383998
76.72865267320556,5.074589656656279e-05,23.16027724647337,2316.0327992369935,123.16032799236994,76.83967200763006
76.4968402016973,4.1057982860353594e-05,23.39219906450559,2339.2240122488447,123.39224012248845,76.60775987751155
76.0577835293222,2.752585718049415e-05,23.8313612393345,2383.1388765191678,123.83138876519168,76.16861123480832
75.70472187132306,1.977121356043477e-05,24.184534177411336,2418.4553948624894,124.1845539486249,75.8154460513751
76.64725053555092,4.542922822904768e-05,23.24215020606134,2324.2195635289568,123.24219563528956,76.75780436471044
77.21235086502591,7.310608594126525e-05,22.677196588449092,2267.7269694535034,122.67726969453503,77.32273030546497
78.15741106704156,0.00015809205345123332,21.732340407547852,2173.24984996013,121.7324984996013,78.2675015003987
77.64892853322331,0.00010341073509094034,22.240887295336492,2224.099070607158,122.24099070607159,77.75900929392841
77.52109074466247,9.211145669719457e-05,22.368832820049533,2236.892493150623,122.36892493150623,77.63107506849377
77.35358187597863,7.927256595426958e-05,22.536447885415058,2253.6527157981013,122.53652715798101,77.46347284201899
79.26414665504267,0.0003634377712072902,20.626286307270576,2062.664974504178,120.62664974504179,79.37335025495821
77.335750097275,7.6601740815147e-05,22.554515064863992,2255.4591666604806,122.55459166660481,77.44540833339519
78.03892918924032,0.00013609150522506455,21.851514498661103,2185.1650590166328,121.85165059016633,78.14834940983367
78.35976190325923,0.00017482290571763266,21.5308395521825,2153.1014375088216,121.53101437508822,78.46898562491178
78.43638597184369,0.00018425058676144884,21.454343947560787,2145.452819814755,121.45452819814754,78.54547180185246
77.93166504605459,0.00012127444669388088,21.959120933633386,2195.924220808008,121.95924220808008,78.04075779191992
77.87783282407695,0.00011494426292811295,22.013065861992658,2201.3180806255587,122.01318080625559,77.98681919374441
76.79631338044703,4.535969294706564e-05,23.09463475775985,2309.4680117452795,123.0946801174528,76.9053198825472
78.09061613490363,0.00013440606208180508,21.80054008652148,2180.067449258356,121.80067449258357,78.19932550741643
77.11663965366444,5.873194255775864e-05,22.774559930632122,2277.461866257468,122.77461866257468,77.22538133742532
76.54264529980163,3.5143946498909263e-05,23.34864973363166,2334.8684877578157,123.34868487757817,76.65131512242183
77.63662860299986,8.968974670282154e-05,22.254840013508314,2225.4929703255016,122.25492970325502,77.74507029674498
77.23400871889086,6.306939103678522e-05,22.657552314678142,2265.7615384069177,122.65761538406917,77.34238461593083
77.00035158940442,5.100162305793007e-05,22.89131641395501,2289.1367415578065,122.89136741557807,77.10863258442193
76.45413267499202,3.112282904568081e-05,23.4376344872736,2343.7665610102645,123.43766561010264,76.56233438989736
76.59322358972531,3.488037408664853e-05,23.29866636792744,2329.8701248301527,123.29870124830153,76.70129875169847
75.61145691531881,1.4020069645382131e-05,24.28053122001343,2428.0545240083075,124.28054524008307,75.71945475991693
76.0568956450596,2.098855571342124e-05,23.835218496884508,2383.5239485440225,123.83523948544023,76.16476051455977
76.64154469564437,3.528188147845692e-05,23.25070277789314,2325.0738059774617,123.25073805977462,76.74926194022538
76.07340873964365,2.084204566114834e-05,23.81894333246754,2381.8964174513203,123.8189641745132,76.1810358254868
76.28807380693202,2.5097552303974223e-05,23.604401559237147,2360.442665678945,123.60442665678946,76.39557334321054
76.7889442869692,3.898100778944357e-05,23.103664001348648,2310.370298235644,123.10370298235644,76.89629701764356
75.7380258192092,1.474119817897147e-05,24.154677268134108,2415.469200933229,124.1546920093323,75.8453079906677
77.10486949260579,5.045209966564931e-05,22.787988344615925,2278.803879671559,122.7880387967156,77.2119612032844
76.26007270137052,2.340932635262337e-05,23.63287713219664,2363.2900541522995,123.63290054152299,76.36709945847701
76.53854845674125,2.9840084989443596e-05,23.35452684684516,2335.455668693015,123.35455668693015,76.64544331306985
75.34267145281743,9.649079594478498e-06,24.55050269916609,2455.0512348245684,124.55051234824569,75.44948765175431
74.34098887063787,3.530141295800596e-06,25.552298201951672,2555.230173209297,125.55230173209297,74.44769826790703
75.05894492381135,7.144983743884799e-06,24.83446480330683,2483.4471948290575,124.83447194829057,75.16552805170943
73.755027768625,1.8742211516300925e-06,26.138495727558634,2613.8497601779786,126.13849760177979,73.86150239822021
72.7203108354453,6.037609497652364e-07,27.173330430248015,2717.3331034008966,127.17333103400897,72.82666896599103
71.45495721320198,1.390950041438018e-07,28.438802627937136,2843.880276703214,128.43880276703214,71.56119723296786
70.86927131382349,6.756628048457788e-08,29.02460749604053,2902.460756360681,129.02460756360682,70.9753924363932
70.89434512367933,6.847721889778166e-08,28.999652727491096,2899.965279596832,128.9996527959683,71.00034720403168
69.82200580553157,1.7482115258975524e-08,30.072111035181067,3007.211105266318,130.07211105266316,69.92788894733683
70.18319643741336,2.725088673000949e-08,29.711039453747247,2971.1039480998134,129.71103948099812,70.28896051900186
69.70862689777502,1.4534559822044555e-08,30.185728021490306,3018.5728036024866,130.18572803602487,69.81427196397513
70.76089858726863,5.420677941073514e-08,29.133575412631814,2913.3575466838593,129.13357546683858,70.8664245331614
70.35345635624053,3.200767938689403e-08,29.541136662565563,2954.1136694573242,129.54113669457325,70.45886330542676
69.65012162799951,1.2717334701871711e-08,30.24459041276286,3024.459042548019,130.2445904254802,69.7554095745198
69.74944730940443,1.4205499398834725e-08,30.14538377423456,3014.5383788440063,130.14538378844006,69.85461621155994
69.9339113900113,1.771217828220764e-08,29.961038738664698,2996.1038756376875,129.96103875637687,70.03896124362312
68.92845257090237,4.573158734198803e-09,30.966616586306813,3096.661659087997,130.96661659087997,69.03338340912003
69.07004300784584,5.4310720848851295e-09,30.825145192035293,3082.514519746637,130.82514519746638,69.17485480253363
68.22166257934693,1.6456404215966252e-09,31.673644658704674,3167.3644660350315,131.6736446603503,68.32635533964968
69.7715352365732,1.3285685315335543e-08,30.123891055216205,3012.389106850189,130.1238910685019,69.87610893149811
69.15620538996504,5.7440117244900324e-09,30.739339936522327,3073.9339942266342,130.73933994226633,69.26066005773366
69.84139077373865,1.4007997153001564e-08,30.054273603394165,3005.4273617402164,130.05427361740215,69.94572638259784
71.08548367840612,6.665951152900078e-08,28.81029979390155,2881.029986056106,128.81029986056106,71.18970013943894
71.28177210791013,8.33054815509225e-08,28.6141304237087,2861.413050701418,128.61413050701418,71.38586949298582
70.87462125789568,4.9553051712555846e-08,29.021400282777762,2902.1400332330813,129.0214003323308,70.97859966766919
70.29822786379279,2.3468327492812084e-08,29.59791269374486,2959.791271721319,129.5979127172132,70.40208728278681
70.37903676768704,2.5547064534589655e-08,29.51722283502012,2951.7222860567185,129.5172228605672,70.48277713943281
68.29144362523971,1.495188276677669e-09,31.604934996648225,3160.4934998143412,131.60493499814342,68.39506500185658
68.09794979723172,1.1092710259229443e-09,31.7985478676448,3179.854786875407,131.79854786875407,68.20145213124593
68.77881038826062,2.8425270887030364e-09,31.1178063218655,3111.7806324708026,131.11780632470803,68.88219367529197
67.91375865432835,8.128835378453755e-10,31.982977097426357,3198.297709823924,131.98297709823925,68.01702290176075
67.39538309319487,3.702506386357335e-10,32.50147170191727,3250.1471702287517,132.50147170228752,67.49852829771248
66.66273402466129,1.1866277934319343e-10,33.23423981414119,3323.423981425985,133.23423981425987,66.76576018574015
66.49875012857282,8.968583176383337e-11,33.398342754284485,3339.834275437417,133.39834275437417,66.60165724562583
65.38631423283717,1.462939068825806e-11,34.510897694170765,3451.0897694185396,134.5108976941854,65.48910230581461
66.44717730788338,7.86666017706362e-11,33.45015366355611,3345.0153663634774,133.45015366363478,66.54984633636522
65.4621681086267,1.5705642453656087e-11,34.435281907259196,3443.52819072749,134.43528190727488,65.5647180927251
66.36579328771516,6.57772150852677e-11,33.53177577287205,3353.1775772937826,133.53177577293783,66.46822422706217
65.74290186543182,2.3582777049309456e-11,34.154786239906315,3415.47862399299,134.15478623992988,65.84521376007011
66.35053240600686,6.100510515177398e-11,33.547274744303635,3354.727474436464,133.54727474436464,66.45272525563536
65.9276152596181,3.0188544871444457e-11,33.97031093573844,3397.031093576863,133.97031093576862,66.02968906423138
64.55048077288527,2.922372281021353e-12,35.34756446766269,3534.756446766561,135.34756446766562,64.65243553233438
64.44056746345568,2.344495319672716e-12,35.45759682245226,3545.7596822454607,135.4575968224546,64.5424031775454
63.93119361804366,9.252739729497876e-13,35.967089713365276,3596.70897133662,135.9670897133662,64.03291028663381
62.57454785557252,7.287122695619023e-14,37.32385452147985,3732.3854521479925,137.32385452147992,62.67614547852008
62.010708663287076,2.3607791777821964e-14,37.88781275955137,3788.7812759551393,137.8878127595514,62.1121872404486
63.00038495006213,1.5283680809929066e-13,36.89825551870446,3689.825551870462,136.89825551870462,63.101744481295384
61.51743072380484,8.236143417941478e-15,38.38132879103147,3838.132879103148,138.38132879103148,61.618671208968514
61.24110091948053,4.530138409449097e-15,38.6577776415675,3865.7777641567504,138.6577776415675,61.3422223584325
61.89572566607977,1.6353018087204522e-14,38.00327194132187,3800.327194132188,138.00327194132188,61.996728058678116
63.78884766390415,5.767507991283564e-13,36.11026898999353,3611.0268989994106,136.1102689899941,63.88973101000589
63.95596592627078,7.56493463780502e-13,35.943269774264394,3594.3269774265145,135.94326977426516,64.05673022573485
64.2162627659348,1.1699001585658977e-12,35.68309198137999,3568.3091981381162,135.68309198138115,64.31690801861885
64.05785620331409,8.542934277404897e-13,35.841617590921416,3584.161759092227,135.84161759092228,64.15838240907773
64.35664282725088,1.4130105620644092e-12,35.5429500140481,3554.2950014049516,135.5429500140495,64.45704998595049
64.22214949466098,1.0784557902842514e-12,35.677562393842464,3567.7562393843546,135.67756239384354,64.32243760615646
64.12117440988739,8.724210812199089e-13,35.778656525962475,3577.8656525963347,135.77865652596336,64.22134347403666
65.10105910164727,4.742399744705351e-12,34.79889088169499,3479.8890881699726,134.79889088169972,65.20110911830027
65.6607589369236,1.1908006657194234e-11,34.23931009405621,3423.9310094068114,134.23931009406812,65.76068990593188
66.4614891271166,4.317680114735169e-11,33.43869895166674,3343.8698951709916,133.4386989517099,66.56130104829009
67.2500963058885,1.4649923630601961e-10,32.650210820912235,3265.0210821058736,132.65021082105875,67.34978917894126
67.17069088071597,1.2622069193825124e-10,32.729735294120474,3272.9735294246693,132.7297352942467,67.2702647057533
67.8378869206352,3.4308331983102015e-10,32.062658302615944,3206.265830295903,132.06265830295902,67.93734169704098
67.47919768051824,1.936077279827796e-10,32.42146659092313,3242.146659111674,132.42146659111674,67.57853340888326
66.9114562309787,7.769447488011728e-11,32.98932708882833,3298.932708890603,132.989327088906,67.01067291109398
67.3504513387581,1.5083333982651042e-10,32.55045102974552,3255.045102989635,132.55045102989635,67.44954897010365
68.15977701376104,5.052495849644873e-10,31.741244403862282,3174.124440436753,131.74124440436754,68.25875559563246
69.1786551851919,2.1819267230580904e-09,30.722485283015274,3072.2485285197204,130.7224852851972,69.2775147148028
68.51094789123987,8.111623794751528e-10,31.390311624645577,3139.031162545674,131.39031162545672,68.60968837454327
68.67209560697748,1.003748944777968e-09,31.22928295829145,3122.9282959295197,131.2292829592952,68.7707170407048
68.31438200510767,5.7808299108209e-10,31.587115609068363,3158.7115609646444,131.58711560964645,68.41288439035355
68.38880166988702,6.305032495647033e-10,31.512814993816093,3151.28149944466,131.51281499444661,68.4871850055534
68.48721292195259,7.12417319596361e-10,31.414522791448945,3141.4522792161365,131.41452279216136,68.58547720783864
68.59900283312878,8.206633342059281e-10,31.30285193013937,3130.2851930960032,131.30285193096003,68.69714806903997
68.12243413102489,3.9326947150061745e-10,31.779539681716102,3177.953968210937,131.77953968210937,68.22046031789063
68.2790405745679,4.858853115147049e-10,31.623052288307818,3162.3052288793706,131.6230522887937,68.3769477112063
67.2577052345418,9.818268672920125e-11,32.6445066781302,3264.450667822838,132.64450667822837,67.35549332177162
67.71459140465622,1.9552040195807205e-10,32.18773955843895,3218.773955863447,132.18773955863446,67.81226044136552
66.82417454359297,4.65196058554869e-11,33.07827546982091,3307.8275469867426,133.07827546986744,66.92172453013256
65.42910827244309,4.362331212244677e-12,34.473460791538244,3447.3460791542607,134.4734607915426,65.5265392084574
65.28698994433871,3.304605435450021e-12,34.61569817039299,3461.5698170396295,134.61569817039629,65.3843018296037
65.55642985618574,5.122337478378739e-12,34.34637730944111,3434.6377309446234,134.3463773094462,65.65362269055377
65.16411181208187,2.5054225087553484e-12,34.73881440457757,3473.8814404580075,134.73881440458007,65.26118559541993
65.33373651522926,3.2736842730820076e-12,34.569308752607995,3456.930875261127,134.56930875261128,65.43069124738874
66.39792254780077,1.9560773618600645e-11,33.505241771371686,3350.5241771391247,133.50524177139124,66.49475822860876
66.43260715374217,2.014299878711915e-11,33.47067621689169,3347.0676216911834,133.47067621691184,66.52932378308817
66.45458584557355,2.0308183460014678e-11,33.448816576663134,3344.881657668344,133.44881657668344,66.55118342331656
67.39257791257775,9.089710591209897e-11,32.510943561474065,3251.0943561564964,132.51094356156494,67.48905643843504
66.21717017150576,1.2881617984685322e-11,33.686470354354455,3368.647035436734,133.68647035436732,66.31352964563267
65.89678440674834,7.25207078596124e-12,34.00697517113454,3400.69751711418,134.0069751711418,65.99302482885821
66.44981085690873,1.7972550361514403e-11,33.45406777315502,3345.4067773172987,133.454067773173,66.545932226827
65.51374161779546,3.513742304415879e-12,34.39025606456585,3439.025606456936,134.39025606456937,65.60974393543064
65.61863600082958,4.094018304545272e-12,34.28548073398619,3428.5480733990285,134.28548073399028,65.71451926600972
65.64271731068345,4.141341093872143e-12,34.26151847672813,3426.151847673227,134.26151847673225,65.73848152326774
65.63200675088828,3.942077626593209e-12,34.27234808926076,3427.23480892647,134.2723480892647,65.7276519107353
65.65811521773944,4.001615477811466e-12,34.24635867528916,3424.635867529316,134.24635867529315,65.75364132470683
65.95948744461491,6.5514108573381885e-12,33.94510550143761,3394.510550144416,133.94510550144417,66.05489449855584
64.77040997824926,7.675250744713811e-13,35.13430202096072,3513.4302020961486,135.13430202096148,64.86569797903852
63.837813676699895,1.2939151752194858e-13,36.067017375814565,3606.7017375814694,136.0670173758147,63.93298262418531
63.26183231819707,4.074361096032259e-14,36.643117787764304,3664.3117787764345,136.64311778776434,63.356882212235654
63.651912784278885,8.42779274407076e-14,36.25315637527139,3625.3156375271474,136.2531563752715,63.74684362472853
64.55066626552205,4.482900607211743e-13,35.35452194775932,3535.452194775977,135.3545219477598,64.64547805224022
64.12550004584308,1.9493204462248615e-13,35.77980722131065,3577.980722131084,135.77980722131085,64.22019277868915
64.48027089620963,3.6754302264373765e-13,35.42515542495876,3542.515542495913,135.42515542495914,64.57484457504087
65.0417517299002,1.0017734679957642e-12,34.86379364542519,3486.379364542619,134.8637936454262,65.13620635457382
65.1489792040249,1.1782750005294817e-12,34.756685225598886,3475.6685225600067,134.75668522560005,65.24331477439993
64.96625763952716,8.172229885202418e-13,34.93952584453636,3493.952584453718,134.93952584453717,65.06047415546281
65.34946763473131,1.5866302024568728e-12,34.55643490391496,3455.6434903916547,134.55643490391657,65.44356509608345
65.86313152886585,3.8340926980502596e-12,34.04289006450654,3404.2890064510375,134.04289006451037,65.95710993548963
64.84430954339304,5.908484682760499e-13,35.061831104841815,3506.1831104842404,135.0618311048424,64.93816889515759
65.07647706227925,8.761927131034235e-13,34.82978264096349,3482.978264096436,134.82978264096437,65.17021735903563
65.93726686862335,3.977029026206303e-12,33.969111889771966,3396.9111889775945,133.96911188977595,66.03088811022405
65.71838895650089,2.6163614336339775e-12,34.1881088571844,3418.8108857187017,134.18810885718702,65.81189114281298
66.14344011555198,5.3624106449078006e-12,33.7631767535693,3376.317675357466,133.76317675357467,66.23682324642535
67.20035576119373,3.1439630572105257e-11,32.70638016352872,3270.638016356016,132.70638016356014,67.29361983643985
67.66652860108658,6.567019722264794e-11,32.24032637938706,3224.0326379452727,132.2403263794527,67.75967362054728
68.93621873866313,4.717951172044022e-10,30.97075529807549,3097.0755298547283,130.9707552985473,69.02924470145271
68.98232024715935,4.933563980145723e-10,30.924772845601538,3092.4772846094893,130.9247728460949,69.0752271539051
69.53368029977489,1.1027273970799225e-09,30.373531849737958,3037.3531850840686,130.3735318508407,69.62646814915931
70.58084850423441,4.900228632514578e-09,29.32648270536042,2932.648271026065,129.32648271026065,70.67351728973935
70.31732373086855,3.2932780267891683e-09,29.59012653354567,2959.0126536838948,129.59012653683897,70.40987346316105
70.67070909571285,5.312932027967315e-09,29.23686022728924,2923.686023260217,129.23686023260217,70.76313976739783
70.2288555773863,2.767210876084015e-09,29.678832799780196,2967.883280254741,129.6788328025474,70.3211671974526
70.44089929454206,3.663255086788342e-09,29.466908140372425,2946.6908144035683,129.4669081440357,70.53309185596432
70.12849630373604,2.2821398645766885e-09,29.77943018679119,2977.9430189073328,129.7794301890733,70.22056981092668
69.68177406157243,1.1555604182418995e-09,30.22627148496396,3022.6271486119517,130.22627148611951,69.77372851388049
70.6908424563601,4.873284963955064e-09,29.217322151171587,2921.7322156044875,129.21732215604487,70.78267784395513
71.22747884031703,1.0076432893750595e-08,28.6808048298373,2868.0804839913735,128.68080483991372,71.31919516008627
71.38987002454625,1.2317664792852052e-08,28.518532705410664,2851.8532717728326,128.51853271772833,71.48146728227167
72.43860141757403,4.878785700289829e-08,27.469920406556312,2746.992045534417,127.46992045534417,72.53007954465583
72.43144994821412,4.736232850205453e-08,27.47719093233583,2747.7190979698157,127.47719097969816,72.52280902030184
73.24428965195519,1.3074897394590282e-07,26.664470369968384,2666.4470500717357,126.66447050071736,73.33552949928264
71.5522546698431,1.4082325283750685e-08,28.35662429354271,2835.6624307625034,128.35662430762505,71.64337569237496
70.81709395469237,4.9544833859303504e-09,29.091904057836317,2909.19040627908,129.0919040627908,70.9080959372092
72.20659320752779,3.247244114530849e-08,27.702523890931488,2770.2523923403933,127.70252392340393,72.29747607659607
72.51485126288732,4.7657816660058745e-08,27.39438490931184,2739.4384956969657,127.39438495696966,72.60561504303034
73.54993983923886,1.7371733636222593e-07,26.359415517716172,2635.941569143351,126.35941569143351,73.64058430856649
73.08584278330935,9.533338306772392e-08,26.823631554100018,2682.36316494334,126.8236316494334,73.1763683505666
72.411459817876,3.91245654519927e-08,27.498133522304684,2749.813356142925,127.49813356142926,72.50186643857074
72.63491490942546,5.132596660473346e-08,27.27479750207864,2727.4797553404605,127.27479755340461,72.72520244659539
73.1715143813858,1.0015781615890823e-07,26.73831713821403,2673.8317238371847,126.73831723837185,73.26168276162815
74.77689081764997,6.915662165845278e-07,25.133060352764062,2513.306104433028,125.13306104433028,74.86693895566972
74.53222726369543,5.099580496216417e-07,25.37784278465807,2537.784329461612,125.37784329461613,74.62215670538387
74.27392483408374,3.682741424059269e-07,25.636264132275386,2563.626450054953,125.63626450054953,74.36373549945047
73.6853474470238,1.7638179226550982e-07,26.22496038727438,2622.4960563656173,126.22496056365617,73.77503943634383
72.26436773803488,2.77660559427775e-08,27.646059007620877,2764.6059035386934,127.64605903538693,72.35394096461307
72.7679157758453,5.283029293069855e-08,27.142630054989866,2714.2630107820155,127.14263010782015,72.85736989217985
73.19617621971652,8.991824121932327e-08,26.714488708463634,2671.4488798381876,126.71448879838188,73.28551120161812
74.89876413255524,7.056349952939031e-07,25.012020471740584,2501.202117737558,125.01202117737557,74.98797882262443
74.0037580504011,2.3746976126937824e-07,25.907145146270324,2590.7145383740085,125.90714538374009,74.09285461625991
75.00616954530138,7.722985276005875e-07,24.9048532468815,2490.485401918003,124.90485401918004,75.09514598081996
74.65195086608892,5.003288149885889e-07,25.259190714948815,2525.9191215277633,125.25919121527762,74.74080878472238
73.92640148798314,2.039372240244439e-07,25.984858857629476,2598.48590615667,125.9848590615667,74.0151409384333
75.68887965229452,1.603472606217214e-06,24.2225011539618,2422.2502757434404,124.22250275743441,75.77749724256559
74.36084746780925,3.340927098018315e-07,25.55065113031739,2555.0651464410103,125.5506514644101,74.4493485355899
77.06496211919716,6.9280874181025e-06,22.84666213431629,2284.6669062403707,122.8466690624037,77.1533309375963
76.66425416705961,4.463646300068111e-06,23.247486683546697,2324.7491147192995,123.247491147193,76.752508852807
75.46246279740228,1.15917697208951e-06,24.44939381041057,2444.9394969587543,124.44939496958754,75.55060503041246
74.45974774185459,3.495910330722756e-07,25.45222711819008,2545.2227467781113,125.45222746778111,74.54777253221889
74.11353339222866,2.246896299772898e-07,25.798560404874223,2579.8560629563854,125.79856062956385,74.20143937043615
74.09955935823407,2.166374294571783e-07,25.812653492918116,2581.2653709555543,125.81265370955555,74.18734629044445
74.33865545023792,2.8518420356219844e-07,25.573676531704436,2557.3676816888637,125.57367681688864,74.42632318311136
73.78726867925299,1.410593485355253e-07,26.12518222094978,2612.518236200913,126.12518236200913,73.87481763799087
74.35480698909248,2.800429998908937e-07,25.557763112621103,2555.7763392664106,125.5577633926641,74.4422366073359
74.25385431050017,2.42686620013032e-07,25.65883481652608,2565.88350592127,125.6588350592127,74.3411649407873
76.55616252979287,3.4505960604319717e-06,23.35664886795375,2335.6652318549814,123.3566523185498,76.6433476814502
77.17905786700129,6.627537271819634e-06,22.733875770639358,2273.388239817663,122.73388239817663,77.26611760182337
78.19716948765523,1.857418614396823e-05,21.715895159728973,2171.5913733915118,121.71591373391512,78.28408626608488
78.2433460215347,1.9183465598943388e-05,21.66983829836552,2166.985748183112,121.66985748183112,78.33014251816888
78.75511463525655,3.1302997051700296e-05,21.15820086755359,2115.823217055064,121.15823217055065,78.84176782944935
80.30948581522873,0.0001308942401025085,19.60404834234481,1960.4179236584912,119.60417923658491,80.39582076341509
80.39999694033921,0.00014022088304242383,19.513665607539494,1951.3805828422537,119.51380582842253,80.48619417157747
81.9118586836361,0.0004990219476806237,18.002281729111374,1800.2780751059056,118.00278075105905,81.99721924894095
83.46838846346182,0.0016475738396635187,16.44701956512361,1644.8667138963274,116.44866713896327,83.55133286103673
84.59847739515114,0.003656865964198952,15.31905898964672,1532.271585561092,115.32271585561092,84.67728414438908
85.84269407586105,0.00827329493916984,14.079577802141543,1408.785109708071,114.08785109708072,85.91214890291928
86.6471610155076,0.013539092340416725,13.280495724267894,1329.403481660831,113.29403481660832,86.70596518339168
86.84176539420928,0.015129234046804108,13.087600551786139,1310.2729785832942,113.10272978583295,86.89727021416705
85.96892834230646,0.008792252798352551,13.954219687095943,1396.3011939894295,113.9630119398943,86.0369880601057
86.4733126592509,0.011964033114120753,13.453126215264561,1346.509024837868,113.46509024837869,86.53490975162131
87.29957018860436,0.01948064042615738,12.634504358162317,1265.3984998588476,112.65398499858847,87.34601500141153
87.13247852404687,0.017569866982626192,12.799804314357374,1281.737418134,112.81737418134,87.18262581866
87.53759616410534,0.02210817084512473,12.399344043384374,1242.1452214229498,112.4214522142295,87.5785477857705
88.56230840190756,0.03880427245915974,11.391446972561042,1143.0251245020202,111.4302512450202,88.5697487549798
88.90307582047043,0.046255941272059786,11.058250288317794,1110.4506229589854,111.10450622958986,88.89549377041014
88.78039633533155,0.04316983766353588,11.177962735496777,1122.1132573160312,111.22113257316032,88.77886742683968
87.82242724931334,0.025453901217601382,12.118334950859577,1214.3788852077178,112.14378885207718,87.85621114792282
86.63627676641468,0.01259646952720872,13.29174706800022,1330.4343537527427,113.30434353752743,86.69565646247257
87.66393904779922,0.02301651876929456,12.274623901932074,1229.7640420701368,112.29764042070137,87.70235957929863
89.26377946958397,0.05453378829037492,10.706419815884573,1076.0953604174947,110.76095360417494,89.23904639582506
90.93762306262096,0.12208129978085847,9.100242800696122,922.2324100476982,109.22232410047698,90.77767589952302
91.68884328068772,0.16975986435275914,8.396820213701204,856.6580078053963,108.56658007805396,91.43341992194604
93.83989182306198,0.39875059440815086,6.474881468024179,687.363206243233,106.87363206243234,93.12636793756766
94.5264004089426,0.5083602574730897,5.898101611992232,640.6461869465321,106.40646186946532,93.59353813053468
93.87392887521108,0.4019361747837369,6.444268129960008,684.6204304743745,106.84620430474375,93.15379569525625
93.8704253902187,0.4005158354408671,6.446470342677031,684.6986178117899,106.8469861781179,93.1530138218821
93.55123405881346,0.35491652708621046,6.720181432936997,707.5097960023207,107.0750979600232,92.9249020399768
94.03983806252575,0.424132124842151,6.3009120943319346,672.5044219174085,106.72504421917408,93.27495578082592
92.61960790135873,0.24540876938480594,7.54253796753477,778.7946736919575,107.78794673691958,92.21205326308042
93.76425036936229,0.3816233898820851,6.534229187663556,691.585257754564,106.91585257754564,93.08414742245436
93.57226566032107,0.35433731635054144,6.699046890950157,705.3384207300699,107.0533842073007,92.9466157926993
92.84422045567834,0.26642328821494843,7.3392971353761425,760.5720423591091,107.6057204235911,92.3942795764089
93.04020694819066,0.287195944864191,7.164202367573779,745.139831243797,107.45139831243797,92.54860168756203
91.83076439129735,0.17381451667055714,8.260382564476075,843.4197081146632,108.43419708114664,91.56580291885336
91.95515503588535,0.18280355144898408,8.145100023010983,832.7903574459967,108.32790357445997,91.67209642554003
92.42121722627287,0.2218143718019796,7.718167721462862,793.9982093264841,107.93998209326485,92.06001790673515
94.94666142293272,0.5724769129954197,5.543505134624738,611.5982047620157,106.11598204762016,93.88401795237984
96.94802453038987,1.0714135739764323,4.041197756918763,511.2611330895195,105.11261133089519,94.88738866910481
98.42333874735473,1.5976241549268622,3.0922131898164054,468.98373447432675,104.68983734474327,95.31016265525673
98.72646361203759,1.7226167698402506,2.914200009100881,463.68167789411314,104.63681677894112,95.36318322105888
98.26368818647114,1.5302223354862647,3.184700069509198,471.49224049954626,104.71492240499546,95.28507759500454
96.23604784657222,0.8614831839578869,4.543720327217471,540.5203511175358,105.40520351117536,94.59479648882464
98.90594783174456,1.7955714962107407,2.808027723777627,460.3599219988368,104.60359921998837,95.39640078001163
98.2138441424207,1.505703738731036,3.2103827252432993,471.6086463974335,104.71608646397434,95.28391353602566
98.81156340520117,1.750960985902374,2.858039779397579,460.9000765299953,104.60900076529995,95.39099923470005
97.49511767845962,1.23804726320909,3.661690853351132,489.97381165602224,104.89973811656023,95.10026188343977
98.34778548119856,1.5539877641052584,3.1250826215555634,467.9070385660822,104.67907038566082,95.32092961433918
96.54615589350772,0.938170525329685,4.311014040659913,524.9184565989598,105.2491845659896,94.7508154340104
98.39185654161528,1.568463044973278,3.0957249825269173,466.4188027500195,104.66418802750019,95.33581197249981
99.09642307662142,1.8688931057815026,2.691707578801889,456.0600684583392,104.56060068458339,95.43939931541661
97.96250237978754,1.3980343985226682,3.354888638991703,475.2923037514371,104.75292303751436,95.24707696248564
96.32411917652797,0.8714453460369782,4.466801860522239,533.8247206559217,105.33824720655922,94.66175279344078
95.43431126684648,0.6543938016468509,5.139677296712151,579.4071098359002,105.794071098359,94.205928901641
94.54348846107699,0.4804512946618278,5.856676666537041,633.7127961198869,106.33712796119887,93.66287203880113
95.53724961910095,0.6746071074942002,5.057190392527815,573.1797500022016,105.73179750002201,94.26820249997799
93.70250720962423,0.35032479558251595,6.567769561417052,691.8094356999568,106.91809435699956,93.08190564300044
93.76267428793874,0.35759320257395366,6.514989961560133,687.2583164134087,106.87258316413408,93.12741683586592
91.1574829966131,0.11836269864986271,8.881069820569678,899.9432519219541,108.99943251921954,91.00056748078046
91.85567887819455,0.16206599396297872,8.226696306051267,838.8762300014246,108.38876230001425,91.61123769998575
92.37361959588118,0.20237789179775234,7.7491865580912105,795.1564449888963,107.95156444988896,92.04843555011104
92.07270026428847,0.17715106113351542,8.02499813105338,820.2149192186894,108.2021491921869,91.7978508078131
93.93036953055753,0.376507975998285,6.366804851824682,674.3312827822967,106.74331282782296,93.25668717217704
92.62030603769841,0.22262277943726616,7.523102220440251,774.5724999877517,107.74572499987752,92.25427500012248
92.5029050378657,0.21121826747199002,7.629217780767064,784.0436048239054,107.84043604823906,92.15956395176094
91.56269191396174,0.13916151722444514,8.497493227024776,863.6654744249221,108.63665474424923,91.36334525575077
91.79035417043005,0.15374012240541468,8.284528648480602,843.8268770886017,108.43826877088601,91.56173122911399
91.33774390382389,0.1245574981345623,8.708075363700956,883.2632861835518,108.83263286183552,91.16736713816448
90.22000794046188,0.07209583013052212,9.773468732085902,984.5564562216424,109.84556456221642,90.15443543778358
90.57928710588787,0.08591892054927985,9.428131730247543,951.4050650796822,109.51405065079682,90.48594934920318
89.15322517773433,0.040709892285171634,10.809103703447732,1084.9813595732903,110.84981359573291,89.15018640426709
89.31194375122551,0.04417148274067895,10.6539657938647,1069.813727660538,110.69813727660538,89.30186272339462
89.6818321756122,0.05359614022789083,10.293621100559761,1034.7217240787652,110.34721724078766,89.65278275921234
91.23246473759237,0.11594496295783685,8.805456435045983,892.1401398003819,108.92140139800382,91.07859860199618
90.8752520464729,0.0973314091568307,9.144174646242803,924.1506055399633,109.24150605539964,90.75849394460036
90.34050890510714,0.07435390985324597,9.656059362325195,973.041327217844,109.73041327217844,90.26958672782156
89.2623926734207,0.041940163238816996,10.701880921559336,1074.3821084798153,110.74382108479816,89.25617891520184
87.93173115475628,0.01940563316461752,12.010126984453592,1202.9532617618208,112.02953261761822,87.97046738238178
86.88999506102118,0.010051713871202295,13.042628233341205,1305.2679947212407,113.05267994721241,86.94732005278759
85.1270755293023,0.0029631564148754896,14.798578282191585,1480.154143860646,114.80154143860646,85.19845856139354
85.98282650428956,0.005397823779538624,13.945381049298689,1395.0778873078227,113.95077887307822,86.04922112692178
87.93059367842979,0.018931190007945853,12.0112663162585,1203.0197506266445,112.03019750626645,87.96980249373355
87.66204464101546,0.015963640842323823,12.276966879520728,1229.2930520363052,112.29293052036306,87.70706947963694
86.49787661417278,0.0074935168036361355,13.432783857480132,1344.027737428377,113.44027737428377,86.55972262571623
86.61218142986148,0.008029769062102454,13.31913436934721,1332.7164138409312,113.32716413840932,86.67283586159068
86.88743761288616,0.009561643512503326,13.045529136212139,1305.5090779724642,113.05509077972464,86.94490922027536
85.90800227768625,0.004890860003273767,14.020412763483918,1402.530362348719,114.02530362348719,85.97469637651281
87.45838111241491,0.013614496559948397,12.478876641034944,1249.2491137594893,112.4924911375949,87.5075088624051
89.24884275769206,0.03915842732279584,10.714078002385563,1075.3236429708359,110.75323642970835,89.24676357029165
87.15559532956513,0.011073055678544219,12.779359134875023,1279.0432190553568,112.79043219055357,87.20956780944643
88.45784902185406,0.02460553398853893,11.490756997044798,1151.5362531033336,111.51536253103333,88.48463746896667
88.23238673010859,0.021386858398563247,11.71311968949091,1173.4506547889473,111.73450654788947,88.26549345211053
86.58626629536221,0.007445130380669462,13.345417472651903,1335.2862603032572,113.35286260303258,86.64713739696742
86.54795200124073,0.007201467286040819,13.383607180253136,1339.0808647539177,113.39080864753917,86.60919135246083
86.04637018898377,0.005058968006140474,13.883165569946499,1388.822453795264,113.88822453795264,86.11177546204736
85.51423223557579,0.0034317944168837933,14.413795426623437,1441.722722104032,114.41722722104032,85.58277277895968
84.41569203476367,0.0014848421436021858,15.510507752162397,1551.1992594306,115.511992594306,84.488007405694
86.28606228719927,0.005839546494185721,13.644611281219383,1365.0450827713569,113.65045082771357,86.34954917228643
86.08627451204049,0.005040071643616306,13.843718658811483,1384.87587304551,113.8487587304551,86.1512412695449
86.22277491546852,0.005501761724126142,13.707799022889759,1371.3300784613884,113.71330078461388,86.28669921538612
85.55754787448316,0.0033946558767709856,14.37103803559549,1437.4432691472261,114.37443269147226,85.62556730852774
86.09968425476248,0.004967366008596319,13.830593443157596,1383.5560809166193,113.8355608091662,86.1644391908338
87.2065986173292,0.010462110553480009,12.729292902987254,1273.9755013540735,112.73975501354073,87.26024498645927
86.32375475573927,0.005720343985153031,13.60751407600226,1361.3234419987414,113.6132344199874,86.3867655800126
86.34449791213883,0.00575819619538559,13.586927849948253,1359.2686046143638,113.59268604614364,86.40731395385636
85.19756926872151,0.002488054012763863,14.730705429460158,1473.3193483472921,114.73319348347292,85.26680651652708
84.59433395843888,0.0015506494585609126,15.333122413607697,1533.467306306626,115.33467306306626,84.66532693693374
86.03766456757778,0.004527616377050958,13.892887849948295,1389.7415466325344,113.89741546632534,86.10258453367466
87.59592756137707,0.012920947704029628,12.343137266178914,1235.6058213882943,112.35605821388295,87.64394178611705
86.92605255775688,0.008255560962035613,13.00846596190192,1301.6721522863954,113.01672152286396,86.98327847713604
88.47320038997051,0.022050563354267583,11.47523221106725,1149.728277442152,111.49728277442152,88.50271722557848
89.05720836861873,0.0310024854526727,10.900295233646062,1093.1297719098734,110.93129771909874,89.06870228090126
86.92303306537313,0.008056708493939135,13.011643839203458,1301.9700547697398,113.0197005476974,86.9802994523026
87.04615549532464,0.008689426356571994,12.889273206527008,1289.796263288358,112.89796263288358,87.10203736711642
87.26626282610076,0.009991254231947466,12.670586783180596,1268.0578037412542,112.68057803741254,87.31942196258746
86.0536959229335,0.004285645066902044,13.877567156879067,1388.185280194597,113.88185280194597,86.11814719805403
85.97833645691449,0.004024167199181999,13.95278422486848,1395.6808392067662,113.95680839206766,86.04319160793234
85.75956670283237,0.0033995985389245476,14.17104849027038,1417.4448088809304,114.1744480888093,85.8255519111907
86.41221488699561,0.0054003076756865,13.520520095365853,1352.592040304154,113.52592040304154,86.47407959695846
87.75637425573665,0.01328953906448771,12.184369038277481,1219.7658577341967,112.19765857734197,87.80234142265803
87.66225182317432,0.012417582702136887,12.277738594883218,1229.0156177585354,112.29015617758536,87.70984382241464
87.35421005659771,0.01006865498823617,12.583550514293577,1259.3619169281815,112.59361916928181,87.40638083071819
88.73053120995354,0.02394669674322114,11.221226483382296,1124.5173180125516,111.24517318012552,88.75482681987448
85.90839633113346,0.003599811133600278,14.02313355742423,1402.6733368557832,114.02673336855783,85.97326663144217
84.335624334863,0.001050847292648982,15.593475670827118,1559.4526518119767,115.59452651811976,84.40547348188024
83.14677282419325,0.0003778876613969723,16.781773302980895,1678.2151190642292,116.7821511906423,83.2178488093577
82.80448565813703,0.0002748398001706058,17.124076502433084,1712.4351342233253,117.12435134223325,82.87564865776675
83.3059924829439,0.0004244968584313606,16.62283841608354,1662.326291294197,116.62326291294197,83.37673708705803
81.98479691427853,0.00012495493402864266,17.943853524365537,1794.3978479299567,117.94397847929956,82.05602152070044
82.28341051544199,0.00016354818053927224,17.645397598131453,1764.556114631199,117.64556114631199,82.35443885368801
81.52372795151534,7.767111796272604e-05,18.40511336682036,1840.5191037938323,118.40519103793832,81.59480896206168
81.37782328123632,6.62438502795357e-05,18.551125691798404,1855.1191935648685,118.55119193564869,81.44880806435131
81.53147175473678,7.602129879127287e-05,18.397606077855087,1839.7682099153878,118.39768209915388,81.60231790084612
83.64631277630998,0.0005321659217881608,16.283340283155397,1628.3872449077187,116.28387244907718,83.71612755092282
83.47960448521846,0.0004547658630947929,16.450090256580665,1645.054502244376,116.45054502244376,83.54945497755624
83.8421359121665,0.0006156436982712524,16.087838790002138,1608.845443370041,116.0884544337004,83.9115455662996
82.9031024411139,0.0002648529237470644,17.026640552956465,1702.6905405880211,117.02690540588021,82.97309459411979
81.74466310043945,8.720604251376187e-05,18.18502132956783,1818.5108535610348,118.18510853561034,81.81489146438966
81.83899149831943,9.428152018802448e-05,18.090819090125592,1809.091337164578,118.09091337164578,81.90908662835422
81.85914746805388,9.47830965718089e-05,18.07078270506949,1807.087748816606,118.07087748816606,81.92912251183394
80.76655116480183,3.08727212863188e-05,19.16343418119014,1916.3465053911427,119.16346505391142,80.83653494608858
78.88949758251356,3.781861324011473e-06,21.040579756004234,2104.058353786556,121.04058353786556,78.95941646213444
78.28485120892496,1.800558803397831e-06,21.645343231818003,2164.5345032376804,121.64534503237681,78.35465496762319
79.76352533094656,9.906881820136723e-06,20.166796299789013,2016.6806206670835,120.16680620667083,79.83319379332917
79.01324938751014,4.123608875062539e-06,20.917185543764006,2091.718966737288,120.91718966737288,79.08281033262712
79.89102950255177,1.1016803968907593e-05,20.039531405870875,2003.9542422674845,120.03954242267484,79.96045757732516
80.85004314264322,3.056769031268983e-05,19.0806564007611,1908.0686968451414,119.08068696845142,80.91931303154858
80.90922278066277,3.2002329216954204e-05,19.021597281617687,1902.1629283946904,119.02162928394691,80.97837071605309
80.52169551041352,2.0846564667219812e-05,19.409232480481535,1940.9253327046201,119.4092533270462,80.5907466729538
81.90883821612076,8.600342792797287e-05,18.022274016158605,1802.2360019586533,118.02236001958653,81.97763998041347
81.2214992419217,4.22222716130881e-05,18.709688293864332,1870.9730516135944,118.70973051613595,81.29026948386405
79.93631630804204,1.0398023894319795e-05,19.994958488301123,1999.4968886325016,119.99496888632501,80.00503111367499
78.76558361201593,2.621222918773407e-06,21.165802492473063,2116.5805113695983,121.16580511369598,78.83419488630402
76.41478186407757,1.241735341003746e-07,23.516720828450715,2351.672095262425,123.51672095262425,76.48327904737575
76.33869564384212,1.0897511081186738e-07,23.59292611871834,2359.292622769345,123.59292622769345,76.40707377230655
77.03024686714896,2.7204881526882353e-07,22.901494143857732,2290.149441590655,122.90149441590654,77.09850558409346
75.78390573511975,4.7325607411823806e-08,24.147954136678152,2414.7954184003756,124.14795418400377,75.85204581599623
74.23919236807943,4.558185828185157e-09,25.69278654660738,2569.2786551165564,125.69278655116557,74.30721344883443
74.14113613725061,3.788904630843462e-09,25.790961862465153,2579.0961866254056,125.79096186625405,74.20903813374595
72.84449306209513,4.43064292069262e-10,27.087724020214935,2708.7724020658,127.087724020658,72.912275979342
72.55764325514772,2.6240745651517657e-10,27.374692913063768,2737.4692913326176,127.37469291332617,72.62530708667383
73.4123460064793,1.0650053042815331e-09,26.520109248758757,2652.0109249823763,126.52010924982376,73.47989075017624
72.45407004746617,2.041367613568584e-10,27.4785042932769,2747.8504293481033,127.47850429348104,72.52149570651896
74.57720936529523,6.404060979397371e-09,25.35548406815556,2535.548407455962,125.35548407455963,74.64451592544037
74.85391812748553,9.506832911960014e-09,25.078894395717754,2507.8894405224587,125.07889440522459,74.92110559477541
74.57354031943058,5.986031582679647e-09,25.359391287043522,2535.9391293029553,125.35939129302956,74.64060870697044
76.43402431170989,9.101935475451171e-08,23.499026466731067,2349.902655775042,123.49902655775043,76.50097344224957
74.21596460822461,3.203528982283266e-09,25.717205169475974,2571.72051726795,125.7172051726795,74.2827948273205
74.34531190918823,3.808580716143609e-09,25.587976956334757,2558.7976960143337,125.58797696014334,74.41202303985666
74.04239974609207,2.273975419683861e-09,25.891008205255574,2589.100820752955,125.89100820752955,74.10899179247045
73.29020646212298,6.37998303576451e-10,26.643320575089874,2664.3320575727876,126.64332057572787,73.35667942427213
72.59169200761313,1.8604836072322586e-10,27.341954116790845,2734.1954116976895,127.3419541169769,72.6580458830231
74.35565446576075,3.404361015357218e-09,25.57811074964657,2557.811075305093,125.57811075305094,74.42188924694906
74.75650426068057,6.200311734113932e-09,25.17738004544961,2517.7380051649925,125.17738005164992,74.82261994835008
74.80511952370932,6.481758207992607e-09,25.128883870771162,2512.888387725292,125.12888387725292,74.87111612274708
75.17379276826269,1.1102186897960673e-08,24.76032971904897,2476.0329730151157,124.76032973015116,75.23967026984884
74.5023370544985,3.776396182346871e-09,25.43190451384004,2543.1904517616435,125.43190451761643,74.56809548238357
74.89635829972467,6.799870506205987e-09,25.038002360131912,2503.8002366931782,125.03800236693178,74.96199763306822
74.10044536414588,1.8510486154007465e-09,25.83403437939836,2583.403438124941,125.83403438124941,74.16596561875059
75.9163824157287,3.010414730665922e-08,24.01821644484704,2401.8216474951187,124.01821647495119,75.98178352504881
75.87425943919544,2.7472071038630806e-08,24.060458507668542,2406.0458535140615,124.06045853514061,75.93954146485939
75.60399615358084,1.7798644089712454e-08,24.33084087267197,2433.0840890470613,124.33084089047061,75.66915910952939
76.18093511835559,4.0744523226185036e-08,23.754021020047247,2375.402106079177,123.75402106079177,76.24597893920823
75.30331937696482,1.0588677972953774e-08,24.631755820628214,2463.175583121689,124.63175583121689,75.36824416878311
75.0160535875535,6.567603395797716e-09,24.919140695506442,2491.9140702074046,124.91914070207405,75.08085929792595
74.03596187336903,1.3099047706453445e-09,25.89935149406311,2589.9351495373016,125.89935149537301,74.10064850462699
73.84154729714486,9.148060981169908e-10,26.093885159663998,2609.38851605788,126.09388516057881,73.90611483942119
72.07950251623015,3.967010039845679e-11,27.856049029617296,2785.6049029656965,127.85604902965697,72.14395097034303
72.93111944521631,1.7734229101740795e-10,27.00455119082443,2700.455119100177,127.00455119100177,72.99544880899823
72.3462947687088,5.965158170251668e-11,27.5894949574118,2758.949495747145,127.58949495747146,72.41050504252854
71.48574018924754,1.145350236576765e-11,28.450168627164345,2845.01686271758,128.4501686271758,71.5498313728242
70.95801966703516,3.932419162170918e-12,28.978008239850595,2897.800823985453,128.97800823985455,71.02199176014547
71.34989168195318,8.078438642692481e-12,28.58625531556001,2858.6255315568087,128.58625531556808,71.41374468443192
70.98065483074814,3.753296490286547e-12,28.95561125752596,2895.561125752971,128.9556112575297,71.04438874247029
69.85078976677472,3.5872857977523574e-13,30.085595412403123,3008.559541240348,130.08559541240348,69.91440458759652
69.66104436275472,2.2855165944735056e-13,30.275459907472055,3027.545990747228,130.27545990747228,69.72454009252772
70.06600569467933,5.09066268528764e-13,29.870617666738667,2987.0617666739176,129.87061766673918,70.12938233326082
71.22344946365955,5.043756340563635e-12,28.71329298909589,2871.3292989100937,128.71329298910092,71.28670701089906
71.32480999877792,5.8791626808548996e-12,28.612051545453156,2861.2051545459035,128.61205154545905,71.38794845454096
71.7151228199962,1.1983102870646512e-11,28.22185781585773,2822.1857815869716,128.22185781586973,71.77814218413029
71.39694976833536,6.182861075229843e-12,28.540149959271403,2854.0149959277587,128.54014995927758,71.45985004072242
70.92432999633641,2.312094131449336e-12,29.01288882316703,2901.2888823169346,129.01288882316936,70.98711117683065
71.02352768263397,2.691031792070104e-12,28.913810228912325,2891.3810228915013,128.913810228915,71.08618977108499
72.07840815535292,2.0122792478128424e-11,27.859048848395204,2785.9048848415327,127.85904884841533,72.14095115158467
73.2244913804589,1.596450870190154e-10,26.71308471575506,2671.30847159147,126.7130847159147,73.2869152840853
73.18475962596682,1.4284149142001032e-10,26.752935562698582,2675.293556284142,126.75293556284143,73.24706443715857
72.01708322298155,1.569343086434889e-11,27.920731058166837,2792.0731058182528,127.92073105818253,72.07926894181747
71.83904450798518,1.0651765775310043e-11,28.09888886591024,2809.888886592089,128.0988888659209,71.9011111340791
72.36567346943869,2.7891126087152664e-11,27.57237899736795,2757.237899739584,127.57237899739584,72.42762100260416
71.7793539604106,8.66327054318256e-12,28.158817599412743,2815.8817599421404,128.1588175994214,71.84118240057859
70.42175143473266,5.297921846671604e-13,29.51653921826039,2951.653921826092,129.5165392182609,70.48346078173908
69.03120072377759,2.435529718077523e-14,30.907209022534687,3090.720902253471,130.90720902253472,69.09279097746528
70.68768924307577,8.340494616976733e-13,29.250839596698995,2925.083959669983,129.25083959669985,70.74916040330017
69.33217128181302,4.275231567861126e-14,30.60647665156452,3060.6476651564562,130.60647665156455,69.39352334843544
68.28470840415105,3.65062324975211e-15,31.654058622971974,3165.405862297198,131.65405862297197,68.34594137702803
67.54219257706427,5.753430197340007e-16,32.39669354394617,3239.669354394617,132.39669354394618,67.60330645605383
68.23005166862829,2.839697488810063e-15,31.708953546411507,3170.8953546411512,131.70895354641152,68.29104645358849
69.69306750912163,7.623702496315773e-14,30.24605680008949,3024.6056800089564,130.24605680008955,69.75394319991044
70.37520831921802,3.173855399737147e-13,29.56403508430654,2956.4035084306856,129.56403508430685,70.43596491569315
71.0281866688304,1.1879864927412919e-12,28.911175829150153,2891.117582915134,128.91117582915135,71.08882417084865
71.98219945320278,7.757099280717331e-12,27.957282139381363,2795.7282139389117,127.95728213938912,72.04271786061088
70.90003376242204,8.22580762255665e-13,29.03956692489413,2903.9566924894957,129.03956692489496,70.96043307510504
70.87338980472701,7.391080318627816e-13,29.066329977469948,2906.6329977470687,129.06632997747067,70.93367002252931
71.10038326695097,1.1273392989417766e-12,28.83945561026917,2883.9455610270297,128.8394556102703,71.16054438972971
70.54038090255223,3.2888529230062865e-13,29.399577069831807,2939.957706983214,129.39957706983213,70.60042293016787
69.95630351094206,8.744234128857002e-14,29.983773556748403,2998.3773556748492,129.98377355674847,70.01622644325151
70.4822583967656,2.6084046236224635e-13,29.45793776637359,2945.793776637385,129.45793776637385,70.54206223362615
69.68166976421152,4.232279395824753e-14,30.258645494517936,3025.8645494517978,130.25864549451796,69.74135450548202
70.78835123405499,4.515474496521146e-13,29.152083120407283,2915.2083120407733,129.15208312040772,70.84791687959226
71.52474361175332,1.9990661987113335e-12,28.415809838584835,2841.5809838586833,128.41580983858682,71.58419016141316
70.94614466725093,5.680121187266361e-13,28.994527879102023,2899.4527879102593,128.99452787910258,71.00547212089741
71.9382752211952,4.198039466701668e-12,28.002516421319584,2800.2516421323785,128.00251642132378,71.99748357867622
72.22513677064097,7.103163140514984e-12,27.71577396817682,2771.577396818392,127.71577396818392,72.28422603181608
73.14949135590754,4.0856489951880504e-11,26.79153847938602,2679.1538479426877,126.79153847942688,73.20846152057312
73.20834532255832,4.368076355382276e-11,26.73280360932202,2673.28036093657,126.7328036093657,73.2671963906343
73.22396772145804,4.3023475711072986e-11,26.71730030714751,2671.7300307190535,126.71730030719054,73.28269969280946
73.13040353750901,3.441699292465877e-11,26.810983587955718,2681.0983587990136,126.81098358799014,73.18901641200986
72.202519485521,5.325142406184632e-12,27.73898673692436,2773.8986736929687,127.73898673692969,72.26101326307031
71.24650300574895,7.028044043094154e-13,28.695122313843427,2869.512231384413,128.69512231384414,71.30487768615588
71.19053292255268,5.915681992903972e-13,28.75121149433315,2875.1211494333743,128.75121149433375,71.24878850566625
72.75118102883476,1.3710176796052302e-11,27.19068248549968,2719.068248551339,127.19068248551339,72.80931751448661
74.07572207498853,1.6192405356290662e-10,25.86626053707154,2586.6260537233466,125.86626053723346,74.13373946276654
75.09863609225893,9.638191144304849e-10,24.84346561832237,2484.346561928619,124.84346561928619,75.15653438071381
74.4837366640939,3.121911709018088e-10,25.458484143697035,2545.8484144009226,125.45848414400923,74.54151585599077
73.88335457000767,9.963705642389639e-11,26.058985335573894,2605.898533567353,126.05898533567353,73.94101466432647
74.88266356267721,5.856508906557565e-10,25.059795441535485,2505.9795442121135,125.05979544212114,74.94020455787886
74.27146529069051,1.8706371923518095e-10,25.671112811410637,2567.11128115977,125.6711128115977,74.3288871884023
74.06105856937414,1.2153061770910175e-10,25.881638631090453,2588.1638631211986,125.88163863121198,74.11836136878802
74.76906070293644,4.231195894566252e-10,25.173755596400625,2517.3755596823744,125.17375559682374,74.82624440317626
74.91876813548241,5.302346439986805e-10,25.02416726267458,2502.4167263204818,125.02416726320482,74.97583273679518
74.51319756436082,2.450815664879813e-10,25.429856932365766,2542.9856932610846,125.42985693261085,74.57014306738915
75.13194071909017,7.126399921971115e-10,24.81123287710065,2481.123287781329,124.8112328778133,75.1887671221867
76.13012142419794,3.804946848174234e-09,23.813171274223777,2381.317127802872,123.81317127802872,76.18682872197128
75.63563327948795,1.5826158248360002e-09,24.307778515991956,2430.777851757457,124.30777851757458,75.69222148242542
75.84110577483995,2.1645242784202198e-09,24.102425120644327,2410.242512280885,124.10242512280885,75.89757487719115
76.05754510398873,3.0073085562557486e-09,23.886104891902704,2388.6104894910013,123.88610489491002,76.11389510508998
75.47167503707131,1.056809166099511e-09,24.47209405657594,2447.209405763275,124.47209405763275,75.52790594236725
74.50962365226276,1.7974356108882175e-10,25.43426454035564,2543.4264540535382,125.43426454053538,74.56573545946462
73.74963261940486,4.0883235865901356e-11,26.19437467306483,2619.4374673105713,126.19437467310571,73.80562532689429
73.11576446320655,1.1205469214546605e-11,26.82836192936557,2682.8361929376774,126.82836192937678,73.17163807062322
74.5502842574937,1.6973751280881062e-10,25.393961235510957,2539.3961235680695,125.39396123568069,74.60603876431931
74.36564039487013,1.1499167023510378e-10,25.578724198495735,2557.8724198610726,125.57872419861073,74.42127580138927
74.34646271093393,1.0599552780923281e-10,25.5980209829808,2559.8020983086794,125.5980209830868,74.4019790169132
74.71037181216188,1.9988156500477136e-10,25.234230982546535,2523.4230982746417,125.23423098274641,74.76576901725359
74.41775791002168,1.1066621740025995e-10,25.526963985439266,2552.6963985549933,125.52696398554993,74.47303601445007
75.99499182258465,1.8290796252918495e-09,23.94984917557835,2394.984917740743,123.94984917740743,76.05015082259257
76.14619725187592,2.2810116353058448e-09,23.79876284786461,2379.876285014562,123.79876285014562,76.20123714985438
76.54460338292938,4.319054361590515e-09,23.40047582011671,2340.0475824435766,123.40047582443576,76.59952417556424
77.86463785334344,3.545546385579109e-08,22.080560482248487,2208.0560517703952,122.08056051770394,77.91943948229606
78.86281953731705,1.563678319660002e-07,21.082498020738626,2108.249817710646,121.08249817710646,78.91750182289354
78.94040246079501,1.6995196244153464e-07,21.005034212538092,2100.5034382490057,121.00503438249005,78.99496561750995
79.65892825406726,4.6507608030914294e-07,20.286627816225206,2028.6628281301287,120.28662828130129,79.71337171869871
81.36458840679936,4.476856538459411e-06,18.581090777250736,1858.1095254107274,118.58109525410727,81.41890474589273
82.35480281966699,1.488523326716759e-05,17.591005874878917,1759.1020760112183,117.59102076011219,82.40897923988781
83.29809411080082,4.372244089857237e-05,16.647862523213746,1664.7906245654647,116.64790624565464,83.35209375434536
82.55494333756138,1.8090921923755556e-05,17.39110676733715,1739.1124858259072,117.39112485825908,82.60887514174092
80.91632403136772,2.2610625790508933e-06,19.02982934621636,1902.983160727894,119.02983160727894,80.97016839272106
80.43889198475695,1.1593559894425753e-06,19.507379393807355,1950.7380553163343,119.50738055316334,80.49261944683666
80.97457394880574,2.317704035105061e-06,18.971817690935353,1897.1820008639388,118.97182000863938,81.02817999136062
81.29870936893806,3.4540595272992253e-06,18.647802510129196,1864.7805964188724,118.64780596418872,81.35219403581128
81.26682304579408,3.23027461751179e-06,18.679807712600876,1867.9810942875495,118.67981094287549,81.32018905712451
81.86953787000871,6.8179338032433884e-06,18.07721557929996,1807.722239723376,118.07722239723377,81.92277760276623
81.40544660166526,3.6761366507089607e-06,18.54142280924276,1854.142648537941,118.54142648537942,81.45857351462058
82.64170650574083,1.68180543907413e-05,17.305295150623323,1730.5311968677713,117.30531196867771,82.69468803132229
80.35997656047218,8.544855622001776e-07,19.587128236003494,1958.7129090489057,119.58712909048906,80.41287090951094
78.42010332034289,4.708537985629393e-08,21.52711977255487,2152.7119819640247,121.52711981964025,78.47288018035975
79.02829394496193,1.1618593171341238e-07,20.91904832100056,2091.904843718649,120.91904843718649,79.08095156281351
78.48285603187293,4.845695828109082e-08,21.46460527046672,2146.4605318923677,121.46460531892367,78.53539468107633
78.40040295886506,4.109344479637345e-08,21.54717744035915,2154.717748145259,121.5471774814526,78.4528225185474
78.12912713095693,2.5732091018792347e-08,21.81857235729592,2181.8572383028013,121.81857238302801,78.18142761697199
77.51590487974843,9.071378652796206e-09,22.43191369637563,2243.191370544701,122.43191370544702,77.56808629455298
77.443848415903,7.732651938627184e-09,22.504089263556196,2250.408927128885,122.50408927128885,77.49591072871115
79.51716124254634,1.991480542062436e-07,20.430895733144055,2043.089593229211,120.4308959322921,79.5691040677079
79.26681479682178,1.323165924247426e-07,20.681361216994887,2068.136134931148,120.68136134931147,79.31863865068853
78.59643881668596,4.528560390150711e-08,21.351856215199376,2135.185626048498,121.35185626048498,78.64814373951502
78.94655649735245,7.566825773042565e-08,21.00185767015715,2100.185774582541,121.0018577458254,78.9981422541746
79.27028201195033,1.203394142287789e-07,20.678251305613955,2067.825142595337,120.67825142595336,79.32174857404664
80.91425121387222,1.270721964247005e-06,19.034402359600108,1903.4403630322072,119.03440363032207,80.96559636967793
79.41791785097115,1.408870823772356e-07,20.530853698333658,2053.085383922074,120.53085383922074,79.46914616077926
77.72431162057471,9.047902821779035e-09,22.22457890270026,2222.4578911748163,122.22457891174817,77.77542108825183
77.4364396528085,5.329752145714769e-09,22.512569972699595,2251.2569978029346,122.51256997802935,77.48743002197065
76.51215770824021,1.000353436524682e-09,23.436971019031702,2343.6971020032056,123.43697102003206,76.56302897996794
76.55997042280077,1.0433473382400614e-09,23.38927741074926,2338.9277411792605,123.3892774117926,76.6107225882074
73.45353172391158,2.096051821013877e-12,26.495835214974292,2649.5835214976387,126.49583521497638,73.50416478502362
74.95252484783178,4.4557162482407755e-11,24.996961197615548,2499.6961197660107,124.9969611976601,75.0030388023399
74.54731780539335,1.86522388799021e-11,25.40228734668902,2540.228734670767,125.40228734670768,74.59771265329232
74.02830928079722,6.010311417582221e-12,25.92141497807539,2592.1414978081402,125.9214149780814,74.0785850219186
72.8998666168829,4.857372515305971e-13,27.049976748928984,2704.997674892947,127.04997674892947,72.95002325107053
72.42426206980512,1.5420490395414455e-13,27.525700403093182,2752.5700403093333,127.52570040309334,72.47429959690666
72.98483525757578,5.186623745955696e-13,26.965246322551607,2696.5246322552125,126.96524632255212,73.03475367744788
72.33074320364132,1.0878874938721474e-13,27.619457483856266,2761.9457483856377,127.61945748385638,72.38054251614362
73.26860508669706,8.632727273130157e-13,26.681714708313848,2668.171470831471,126.68171470831471,73.31828529168529
74.28311579645538,7.309998555471385e-12,25.667323106216486,2566.73231062238,125.66732310622379,74.33267689377621
73.96797469842971,3.5279396793701246e-12,25.982583312034805,2598.258331203833,125.98258331203833,74.01741668796167
73.7233452953467,1.9567175632471286e-12,26.227331823054598,2622.7331823056556,126.22733182305656,73.77266817694344
73.17628440744261,5.464699467932148e-13,26.774511819037585,2677.451181903813,126.77451181903812,73.22548818096188
72.70777425222147,1.7550727162950878e-13,27.243141082480605,2724.314108248078,127.24314108248078,72.75685891751922
72.85311933647563,2.2987632924864613e-13,27.09791510659069,2709.791510659092,127.09791510659092,72.90208489340908
74.5109927388097,8.381015888580988e-12,25.440160812770884,2544.0160812779263,125.44016081277927,74.55983918722073
74.16150101803723,3.750909860458284e-12,25.789771642186793,2578.9771642190544,125.78977164219054,74.21022835780946
73.27183726775921,4.925711665897236e-13,26.67955450125156,2667.955450125205,126.67955450125206,73.32044549874794
72.97417051204576,2.3333198046678225e-13,26.977340365896694,2697.734036589693,126.97734036589692,73.02265963410308
73.36955279138148,5.403461317220227e-13,26.582077195635136,2658.2077195635675,126.58207719563568,73.41792280436432
73.75478563023643,1.2047160217644546e-12,26.196963465996674,2619.696346599788,126.19696346599788,73.80303653400212
74.7154448866132,9.122944959109622e-12,25.236423318985572,2523.6423318994694,125.2364233189947,74.7635766810053
76.15400751344272,1.613218931429794e-10,23.797979801807926,2379.797980196925,123.79797980196925,76.20202019803075
76.64958029428558,3.9924174839430274e-10,23.302526130844612,2330.2526131243853,123.30252613124385,76.69747386875615
76.91386221035657,6.269616034933332e-10,23.03836332478491,2303.8363325411874,123.03836332541188,76.96163667458812
75.59780223870258,4.536691365732356e-11,24.35454240578281,2435.454240582818,124.35454240582817,75.64545759417183
75.74814230834163,5.825304183235413e-11,24.204321446224128,2420.4321446282383,124.20432144628238,75.79567855371762
74.8783904354952,9.068288035668643e-12,25.074192429230735,2507.41924292398,125.0741924292398,74.9258075707602
73.26571836947356,2.343439324046767e-13,26.68698360559489,2668.6983605595124,126.68698360559512,73.31301639440488
73.63157113455479,5.101744081809234e-13,26.32124995100719,2632.1249951007703,126.3212499510077,73.6787500489923
73.24720799583805,1.9571029576432994e-13,26.705732200358824,2670.573220035902,126.70573220035902,73.29426779964098
73.17732897680688,1.549509206575748e-13,26.775730330167107,2677.573033016726,126.77573033016726,73.22426966983274
74.4640629461114,2.7278121184640028e-12,25.489115471784245,2548.911547178697,125.48911547178697,74.51088452821303
73.68046177509761,4.3689443479584793e-13,26.272835753856768,2627.2835753857203,126.27283575385721,73.72716424614279
74.01557012990837,8.798757620491737e-13,25.93784651024943,2593.784651025031,125.93784651025031,74.06215348974969
75.4975933205152,2.0964336937536865e-11,24.4559424310076,2445.5942431028566,124.45594243102856,75.54405756897144
74.49898661040699,2.288110032680672e-12,25.45466825258397,2545.466825258626,125.45466825258626,74.54533174741374
74.98704709030136,6.268978458626296e-12,24.966726884322398,2496.672688432867,124.96672688432866,75.03327311567134
75.55861102081506,1.9995580997248627e-11,24.39528206559315,2439.5282065613146,124.39528206561315,75.60471793438685
74.90943378155333,4.677407736488775e-12,25.04457841675223,2504.457841675691,125.0445784167569,74.9554215832431
75.5304004710865,1.6739649327146865e-11,24.42373083928574,2442.373083930248,124.42373083930248,75.57626916069752
75.57444196619923,1.7313566786853095e-11,24.379808456370142,2437.9808456387454,124.37980845638745,75.62019154361255
74.98671605050238,4.589221830430466e-12,24.96765348439277,2496.765348439736,124.96765348439736,75.03234651560264
74.9475308238641,3.952154519144045e-12,25.00695782351086,2500.695782351481,125.00695782351481,74.99304217648519
75.46784054043319,1.151272651243661e-11,24.486767219571732,2448.676721958325,124.48676721958324,75.51323278041676
75.06117505189849,4.470067825579041e-12,24.893551820863706,2489.3551820868174,124.89355182086818,75.10644817913182
76.16193633233158,4.418630111492789e-11,23.79290965337661,2379.2909653420797,123.79290965342079,76.20709034657921
75.7550233349091,1.7721635754726375e-11,24.199941763820846,2419.9941763838565,124.19994176383857,75.80005823616143
76.17383908815252,4.0314574905540574e-11,23.7812451237902,2378.1245123830518,123.78124512383052,76.21875487616948
75.6090516223058,1.1472745052430315e-11,24.346151702940162,2434.6151702951634,124.34615170295163,75.65384829704837
75.48321169209176,8.207461956916154e-12,24.472110746624992,2447.21107466332,124.4721107466332,75.5278892533668
75.74544195021969,1.3599481804823925e-11,24.209999602118444,2420.9999602132043,124.20999960213204,75.79000039786796
75.17265734834513,3.64454807134093e-12,24.78290331774099,2478.2903317744635,124.78290331774463,75.21709668225537
75.4150834135323,5.843157351790023e-12,24.540596366455887,2454.059636646173,124.54059636646173,75.45940363353827
75.54574308426571,7.302814087208462e-12,24.410055809765765,2441.005580977307,124.41005580977307,75.58994419022693
75.70676745600483,9.741897174199235e-12,24.249150552212853,2424.9150552222595,124.2491505522226,75.7508494477774
77.60808610079081,4.658753605060191e-10,22.34795102220872,2234.7951022674592,122.3479510226746,77.6520489773254
79.88620189817351,2.8684534113895702e-08,20.069954367512338,2006.9954396196874,120.06995439619688,79.93004560380312
79.50736477638554,1.4253749849982586e-08,20.448910589479127,2044.8910603732877,120.44891060373287,79.55108939626713
79.12226477501773,6.8709116765137045e-09,20.834129698215648,2083.412970508656,120.83412970508655,79.16587029491345
76.33174971450464,2.738979595375937e-11,23.624763866778707,2362.4763866806097,123.62476386680609,76.37523613319391
75.16589740283152,1.9664223206116996e-12,24.790735293461836,2479.07352934638,124.7907352934638,75.2092647065362
75.49075465528347,3.8324736480792085e-12,24.465997156189147,2446.599715619298,124.46599715619298,75.53400284380702
73.16735289538113,1.3455691959584087e-14,26.789518031407,2678.9518031407015,126.78951803140701,73.21048196859299
72.3802001864014,1.5706088769285834e-15,27.57678985584799,2757.678985584799,127.57678985584799,72.42321014415201
72.77293246790296,4.085731281232425e-15,27.184176689949652,2718.4176689949654,127.18417668994965,72.81582331005035
72.98906344648636,6.608326878149075e-15,26.968164827111423,2696.816482711143,126.96816482711142,73.03183517288858
74.27914274277332,1.5752458136648862e-13,25.67820464671172,2567.8204646711874,125.67820464671188,74.32179535328812
73.06176546625112,6.740496824205752e-15,26.895701039262846,2689.5701039262854,126.89570103926285,73.10429896073715
71.87073601193778,2.469302146250546e-16,28.08684960974719,2808.684960974719,128.0868496097472,71.91315039025281
72.40244390352161,9.748039166551801e-16,27.555260834476314,2755.526083447631,127.55526083447631,72.44473916552369
72.05564534147658,3.4237157946183967e-16,27.90217851297625,2790.2178512976247,127.90217851297625,72.09782148702375
71.15012594307973,2.345336029360003e-17,28.807817027969946,2880.7817027969945,128.80781702796995,71.19218297203005
70.6544333277925,4.85181999290374e-18,29.30362875999596,2930.362875999596,129.30362875999595,70.69637124000404
71.5144332548617,5.526254075743384e-17,28.443747949807502,2844.3747949807503,128.44374794980752,71.5562520501925
70.76227899061999,5.426363707395432e-18,29.19602133107192,2919.602133107192,129.1960213310719,70.80397866892808
71.22116783613012,1.9174057521639572e-17,28.737251602726445,2873.7251602726446,128.73725160272645,71.26274839727355
69.2799066341183,4.108203763862921e-20,30.67863192204483,3067.863192204483,130.67863192204481,69.32136807795517
68.28395799208836,1.2705091225372012e-21,31.674699681523308,3167.4699681523307,131.6746996815233,68.32530031847669
68.78454594524388,6.176114986458435e-21,31.174230845958277,3117.4230845958277,131.17423084595828,68.82576915404172
69.06984045961828,1.419041989607609e-20,30.889055449316317,3088.9055449316315,130.88905544931632,69.11094455068368
68.80097109898222,5.058869015904479e-21,31.158043927826753,3115.804392782675,131.15804392782675,68.84195607217325
69.79674242349225,1.209537745389115e-19,30.162391721333066,3016.2391721333065,130.16239172133305,69.83760827866693
68.41635712226864,1.038098852021626e-21,31.54289614071496,3154.2896140714956,131.54289614071496,68.45710385928504
66.4802695349992,7.4495072927909e-25,33.47910284628462,3347.910284628462,133.4791028462846,66.52089715371538
66.68134119905497,1.382082786056762e-24,33.27815030067103,3327.815030067103,133.27815030067103,66.72184969932897
65.39051894573382,7.101337885722176e-27,34.56909167257632,3456.909167257632,134.56909167257632,65.43090832742368
65.76997142094683,2.8053222027175833e-26,34.18975831608938,3418.9758316089383,134.18975831608938,65.81024168391062
65.71671174006029,1.915509554107804e-26,34.24313711584395,3424.313711584395,134.24313711584395,65.75686288415605
65.47707095498667,6.081994800593361e-27,34.48289701992755,3448.289701992755,134.48289701992755,65.51710298007245
65.60470972074882,8.658717054889878e-27,34.35537737331734,3435.5377373317338,134.35537737331734,65.64462262668266
65.7305669516097,1.2222010767856408e-26,34.229639261750336,3422.9639261750335,134.22963926175032,65.77036073824966
65.81706090112621,1.4677195460146783e-26,34.143264431669664,3414.3264431669663,134.14326443166965,65.85673556833034
64.14278696711204,9.77507382645721e-30,35.817657485261606,3581.7657485261607,135.8176574852616,64.1823425147384
63.48690935363717,4.121518457331016e-31,36.473654218456225,3647.3654218456227,136.47365421845623,63.526345781543775
62.606941529102244,5.272801093519732e-33,37.35374116285283,3735.374116285283,137.35374116285283,62.64625883714717
61.97321973691858,1.8833502178619824e-34,37.98758207504014,3798.7582075040136,137.98758207504014,62.01241792495986
61.840742531472536,7.713355457049843e-35,38.120178400631765,3812.0178400631767,138.12017840063177,61.879821599368235
60.52111726666701,6.224667369064578e-38,39.439922785724825,3943.9922785724825,139.43992278572483,60.560077214275175
60.282986721791474,1.3236764959881445e-38,39.678172451029866,3967.817245102987,139.67817245102987,60.321827548970134
59.533543641181254,1.5506365179257103e-40,40.42773465221153,4042.7734652211525,140.42773465221154,59.57226534778847
60.25244170101768,6.664653996127962e-39,39.70895571308849,3970.8955713088494,139.7089557130885,60.29104428691151
60.16562639561902,3.1704462635881406e-39,39.79589013934251,3979.589013934251,139.7958901393425,60.20410986065749
58.69324802803045,4.942620017327418e-43,41.26838762792838,4126.838762792838,141.26838762792838,58.73161237207162
58.25954935122216,2.658755011066379e-44,41.70220542587592,4170.220542587592,141.70220542587592,58.29779457412408
57.026442192662365,7.97506572126905e-48,42.935431705716915,4293.543170571692,142.93543170571692,57.064568294283085
57.04577667500593,6.514047090748276e-48,42.9162163447965,4291.62163447965,142.9162163447965,57.0837836552035
57.21721649835104,1.4340286638323565e-47,42.74489564301651,4274.489564301652,142.74489564301652,57.25510435698349
57.36699911225509,2.7321414379028803e-47,42.59523215081953,4259.523215081953,142.59523215081953,57.40476784918047
58.290513401536174,6.962181164415341e-45,41.67183698338748,4167.1836983387475,141.6718369833875,58.32816301661252
58.26421349953228,4.326474219408049e-45,41.698256007382334,4169.825600738233,141.69825600738233,58.301743992617666
59.34981253660503,2.374470211452604e-42,40.612776092442516,4061.277609244252,140.61277609244252,59.387223907557484
60.65988003859948,3.4093666332512546e-39,39.302827712722944,3930.2827712722947,139.30282771272294,60.697172287277056
61.368355527018245,1.2904795169836476e-37,38.594471346721015,3859.4471346721016,138.594471346721,61.405528653278985
59.51116661665553,2.5532451443991958e-42,40.45177937964253,4045.177937964253,140.45177937964252,59.54822062035747
59.466792740602926,1.4539925463608553e-42,40.49627237839589,4049.627237839589,140.49627237839587,59.50372762160411
59.85856483802815,1.1055117007587831e-41,40.10461940381335,4010.4619403813354,140.10461940381336,59.89538059618665
60.35459858568009,1.4890323964929147e-40,39.60870477914607,3960.8704779146074,139.60870477914608,60.39129522085393
58.4234182719604,9.137922939000134e-46,41.54000421599237,4154.000421599237,141.54000421599238,58.45999578400763
59.234624799491755,1.0489780385354325e-43,40.728916811729576,4072.8916811729578,140.72891681172956,59.271083188270424
58.32607919068128,2.5386073321465562e-46,41.63758154395058,4163.758154395058,141.63758154395057,58.36241845604942
58.49329844097979,5.319755652186025e-46,41.470481417204546,4147.048141720455,141.47048141720455,58.529518582795454
57.45295024477303,4.066283063055197e-49,42.51094873710573,4251.094873710573,142.51094873710574,57.48905126289427
56.70119686550704,1.6004447009848375e-51,43.26282124020811,4326.282124020811,143.2628212402081,56.73717875979189
57.65451610215825,7.75458897413573e-49,42.309621127535245,4230.962112753525,142.30962112753525,57.690378872464755
58.320529729623196,4.514880405838403e-47,41.6437266241906,4164.372662419059,141.6437266241906,58.3562733758094
58.540777498597016,1.3440818334423202e-46,41.423597979479034,4142.359797947904,141.42359797947904,58.576402020520966
59.301772335217606,1.2327608674510857e-44,40.662722267262666,4066.2722267262666,140.66272226726267,59.337277732737334
59.02399826645497,1.5276242278339937e-45,40.94061546057148,4094.061546057148,140.94061546057148,59.05938453942852
59.584767527633396,3.7591323515007545e-44,40.37996532408118,4037.9965324081177,140.37996532408118,59.62003467591882
59.30994390898642,4.812319790587426e-45,40.65490806755823,4065.490806755823,140.65490806755824,59.34509193244177
59.763198863639474,5.939060751144235e-44,40.20177223787722,4020.177223787722,140.2017722378772,59.79822776212278
60.0275640382107,2.2015782472018788e-43,39.937526188419994,3993.7526188419993,139.93752618842,60.062473811580006
59.29163508583643,1.5556631055913506e-45,40.673574266050224,4067.3574266050223,140.67357426605022,59.326425733949776
58.84478689997595,6.068547924168447e-47,41.12054157730862,4112.054157730862,141.12054157730861,58.87945842269138
58.9493260786084,8.459498535887717e-47,41.01612152421604,4101.612152421604,141.01612152421603,58.98387847578396
59.34271334995812,7.692437161815887e-46,40.62285337854816,4062.2853378548157,140.62285337854814,59.37714662145184
59.511043551240036,1.6073099716480832e-45,40.454642303090026,4045.4642303090027,140.45464230309003,59.545357696909974
59.10236389113058,7.951103882985511e-47,40.863441089165235,4086.3441089165235,140.86344108916524,59.136558910834765
59.108032714094314,5.766494645988812e-47,40.857891392309206,4085.7891392309207,140.8578913923092,59.142108607690794
59.09100874505333,3.5908748546312955e-47,40.87503448759985,4087.5034487599846,140.87503448759986,59.12496551240015
59.93138792822833,5.934696114364182e-45,40.03477443081647,4003.477443081647,140.03477443081647,59.96522556918353
58.91705115819668,5.396884655145273e-48,41.049230327381714,4104.923032738171,141.0492303273817,58.950769672618286
59.03907337951107,8.445400248576555e-48,40.92732723274286,4092.732723274286,140.92732723274287,59.07267276725714
58.47418880704889,1.231589790104292e-49,41.49233093202254,4149.233093202254,141.49233093202253,58.50766906797746
59.15737326365584,8.864769417975215e-48,40.80926560237506,4080.9265602375062,140.80926560237506,59.19073439762494
59.80086724829226,4.3580089102319355e-46,40.16589074484007,4016.589074484007,140.16589074484006,59.83410925515993
59.0783553180767,2.4427419076874526e-48,40.88852180229901,4088.852180229901,140.888521802299,59.11147819770099
58.92750227559578,5.9371886293523155e-49,41.03949397216528,4103.949397216528,141.03949397216527,58.96050602783472
58.89603049279353,3.2385242066965643e-49,41.07108488249483,4107.108488249483,141.07108488249483,58.92891511750517
58.09352253023644,7.56555128411589e-52,41.87371197272117,4187.371197272117,141.87371197272117,58.12628802727883
58.02387196672532,3.014618260414592e-52,41.94348166404352,4194.348166404352,141.94348166404353,58.05651833595648
57.166950993097224,3.403332222267794e-55,42.8005217656248,4280.05217656248,142.8005217656248,57.1994782343752
58.39238559788663,1.8647328408620363e-51,41.575206288930545,4157.520628893055,141.57520628893053,58.424793711069455
59.077397339774976,1.5705325049014832e-49,40.8903136752793,4089.0313675279303,140.8903136752793,59.1096863247207
58.47507679287879,1.464736620983583e-51,41.49275335055456,4149.275335055456,141.49275335055455,58.50724664944544
59.318549063575475,3.7629675421585065e-49,40.64940020837889,4064.9400208378893,140.6494002083789,59.35059979162111
57.85239460291914,6.426175724952741e-54,42.11567379769823,4211.567379769823,142.11567379769824,57.88432620230177
57.62195671555861,7.246256159977307e-55,42.34623081386371,4234.623081386371,142.3462308138637,57.65376918613629
58.53737305574329,4.197174007076811e-52,41.43093360262594,4143.093360262594,141.43093360262594,58.56906639737406
58.55157157564129,3.0217140553598948e-52,41.416854211816826,4141.685421181683,141.41685421181683,58.583145788183174
58.36302006720895,4.876593679869411e-53,41.605524849480005,4160.552484948001,141.60552484948,58.394475150519995
56.80687494629987,1.9162783602193194e-58,43.16178909976189,4316.178909976189,143.1617890997619,56.83821090023811
58.26089691843107,9.327852181142701e-54,41.70788625714545,4170.788625714545,141.70788625714545,58.29211374285455
57.84411361444801,2.4992433810801468e-55,42.124788690785245,4212.478869078524,142.12478869078524,57.875211309214755
58.20101581560865,2.3870415324146315e-54,41.7680056194233,4176.80056194233,141.7680056194233,58.2319943805767
58.38018909029194,5.834523720235855e-54,41.58895147468066,4158.895147468066,141.58895147468067,58.41104852531934
58.63544305371761,2.507911185392339e-53,41.33381664133762,4133.381664133762,141.33381664133762,58.66618335866238
58.50251493697742,5.84365536628603e-54,41.466863888302385,4146.686388830239,141.46686388830238,58.533136111697615
58.585387907973555,6.875703541828384e-54,41.38411004767279,4138.411004767279,141.38411004767278,58.61588995232721
58.81380936448954,2.4136775239463126e-53,41.15580772166531,4115.5807721665315,141.15580772166533,58.84419227833469
59.70849843969035,1.1016703336640087e-50,40.26123777711498,4026.123777711498,140.26123777711499,59.73876222288502
60.169419976632895,1.9149518485352125e-49,39.80043537096488,3980.043537096488,139.80043537096486,60.19956462903512
59.305735961826144,2.3781483267339787e-52,40.66423851670602,4066.4238516706023,140.664238516706,59.33576148329398
58.49305376454308,3.175843449489254e-55,41.47703984506546,4147.7039845065465,141.47703984506546,58.52296015493454
59.39739160917215,1.873437140280142e-52,40.57282113165471,4057.2821131654714,140.5728211316547,59.42717886834529
60.145440903172,2.821937896409956e-50,39.82489096901517,3982.4890969015173,139.82489096901517,60.17510903098483
59.88124758411485,2.652097791325278e-51,40.08920341957458,4008.9203419574583,140.08920341957457,59.91079658042542
59.4708450202255,8.009977144367434e-53,40.49972511510816,4049.9725115108163,140.49972511510816,59.50027488489184
59.09513212273316,2.885126294270402e-54,40.87555714438669,4087.555714438669,140.87555714438668,59.12444285561331
60.38724091392985,2.696667842888638e-50,39.58356748511816,3958.356748511816,139.58356748511815,60.41643251488184
61.57073567875657,7.165139795578764e-47,38.40019185236155,3840.019185236155,138.40019185236156,61.59980814763845
61.216063994472115,4.0209431414918414e-48,38.75498266885811,3875.498266885811,138.7549826688581,61.24501733114189
61.39060159538386,8.808655628990537e-48,38.58056420030041,3858.056420030041,138.58056420030042,61.41943579969959
60.054359737956695,3.675017881669485e-52,39.9169251902236,3991.69251902236,139.9169251902236,60.0830748097764
59.32970354099019,9.08288863276822e-55,40.6417005198281,4064.17005198281,140.6417005198281,59.3582994801719
59.989914406411515,8.664007532331297e-53,39.98160878718673,3998.160878718673,139.98160878718673,60.01839121281327
60.799105852277734,2.1715979142848825e-50,39.17253647424242,3917.253647424242,139.1725364742424,60.82746352575758
59.560917502096636,1.201693594661256e-54,40.41084395748742,4041.0843957487423,140.41084395748743,59.58915604251258
58.710389134686366,8.243743398216564e-58,41.261491458103535,4126.149145810354,141.26149145810354,58.738508541896465
59.19499104079027,2.392378290594204e-56,40.777008685347454,4077.7008685347455,140.77700868534745,59.222991314652546
60.05043082714769,1.1555646015218701e-53,39.921688032479835,3992.1688032479833,139.92168803247984,60.078311967520165
59.84317343239638,1.395509780323327e-54,40.12906456086291,4012.9064560862907,140.1290645608629,59.87093543913709
60.56050683240498,2.0701205870280232e-52,39.411850294628024,3941.1850294628025,139.41185029462804,60.588149705371976
61.25089182744876,2.1735664543219113e-50,38.721584433499935,3872.1584433499934,138.72158443349994,61.278415566500065
61.477510545871425,7.073563970533525e-50,38.495084849134926,3849.508484913493,138.4950848491349,61.504915150865074
61.82650570198503,5.521787072787674e-49,38.146208827220974,3814.6208827220976,138.14620882722096,61.853791172779026
61.834665515907005,3.65703371398329e-49,38.138168147640584,3813.8168147640586,138.13816814764058,61.861831852359416
61.062163029800395,7.517669052837986e-52,38.910789768230764,3891.0789768230766,138.91078976823076,61.089210231769236
60.61087478550557,1.4364253445291586e-53,39.36219714715112,3936.2197147151123,139.3621971471511,60.63780285284888
60.871190222635406,6.35134154052555e-53,39.102000844788805,3910.2000844788804,139.1020008447888,60.897999155211195
60.19537867377649,1.8939696016634072e-55,39.77793152855719,3977.793152855719,139.7779315285572,60.22206847144281
60.27264933397953,2.0301785706193576e-55,39.7007800034056,3970.07800034056,139.7007800034056,60.2992199965944
60.01701960096247,1.4937026357956988e-56,39.95652887161606,3995.6528871616056,139.95652887161606,60.04347112838394
60.1229844437955,2.009710687862129e-56,39.85068316411842,3985.0683164118423,139.85068316411844,60.14931683588158
59.96774790864444,3.212955671678629e-57,40.00603883474683,4000.6038834746832,140.00603883474685,59.99396116525317
61.747931275404845,2.2694540212087894e-51,38.22597460360574,3822.597460360574,138.22597460360575,61.77402539639426
63.89009233273353,6.704454970562544e-45,36.08393268203835,3608.3932682038353,136.08393268203835,63.91606731796165
63.405523676072406,1.481191917673651e-46,36.56862047460274,3656.862047460274,136.56862047460274,63.43137952539726
62.95578863345009,3.7420810178113733e-48,37.018474653270296,3701.8474653270296,137.0184746532703,62.981525346729704
61.349702734229574,1.2635973924735232e-53,38.62467968867802,3862.467968867802,138.62467968867801,61.37532031132198
60.88264185706819,1.761882830041972e-55,39.09185970216857,3909.185970216857,139.09185970216856,60.90814029783143
61.77153335097285,1.1363972836340008e-52,38.20308734473506,3820.308734473506,138.20308734473505,61.79691265526494
60.9568395422118,1.0164016485982387e-55,39.01790029010922,3901.790029010922,139.01790029010922,60.98209970989078
60.82334098915295,1.9088584702018728e-56,39.15151797992317,3915.151797992317,139.15151797992317,60.84848202007683
61.11699694696702,1.1650974123446692e-55,38.85798115900616,3885.798115900616,138.85798115900616,61.14201884099384
61.33198672366213,3.708586857397411e-55,38.64311051935008,3864.311051935008,138.64311051935007,61.35688948064992
63.15200577568514,2.7962583003131148e-49,36.82321060450808,3682.3210604508076,136.82321060450806,63.17678939549192
63.96530335791759,6.283576647315604e-47,36.01003215959861,3601.003215959861,136.0100321595986,63.98996784040139
64.80432689837163,1.400758643937058e-44,35.17112775660952,3517.112775660952,135.1711277566095,64.82887224339048
65.2226912674792,1.531717348325621e-43,34.752882525108845,3475.2882525108844,134.75288252510884,65.24711747489116
64.91734148642647,1.1820030085331956e-44,35.058351443910496,3505.8351443910497,135.0583514439105,64.9416485560895
65.05850357152696,1.944463042618651e-44,34.91730849670087,3491.730849670087,134.91730849670085,65.08269150329913
64.5466045119567,3.2970836179947753e-46,35.42932669430395,3542.9326694303954,135.42932669430394,64.57067330569605
65.82900325230781,1.437461323680879e-42,34.147047092127664,3414.7047092127664,134.14704709212765,65.85295290787234
65.3154886127458,2.716046546999251e-44,34.66068087000646,3466.068087000646,134.66068087000644,65.33931912999354
64.58363320230477,9.39603881411978e-47,35.392655418906244,3539.2655418906243,135.39265541890626,64.60734458109376
65.81630126456905,3.2361626957891703e-43,34.1601064952427,3416.01064952427,134.1601064952427,65.8398935047573
65.45912025391843,1.7027398902295445e-44,34.517406644636026,3451.7406644636026,134.51740664463603,65.48259335536397
65.09751768975896,8.054223342380731e-46,34.87912834768018,3487.912834768018,134.8791283476802,65.12087165231982
66.39987100046837,4.046956960397278e-42,33.576894175997424,3357.6894175997422,133.57689417599744,66.42310582400258
66.11830438650658,3.725332396528884e-43,33.85857992912784,3385.857992912784,133.85857992912784,66.14142007087216
67.41529531695399,1.281914568440809e-39,32.56170813799103,3256.170813799103,132.56170813799105,67.43829186200897
68.50668391471677,7.839254944453044e-37,31.470438679680825,3147.0438679680824,131.47043867968083,68.52956132031917
68.65034399339173,1.2447289200177889e-36,31.326897740600415,3132.6897740600416,131.32689774060043,68.67310225939958
66.96649307780187,1.6966951186858597e-41,33.0108677959268,3301.0867795926797,133.0108677959268,66.9891322040732
66.62416590064001,1.0323472056488674e-42,33.35331411296717,3335.331411296717,133.35331411296715,66.64668588703283
66.34799434836272,9.291977076030324e-44,33.62960480526493,3362.9604805264935,133.62960480526493,66.37039519473507
65.72942847928857,6.800842260479588e-46,34.24828981450153,3424.828981450153,134.24828981450153,65.75171018549847
65.91978719798132,1.574328608786239e-45,34.05805023611322,3405.8050236113218,134.05805023611322,65.94194976388678
65.25342801666034,6.781608392139498e-48,34.7245285578806,3472.4528557880603,134.7245285578806,65.2754714421194
66.66526057965936,1.100544011611174e-43,33.31281513546996,3331.281513546996,133.31281513546998,66.68718486453004
67.4773039269133,1.780851689823763e-41,32.500890928946376,3250.0890928946374,132.50089092894638,67.49910907105362
66.97984490836738,3.5302526313427353e-43,32.998469088364615,3299.8469088364614,132.99846908836463,67.00153091163538
66.38904134109394,3.1283706575318584e-45,33.589391796652365,3358.939179665236,133.58939179665236,66.41060820334764
68.67623064338102,1.1676102142902002e-38,31.30232163552158,3130.232163552158,131.3023216355216,68.69767836447842
69.46540649415171,1.1060535230305415e-36,30.513264926049146,3051.3264926049146,130.51326492604915,69.48673507395085
69.72437914241144,3.547739920881999e-36,30.25441141922967,3025.441141922967,130.25441141922965,69.74558858077033
70.22167493827286,4.8116415617410723e-35,29.757234764950468,2975.7234764950467,129.75723476495045,70.24276523504953
69.71693342766895,1.393994718703297e-36,30.262095417278573,3026.2095417278574,130.26209541727857,69.73790458272143
69.97008155485551,4.3094534792577104e-36,30.009066431958175,3000.9066431958177,130.00906643195816,69.99093356804183
69.72001801087822,5.731023602126549e-37,30.25924911794361,3025.924911794361,130.25924911794363,69.74075088205639
69.78306979965802,5.387369934469019e-37,30.196316471313935,3019.6316471313935,130.19631647131393,69.80368352868607
71.57064653119535,1.7592668950772619e-32,28.408858882068714,2840.885888206871,128.40885888206873,71.59114111793129
71.63436599905424,1.6945134434405808e-32,28.3452585566439,2834.52585566439,128.3452585566439,71.6547414433561
70.11497120721116,1.094819561600136e-36,29.86477249106305,2986.477249106305,129.86477249106304,70.13522750893695
71.45058855916598,2.5121950704320992e-33,28.52927428182626,2852.927428182626,128.52927428182625,71.47072571817374
72.55186612581319,9.578325907375246e-31,27.428115858039064,2742.8115858039064,127.42811585803906,72.57188414196094
72.30506212612113,1.5894472680428857e-31,27.675039000733136,2767.5039000733136,127.67503900073314,72.32496099926686
73.13191511798772,1.1077868578642007e-29,26.84830515201051,2684.830515201051,126.84830515201051,73.15169484798949
72.51705230865807,2.375147468220927e-31,27.46328710462612,2746.328710462612,127.46328710462612,72.53671289537388
71.1932159821585,5.820875738393343e-35,28.787242574553616,2878.7242574553616,128.7872425745536,71.21275742544638
71.50204342132946,2.469117099608149e-34,28.47853427895258,2847.853427895258,128.47853427895257,71.52146572104742
70.87415952679916,3.058576495000469e-36,29.10653731719478,2910.653731719478,129.10653731719478,70.89346268280522
71.38034791938085,4.6265532075592605e-35,28.600468068466952,2860.0468068466953,128.60046806846697,71.39953193153305
69.96099480574976,2.7405711590019988e-39,30.019940326093888,3001.994032609389,130.0199403260939,69.98005967390611
70.50266741545259,6.116665443381772e-38,29.478386860528886,2947.8386860528885,129.47838686052887,70.52161313947111
69.94489675595567,8.352334922257409e-40,30.036276664305632,3003.6276664305633,130.03627666430563,69.96372333569437
69.83958337484458,2.323070565598383e-40,30.141709189838508,3014.1709189838507,130.1417091898385,69.85829081016149
69.36298394729134,4.529558653954651e-42,30.61842776195553,3061.842776195553,130.61842776195553,69.38157223804447
69.09484303049143,3.5733830106115496e-43,30.886687823461187,3088.668782346119,130.8866878234612,69.11331217653881
68.33429432728362,6.375685414652539e-46,31.64735567151675,3164.735567151675,131.64735567151675,68.35264432848325
67.9109773821631,1.2162119556517345e-47,32.07079176162698,3207.079176162698,132.070791761627,67.92920823837302
67.98517680886367,1.103872723676525e-47,31.996711480058096,3199.6711480058098,131.99671148005808,68.0032885199419
67.07356055143808,3.2658604536271034e-51,32.908446882757374,3290.8446882757376,132.90844688275737,67.09155311724263
67.32772069762599,1.2900560625017012e-50,32.65440588198513,3265.4405881985126,132.65440588198513,67.34559411801487
65.71584122927571,4.924709748736788e-57,34.266404495893056,3426.6404495893057,134.26640449589306,65.73359550410694
64.40667208604098,9.038042289426441e-63,35.57569278482741,3557.569278482741,135.57569278482742,64.42430721517259
64.50071421930022,8.843169398468152e-63,35.48176979740977,3548.176979740977,135.48176979740975,64.51823020259023
64.96273659125752,3.0631105183069896e-61,35.019866571436054,3501.9866571436055,135.01986657143607,64.98013342856395
64.06476146647128,1.6553746579695335e-65,35.91796084234788,3591.796084234788,135.9179608423479,64.08203915765212
62.48209175983194,3.067343603436224e-73,37.500749695254775,3750.0749695254776,137.50074969525477,62.499250304745225
63.53458565640368,8.756054440880043e-69,36.44837494509257,3644.837494509257,136.44837494509255,63.55162505490743
64.03379430196821,5.6253687848071556e-67,35.94928544607956,3594.9285446079557,135.94928544607956,64.05071455392044
62.97460106696982,2.321856451467999e-72,37.00859782777146,3700.859782777146,137.00859782777147,62.99140217222854
63.15497951999897,5.388680744316267e-72,36.8283385215778,3682.83385215778,136.8283385215778,63.1716614784222
62.651017107382366,6.055264063630809e-75,37.33242008117187,3733.2420081171867,137.33242008117188,62.66757991882813
63.05786006980144,1.800207573051461e-73,36.925696265872254,3692.5696265872252,136.92569626587226,63.074303734127746
62.84697892521888,5.019560103163572e-75,37.13669655771625,3713.669655771625,137.13669655771625,62.86330344228375
63.306385004733556,2.7000970815732734e-73,36.677409625604994,3667.7409625604996,136.67740962560498,63.322590374395006
63.91054912493095,6.719386833802473e-71,36.073364652953,3607.3364652953005,136.073364652953,63.926635347047
64.34196215114969,2.3121522311966768e-69,35.64207077442167,3564.207077442167,135.64207077442165,64.35792922557833
63.647893355263875,3.338221939626648e-73,36.33625871813686,3633.625871813686,136.33625871813686,63.66374128186314
63.80765074865842,5.937561912490062e-73,36.176620472713665,3617.6620472713666,136.17662047271367,63.823379527286335
64.35142110032129,7.601447131181494e-71,35.63296926916415,3563.296926916415,135.63296926916416,64.36703073083585
64.01908040059332,5.450951926374807e-73,35.96542911714745,3596.542911714745,135.96542911714744,64.03457088285255
63.274681745630105,2.723508989828967e-77,36.70994692050799,3670.9946920507987,136.709946920508,63.29005307949201
62.415070145243135,2.0068234239679344e-82,37.569677669434256,3756.9677669434254,137.56967766943427,62.430322330565744
62.24394188568078,5.474526857194362e-84,37.740925077677886,3774.0925077677884,137.7409250776779,62.259074922322114
63.90198694868919,8.093537358427893e-76,36.082999163492765,3608.2999163492764,136.08299916349276,63.917000836507235
63.23003708110741,6.463762277082428e-80,36.7550681800398,3675.50681800398,136.7550681800398,63.2449318199602
63.439464070346176,2.0137973678275934e-79,36.54576033990827,3654.576033990827,136.54576033990827,63.45423966009173
62.750045230559756,8.52956548438368e-84,37.23529832894392,3723.529832894392,137.2352983289439,62.76470167105608
62.430031779044214,2.9326170569989606e-86,37.55543092985069,3755.5430929850686,137.55543092985067,62.44456907014931
61.85076410984477,2.626580300680524e-90,38.13481774858334,3813.4817748583337,138.13481774858334,61.86518225141666
62.685777972349385,3.4607314436015274e-86,37.29992303575392,3729.992303575392,137.29992303575392,62.70007696424608
62.19685031768404,9.984201274575765e-90,37.78896984023643,3778.896984023643,137.78896984023643,62.21103015976357
61.806634620796665,8.459557037741849e-93,38.17930468708297,3817.9304687082968,138.17930468708298,61.82069531291703
61.02336304487261,1.9581434829965374e-98,38.96269541310818,3896.2695413108177,138.96269541310818,61.03730458689182
59.75199249627926,1.222636037373817e-107,40.23418511194467,4023.418511194467,140.23418511194467,59.76581488805533
58.92865633512486,2.5967780901419232e-114,41.057640423484195,4105.764042348419,141.0576404234842,58.942359576515805
58.396875014226794,3.6055596286888013e-119,41.589540894909376,4158.954089490938,141.58954089490936,58.410459105090624
57.87778908019293,4.057380402461173e-124,42.108745979612344,4210.874597961234,142.10874597961234,57.891254020387656
58.50387936300244,1.9213867101723777e-120,41.482774847613925,4148.277484761393,141.48277484761394,58.517225152386075
59.0338952422824,1.4976527269484994e-117,40.95287811928705,4095.287811928705,140.95287811928705,59.04712188071295
59.59778739762231,1.8305495680874717e-114,40.3891051150422,4038.91051150422,140.38910511504218,59.6108948849578
61.17552560541611,2.0171186060149207e-104,38.81148605848546,3881.1486058485457,138.81148605848546,61.18851394151454
62.53115625169475,1.94908111349085e-96,37.455974563585855,3745.5974563585855,137.45597456358587,62.544025436414145
62.80018778255884,1.3541985797893769e-95,37.18706218424282,3718.706218424282,137.18706218424282,62.81293781575718
62.70355726130169,4.330562481270402e-97,37.28381185716298,3728.381185716298,137.283811857163,62.71618814283702
61.85804169778601,1.3616609784252432e-103,38.12944657248369,3812.9446572483685,138.1294465724837,61.87055342751631
61.99679364572886,1.289085550917908e-103,37.990813776487826,3799.0813776487826,137.9908137764878,62.009186223512174
60.94070895828557,5.047543290997769e-112,39.04701761602011,3904.701761602011,139.04701761602013,60.95298238397989
61.475053266674884,3.002819267239512e-109,38.51279245986178,3851.279245986178,138.51279245986177,61.48720754013822
62.06795839286683,4.1096343364140213e-106,37.92000648604281,3792.0006486042807,137.9200064860428,62.07999351395719
63.822389881270446,2.482799034970671e-95,36.165694150154145,3616.5694150154145,136.16569415015414,63.834305849845855
63.47307833434751,1.47016880740258e-98,36.51512484973403,3651.512484973403,136.51512484973404,63.48487515026597
62.997868417094416,9.409558924814502e-103,36.99045391978607,3699.045391978607,136.99045391978606,63.00954608021393
62.016441193148566,9.610938520998224e-111,37.97200029667286,3797.200029667286,137.97200029667286,62.02799970332714
62.469012689268986,1.3972699408163416e-108,37.51954795363536,3751.954795363536,137.51954795363537,62.48045204636464
63.68535035470689,3.928616456597987e-101,36.30332944142237,3630.332944142237,136.30332944142236,63.69667055857763
63.90064518249841,1.061897820511092e-100,36.08815376699775,3608.815376699775,136.08815376699775,63.91184623300225
63.37736048970627,2.0730644421782983e-105,36.61155761329879,3661.155761329879,136.6115576132988,63.38844238670121
64.68851790088793,1.9272911765076517e-97,35.30051935576803,3530.0519355768033,135.30051935576802,64.69948064423197
65.63546346662005,3.2239503411317554e-92,34.353692943828776,3435.3692943828773,134.35369294382878,65.64630705617122
64.38445425128288,1.2141400848348074e-101,35.60482131310083,3560.482131310083,135.60482131310084,64.39517868689917
64.09179719499683,7.961055656959892e-105,35.897597523463745,3589.7597523463746,135.89759752346373,64.10240247653626
63.77388639698388,2.6876152411038755e-108,36.21562747569554,3621.562747569554,136.21562747569556,63.78437252430446
64.27933889129375,8.324926504059981e-106,35.71029413574652,3571.029413574652,135.71029413574652,64.28970586425348
65.54712874583618,5.095434897657966e-98,34.442623435706935,3444.2623435706937,134.44262343570693,65.55737656429307
64.20480584548032,8.837667657506975e-109,35.78506549070762,3578.5065490707625,135.7850654907076,64.21493450929238
64.14258405063451,1.6501561941099764e-110,35.847406440340265,3584.7406440340264,135.84740644034025,64.15259355965973
63.99164117008392,5.82073724437871e-113,35.998468475819664,3599.8468475819664,135.99846847581966,64.00153152418034
63.77985423095808,5.834338135189905e-116,36.21037457001633,3621.037457001633,136.2103745700163,63.78962542998367
63.46580165370269,7.080507206213379e-120,36.52454630248453,3652.454630248453,136.52454630248454,63.47545369751547
62.56532113369789,6.990739230234442e-129,37.425145977844124,3742.514597784412,137.42514597784412,62.574854022155876
62.037567342455745,4.090712509865347e-135,37.95301892458306,3795.301892458306,137.95301892458306,62.04698107541694
60.96176570902316,8.933545366848994e-147,39.02893971365443,3902.893971365443,139.02893971365444,60.97106028634557
61.54066221487658,3.8407134843607853e-143,38.4501623635818,3845.0162363581803,138.4501623635818,61.5498376364182
61.24018689785354,7.397407998135328e-148,38.75075683652761,3875.0756836527607,138.75075683652761,61.24924316347239
61.79253147248078,1.80056209680721e-144,38.19853141796515,3819.853141796515,138.19853141796514,61.80146858203485
61.60332081846506,3.2758407034040126e-148,38.387861228187624,3838.7861228187626,138.38786122818763,61.612138771812376
62.18456697021541,1.4738089837828529e-144,37.806734232786035,3780.6734232786034,137.80673423278603,62.193265767213965
61.70601859742867,3.2113113712334565e-151,38.28540176206353,3828.540176206353,138.28540176206354,61.71459823793647
62.36284169076666,8.484436757735857e-147,37.62869782535829,3762.8697825358286,137.6286978253583,62.37130217464171
61.84996555281687,5.493876686125223e-154,38.141693120082834,3814.1693120082837,138.14169312008283,61.858306879917166
62.39474777915927,1.2105622777648686e-150,37.59703005065716,3759.703005065716,137.59703005065717,62.40296994934284
62.98893653689901,7.274330864475713e-147,37.002960449976165,3700.2960449976163,137.00296044997617,62.997039550023835
61.5993344845622,2.0553586840292552e-163,38.392681659513705,3839.2681659513705,138.3926816595137,61.607318340486295
61.593740566683906,6.663724035341955e-166,38.39839473473472,3839.839473473472,138.39839473473472,61.60160526526528
61.229527089859246,1.8011170571672867e-172,38.7627273690441,3876.27273690441,138.76272736904411,61.2372726309559
62.03800961723337,4.7134223407802643e-166,37.9543639992967,3795.43639992967,137.9543639992967,62.0456360007033
61.929230695166346,7.421865410149882e-170,38.063262079132436,3806.3262079132437,138.06326207913244,61.936737920867564
61.76467815545779,1.9877659918076113e-174,38.22793377675171,3822.793377675171,138.2279337767517,61.77206622324829
62.06762150729656,1.0092867152134826e-173,37.92510958296565,3792.510958296565,137.92510958296566,62.07489041703435
62.882929629382375,3.2333322105688885e-167,37.10992061907453,3710.992061907453,137.10992061907453,62.89007938092547
63.03909195464277,3.2089447538587816e-168,36.95387745215085,3695.387745215085,136.95387745215083,63.04612254784915
62.668353398534016,2.2216239006196852e-175,37.3247351667383,3732.47351667383,137.3247351667383,62.6752648332617
63.64484761196684,5.1922801442468616e-167,36.34836011192617,3634.8360111926168,136.34836011192618,63.65163988807383
63.304311390182185,6.482540180839026e-174,36.68901549247352,3668.9015492473522,136.68901549247352,63.31098450752648
65.14892207914855,6.894164090172234e-156,34.84452396241184,3484.452396241184,134.84452396241184,65.15547603758816
64.94835172695127,5.841683473757329e-161,35.04521347365582,3504.521347365582,135.04521347365582,64.95478652634418
65.53505403061305,2.5775123792402303e-157,34.458630329182725,3445.8630329182724,134.4586303291827,65.54136967081728
65.20756214360419,5.069572179543119e-164,34.78624137552228,3478.624137552228,134.78624137552228,65.21375862447772
64.48269774598539,7.538762392708907e-176,35.51122493261377,3551.1224932613773,135.51122493261377,64.48877506738623
64.45069208296962,1.0637879344372223e-179,35.54334975524422,3554.334975524422,135.5433497552442,64.45665024475578
65.28669560606262,6.684953385381451e-173,34.70746539190789,3470.746539190789,134.70746539190787,65.29253460809211
65.87709220601535,3.303393740214721e-169,34.11718795185385,3411.718795185385,134.11718795185385,65.88281204814615
66.15062380688104,2.1505261008940988e-169,33.84377551102884,3384.377551102884,133.84377551102884,66.15622448897116
67.10753271553888,2.010647659641135e-161,32.88698576255368,3288.6985762553677,132.88698576255368,67.11301423744632
68.46539595753275,4.036348461952207e-149,31.529241680884496,3152.9241680884497,131.5292416808845,68.4707583191155
69.01311295642881,3.1152960015247357e-146,30.981643842455114,3098.1643842455114,130.98164384245513,69.01835615754489
69.50377808363655,4.991692137499656e-144,30.491097875856056,3049.1097875856058,130.49109787585604,69.50890212414394
70.32443156221319,3.0779782593247036e-138,29.670563558030082,2967.056355803008,129.6705635580301,70.32943644196992
69.3599989267582,1.3930826234262327e-152,30.63511535437776,3063.511535437776,130.63511535437777,69.36488464562224
69.03704353843798,3.049532038432318e-160,30.95818990373266,3095.818990373266,130.95818990373266,69.04181009626734
69.49395143645725,1.3616471100014987e-158,30.501401166890062,3050.1401166890064,130.50140116689005,69.49859883310994
68.54292836557944,5.767641714322286e-175,31.45254339908655,3145.2543399086553,131.45254339908655,68.54745660091345
69.45183840721589,1.5563233239259147e-167,30.543752518910793,3054.375251891079,130.5437525189108,69.4562474810892
68.54495116289469,1.788426286241339e-184,31.450758924834673,3145.075892483467,131.45075892483467,68.54924107516533
68.25921645635191,8.65518145993225e-194,31.736612793122134,3173.6612793122135,131.73661279312213,68.26338720687787
69.55442474024974,1.3906984942376761e-180,30.441523671110986,3044.1523671110986,130.44152367111099,69.55847632888901
69.19374749434427,3.238596454932937e-191,30.802320079045145,3080.2320079045144,130.80232007904516,69.19767992095485
68.93114504603052,4.1998656052733546e-201,31.065041689529593,3106.5041689529594,131.0650416895296,68.9349583104704
68.71257338664272,5.624618352360567e-211,31.283732511230085,3128.3732511230082,131.28373251123008,68.71626748876992
69.00754483545902,4.963992634532559e-213,30.988880224868467,3098.8880224868467,130.98888022486847,69.01111977513153
68.06386231288903,1.2301141069927083e-236,31.932681910035143,3193.2681910035144,131.93268191003514,68.06731808996486
67.69349542319245,7.436980183941975e-252,32.303167962470425,3230.3167962470425,132.3031679624704,67.69683203752957
68.43972284686333,8.548802218392297e-247,31.557059701680245,3155.7059701680246,131.55705970168026,68.44294029831975
69.47327448146014,1.368864180639982e-236,30.523627230106143,3052.3627230106144,130.52362723010614,69.47637276989386
69.95480426432195,8.171534506689525e-237,30.042216610409028,3004.2216610409027,130.042216610409,69.95778338959097
69.180272050587,6.69854206239779e-262,30.816867987450678,3081.686798745068,130.81686798745068,69.18313201254932
70.05322220952623,4.1371156248491416e-255,29.944036991960175,2994.4036991960174,129.94403699196016,70.05596300803983
70.26909882617906,5.089466828341288e-262,29.72827953889805,2972.827953889805,129.72827953889805,70.27172046110195
70.85486593495366,9.56841130191521e-262,29.142631593856166,2914.2631593856167,129.14263159385615,70.85736840614383
72.16571496737755,1.3480216037448858e-246,27.831901725307006,2783.1901725307007,127.831901725307,72.168098274693
72.41360491913328,4.8419357728451684e-254,27.58413093756799,2758.4130937567993,127.58413093756799,72.41586906243201
72.74339963992382,1.4344261377626207e-260,27.25445538093618,2725.445538093618,127.25445538093618,72.74554461906382
74.24342517463225,6.282175933937651e-242,25.75454901052848,2575.454901052848,125.75454901052848,74.24545098947152
72.94265702422426,9.674479444124111e-288,27.05543632537922,2705.543632537922,127.05543632537922,72.94456367462078
72.0831435853985,0.0,27.915068928789708,2791.5068928789706,127.91506892878971,72.08493107121029
73.23983337917277,0.0,26.7584982997422,2675.84982997422,126.7584982997422,73.2415017002578
71.93695204844403,0.0,28.061498795339688,2806.149879533969,128.06149879533967,71.93850120466031
71.8777174481822,0.0,28.120852560612278,2812.085256061228,128.12085256061226,71.87914743938772
71.26982759298328,0.0,28.72886158096395,2872.886158096395,128.72886158096395,71.27113841903605
70.1909096255443,0.0,29.807898713697696,2980.7898713697696,129.80789871369768,70.1921012863023
69.25007194139584,0.0,30.74885556328293,3074.885556328293,130.74885556328292,69.25114443671707
69.25762895337265,0.0,30.74141771688491,3074.141771688491,130.7414177168849,69.25858228311509
68.06690739005005,0.0,31.932258445928284,3193.2258445928283,131.93225844592828,68.06774155407172
68.28029736352174,0.0,31.718987638319376,3171.8987638319377,131.7189876383194,68.28101236168062
67.62659599007608,0.0,32.37280817776984,3237.280817776984,132.37280817776985,67.62719182223016
68.58793337921773,0.0,31.411589954774996,3141.1589954774995,131.411589954775,68.588410045225
68.34831987346503,0.0,31.651322626816494,3165.1322626816495,131.6513226268165,68.3486773731835
67.67269618243581,0.0,32.32706548427653,3232.706548427653,132.32706548427655,67.67293451572347
66.22284779127146,0.0,33.77703304201371,3377.7033042013713,133.77703304201373,66.22296695798629
66.20670637590277,0.0,33.793292624097234,3379.3292624097235,133.79329262409723,66.20670737590277
