Underlying Price,Straddle Profit (Realized),Futures Profit (Realized),Total Fees,Total Profit (Strategy),Buy and Hold PnL
97.30914300077596,0.0,0.0,0.0,0.0,100.0
97.88679299020865,76.60988875835011,-28.882499471634304,0.16796225958322647,153.21977751670022,128.8824994716343
95.3998601921308,354.0214293186971,124.34663990389225,0.33220097865508436,784.6527473957442,4.535859567742051
95.58412038676893,211.2500597723545,-9.213009731906396,0.3309111572926175,853.1314376217562,13.748869299648447
95.20760494008935,258.11197856409177,18.82577233397882,0.3335467654193745,1158.1053349775852,-5.076903034330371
95.17434446497316,242.6120209184065,1.6630237558096894,0.33377958874518787,1385.2173982503064,-6.739926790140061
92.6750521646129,490.86073215252094,124.96461501801335,0.3512746348477097,2124.326841636942,-131.7045418081534
91.99459335271423,433.93723511269036,34.022940594933004,0.35603784653100035,2501.3405797098017,-165.7274824030864
91.94049345234632,405.3239058552464,2.704995018395806,0.35641654583357574,2878.051156307604,-168.4324774214822
92.28174253173904,368.49639164113387,-17.062453969636238,0.35402780227782665,3209.7200337346253,-151.37002345184598
90.39866790711064,573.8531265512383,94.15373123142032,0.36720932465022554,3988.929895195968,-245.5237546832663
91.5129865833096,368.2753279306551,-55.715933809948126,0.3594090939168328,4151.62742450604,-189.80782087331818
90.89265790337043,486.0197874337601,31.01643399695817,0.36375139467640694,4755.391671442905,-220.82425487027638
89.35339102545697,608.9192663600028,76.96334389567312,0.37452626282180124,5487.21041672915,-297.7875987659495
89.63234561499053,504.06241619310083,-13.94772947667775,0.3725735806950663,5886.415982755349,-283.83986928927175
90.57139235175867,424.1120453201212,-46.952336838407405,0.3660002535376893,6230.577657202491,-236.88753245086434
91.60488254473998,367.722597291749,-51.674509649065214,0.3587658221868201,6541.9108064658685,-185.21302280179907
91.50939125603523,428.9455673722683,4.774564435237494,0.3594342612077534,7032.079343918656,-189.98758723703656
91.49175458435423,425.9345466484294,0.8818335840501845,0.3595577179095204,7455.002869843246,-190.8694208210868
91.03252699473312,470.9722574333626,22.96137948105539,0.36277231103686813,7971.012838061542,-213.83080030214217
90.50484392175824,500.77549146828454,26.384153648744046,0.3664660925476923,8501.591563564749,-240.21495395088618
90.48653419208961,476.2221826182958,0.9154864834314935,0.3665942606553727,8953.260437333056,-241.13044043431773
89.56910191633263,567.043501684632,45.871613787848986,0.3730162865856716,9611.125258084023,-287.0020542221667
86.60187596806179,817.8737121422288,148.36129741354185,0.39378686822356745,10679.82918068385,-435.36335163570857
86.82132616703909,647.5689309823498,-10.97250994886494,0.3922507168307263,11157.09333050632,-424.3908416868436
84.76175422840348,864.4842177912058,102.97859693178069,0.40666772040117566,12238.49283510638,-527.3694386186243
85.73971701940506,663.7161874988033,-48.89813955007938,0.39982198086416454,12701.440992312782,-478.4712990685449
84.12944363235822,873.6303938398579,80.51366935234228,0.41109389457349244,13784.985592493695,-558.9849684208872
84.77959038706541,728.1066000440792,-32.5073377353597,0.4065428672905421,14367.568398741994,-526.4776306855275
84.64475692400632,774.096340251107,6.741673152954775,0.40748670153195576,15187.65447920013,-533.2193038384822
83.57380083134548,874.4427796715872,53.54780463304181,0.4149833941805816,16162.443698292194,-586.7671084715241
82.85323735678176,892.9462785505954,36.02817372818592,0.4200273385025277,17073.893475721798,-622.79528219971
81.27661019875706,1014.5697842347738,78.83135790123532,0.43106372860870057,18210.08676564075,-701.6266401009453
81.91092245922368,872.3116404726989,-31.715613023331457,0.4266235427854342,18940.14026235137,-669.9110270776139
81.65109672368492,930.0080082697584,12.991286776938438,0.4284423229342056,19927.844638418188,-682.9023138545523
82.36929501577406,845.2019196719505,-35.90991460445707,0.4234149348895816,20688.240469492335,-646.9923992500952
79.83894019715312,1134.1296036547706,126.51774093104677,0.4411274186199281,22111.297757129927,-773.510140181142
79.7619855487471,1015.3067888817867,3.8477324203007868,0.44166610115877025,23007.781731238727,-777.3578726014428
79.43224507523222,1044.4307956296602,16.48702367574444,0.4439742844733745,24081.336533616264,-793.8448962771872
77.90276035726971,1180.8815373571406,76.47423589812519,0.454680677499112,25398.668812700886,-870.3191321753125
77.96313611184539,1098.3701486317298,-3.0187877287836784,0.4542580472170823,26414.527572607203,-867.3003444465287
78.43275884117638,1054.4299507865196,-23.481136466549657,0.4509706881117653,27425.01732554851,-843.8192079799791
78.28772065525203,1092.4138905782027,7.2519092962174625,0.4519859554132357,28555.415155918396,-851.0711172761966
78.55559503810758,1058.3764181171098,-13.393719142777627,0.45011083473324687,29579.754101574414,-837.6773981334189
77.88797641079157,1138.5273266610982,33.38093136580085,0.45478416512445907,30798.432336779497,-871.0583294992198
79.13075389032113,980.8773467846976,-62.13887397647824,0.44608472276775213,31621.659703687797,-808.9194555227415
77.66850250442174,1189.2311235914137,73.11256929496963,0.4563204824690478,33019.24460408593,-882.0320248177111
77.70555927330382,1112.413136805618,-1.8528384441040657,0.45606108508687326,34054.83975410575,-880.1791863736071
78.2980998123554,1055.0160691283372,-29.627026952579172,0.45191330131351215,35052.45875555681,-850.5521594210279
78.93733405910899,1020.7241460452849,-31.961712337679415,0.4474386615862371,36038.89097851904,-818.5904470833485
79.53512900357535,992.9105485009396,-29.889747223317897,0.44325409697497253,37003.98792947564,-788.7006998600306
80.02032072042023,974.2845203817874,-24.259585842244036,0.43985775495705837,37959.64642173827,-764.4411140177865
79.74484326365325,1026.089923558532,13.773872838348922,0.4417860971544272,39037.541748473544,-778.2149868561355
80.35047678121346,951.7569383987852,-30.28167587801036,0.43754666253150576,39914.96570171259,-747.9333109781251
80.42362076247613,974.7247281583969,-3.6571990631337314,0.43703465466266705,40912.6582196306,-744.2761119149914
79.71098211268318,1049.6408037302772,35.63193248964751,0.4420231252112177,42037.21509893275,-779.9080444046389
79.41115314155665,1043.989669550485,14.991448556326503,0.44412192800910344,43075.55363430345,-794.8994929609654
79.32222657815453,1037.8902548484268,4.446328170106284,0.4447444139529183,44107.34447444981,-799.3458211310717
78.21259756373153,1144.3990607175192,55.48145072114963,0.45251181705387933,45358.25234103643,-854.8272718522213
79.85123555528382,925.0652813070816,-81.93189957761433,0.44104135111301324,46063.98384293308,-772.895372274607
80.00073761449451,992.0480214780414,-7.475102960534485,0.43999483669853845,47123.01460458207,-765.4202693140725
78.66471152130646,1133.1163815747288,66.80130465940266,0.44934701935085475,48397.19934625349,-832.2215739734752
76.73334989915452,1259.4377195991651,96.56808110759698,0.4628665507059183,49782.958403877084,-928.7896550810722
76.38285787651625,1197.9163873112361,17.524601131913187,0.46531999486438624,50919.35345890039,-946.3142562129854
76.31007737140398,1187.669327227015,3.639025255613859,0.4658294584001722,52096.77572604318,-949.9532814685992
76.58804435935286,1156.2355489454283,-13.89834939744432,0.46388368948452996,53221.577496707025,-936.0549320711548
76.72865267320556,1156.0740512157997,-7.030415692634762,0.46289943128756106,54377.4900501932,-929.02451637852
76.4968402016973,1186.2840913719604,11.590623575413161,0.46452211858811887,55593.984181721324,-940.6151399539333
76.0577835293222,1218.5960616373504,21.952833618755108,0.46759551529474463,56844.89221362406,-962.5679735726883
75.70472187132306,1231.946922386903,17.65308289995673,0.4700669469007386,58090.18999676051,-980.2210564726452
76.64725053555092,1120.0475707648093,-47.12643321139325,0.4634692462511435,59098.338215903226,-933.0946232612519
77.21235086502591,1110.6679267310103,-28.25501647374935,0.45951354394481864,60199.62649860044,-904.8396067875025
78.15741106704156,1044.4235384246083,-47.25301010078269,0.45289812253070905,61177.80564871864,-857.5865966867198
77.64892853322331,1142.5212425294797,25.42412669091263,0.4564575002674368,62418.424595353,-883.0107233776324
77.52109074466247,1129.879999830131,6.391889428041964,0.45735236478736263,63535.66335248378,-889.4026128056744
77.35358187597863,1140.237824708392,8.375443434191965,0.45852492686814955,64686.25900207043,-897.7780562398664
79.26414665504267,940.8192773212505,-95.5282389532016,0.44515097341470133,65427.65973200454,-802.2498172866648
77.335750097275,1229.1736732753147,96.41982788838348,0.458649749319075,66945.18780123393,-898.6696451750482
78.03892918924032,1062.4408584440423,-35.158954598266234,0.4537274956753178,67840.89584484669,-863.510690576782
78.35976190325923,1065.518787469416,-16.041635700945278,0.45148166667718537,68909.49256134147,-847.4690548758367
78.43638597184369,1073.8985526803951,-3.831203429223251,0.4509452981970941,69991.77087923283,-843.6378514466135
77.93166504605459,1128.1983156420479,25.23604628945506,0.45447834467761783,71174.26895783654,-868.8738977360686
77.87783282407695,1108.3451147248034,2.691611098882163,0.4548551702314614,72262.76087164409,-871.5655088349507
76.79631338044703,1213.7978773528073,54.07597218149576,0.4624258063368708,73582.01151162489,-925.6414810164465
78.09061613490363,1030.3006898449335,-64.71513772282975,0.4533656870556746,74428.81501396197,-860.9263432936167
77.11663965366444,1192.4066578563136,48.698824061959556,0.46018352242434896,75783.32763982964,-909.6251673555763
76.54264529980163,1201.1032512201568,28.69971769314006,0.4642014829013886,76993.12748441366,-938.3248850487164
77.63662860299986,1063.0128610903164,-54.699165159911445,0.45654359977900094,77918.04995537414,-883.625719888805
77.23400871889086,1157.971196321939,20.130994205450037,0.45936193896776395,79170.97948692771,-903.7567140942549
77.00035158940442,1161.2042794652273,11.682856474322278,0.46099753887416905,80335.41684953621,-915.4395705685772
76.45413267499202,1204.1394908997434,27.310945720619628,0.4648210712750558,81582.49155187048,-942.7505162891969
76.59322358972531,1162.920427342198,-6.954545736664386,0.4638474348719228,82704.19291565512,-935.7959705525325
75.61145691531881,1268.0447681527914,49.08833372032504,0.47071980159276827,84077.3620246185,-984.8843042728574
76.0568956450596,1174.4156795294962,-22.271936487039312,0.4676017304845828,85158.14861552471,-962.6123677858182
76.64154469564437,1138.2268035014124,-29.23245252923863,0.4635091871304894,86260.18654299804,-933.3799152565796
76.07340873964365,1224.2688746790304,28.406797800035832,0.46748613882249435,87570.4974888547,-961.7867130566153
76.28807380693202,1174.3970728056293,-10.73325336441826,0.4659834833514759,88695.02275978692,-951.0534596921971
76.7889442869692,1135.04678425969,-25.04352400185894,0.46247738999121557,89790.71925550066,-926.0099356903381
75.7380258192092,1265.1747986082746,52.54592338799995,0.4698338192655356,91186.02206845753,-978.555859078338
77.10486949260579,1075.9540757863297,-68.34218366982938,0.4602659135517595,92072.75542142191,-910.2136754085087
76.26007270137052,1228.7700250021471,42.239839561763404,0.46617949109040635,93454.34139563987,-952.4535149702722
76.53854845674125,1158.6845592335976,-13.923787768536755,0.4642301608028112,94542.94048910493,-938.5297272017353
75.34267145281743,1292.1876762554896,59.7938501961913,0.472601299830278,95968.63128238231,-998.3235773979268
74.34098887063787,1332.5550724991786,50.08412910897775,0.47961307790553487,97341.55375112518,-1048.4077065069046
75.05894492381135,1210.680363765225,-35.89780265867404,0.47458738553332047,98430.35940615644,-1012.5099038482304
73.755027768625,1376.9607545224483,65.19585775931773,0.48371480561962504,99973.6005514361,-1077.705761607548
72.7203108354453,1415.2293470625677,51.73584665898474,0.4909578241518829,101427.0984910388,-1129.441608266533
71.45495721320198,1490.0200051525596,63.26768111216623,0.4998152995075862,102991.90915428135,-1192.7092893786992
70.86927131382349,1485.3168141769468,29.284294968924485,0.5039151008032355,104472.52277748268,-1221.9935843476237
70.89434512367933,1453.525313739107,-1.2536904927920034,0.5037395841342447,105894.25659078396,-1220.7398938548317
69.82200580553157,1562.0054296714477,53.61696590738774,0.511245959361279,107564.74213638775,-1274.3568597622193
70.18319643741336,1472.271928910305,-18.05953159408915,0.5087176249381065,108947.28056453692,-1256.2973281681302
69.70862689777502,1537.7850924814502,23.728476981916913,0.5120396117155749,110550.57882058952,-1280.0258051500468
70.76089858726863,1408.8368124519989,-52.61358447468041,0.5046737098891196,111830.46735301208,-1227.4122206753668
70.35345635624053,1502.1917679338721,20.37211155140497,0.5075258055063163,113426.0140764278,-1247.7843322267718
69.65012162799951,1552.1482058634713,35.16673641205088,0.5124491486040034,115028.11872022088,-1282.9510686388226
69.74944730940443,1507.0495965906982,-4.966284070246019,0.511753868834169,116490.06970753882,-1277.9847845685765
69.9339113900113,1493.5707638488213,-9.223204030343624,0.510462620269921,117970.16163864576,-1268.761580538233
68.92845257090237,1603.332811578325,50.2729409554469,0.5175008320036835,119683.25649795358,-1319.0345214936797
69.07004300784584,1538.9018180615892,-7.079521847173709,0.5165096989450791,121157.72732249842,-1311.954999646506
68.22166257934693,1630.813444095655,42.41902142494567,0.5224483619445716,122880.45239262814,-1354.3740210714518
69.7715352365732,1433.4180060566823,-77.4936328613137,0.5115992533439877,124116.47496064586,-1276.880388210138
69.15620538996504,1572.440316269886,30.766492330408113,0.5159065622702448,125827.93758712895,-1307.6468805405461
69.84139077373865,1473.1600818598029,-34.25926918868072,0.5111102645838295,127201.81743457868,-1273.3876113518654
71.08548367840612,1383.0187692320694,-62.20464523337341,0.5024016142511571,128494.69489118303,-1211.182966118492
71.28177210791013,1425.5959455340487,-9.814421475200419,0.501027595244629,129962.86801301905,-1201.3685446432917
70.87462125789568,1476.1226019547435,20.357542500722303,0.5038776511947303,131489.5172713945,-1221.726087144014
70.29822786379279,1513.4003641105517,28.81966970514469,0.5079124049534505,133040.19539766083,-1250.5457568491584
70.37903676768704,1476.5003696783094,-4.040445194712561,0.5073467426261907,134479.79577290692,-1246.505311654446
68.29144362523971,1689.285515965758,104.37965712236661,0.521959894623322,136381.8664351601,-1350.884968776813
68.09794979723172,1604.253887187394,9.674691400399382,0.523314351419378,137901.08869356915,-1360.559660177212
68.77881038826062,1526.4979027082413,-34.04302955144516,0.5185483272821756,139349.83061179824,-1326.516630625767
67.91375865432835,1647.0400502907767,43.252586696613804,0.5246036894197015,141117.41280967157,-1369.7692173223804
67.39538309319487,1655.621391078583,25.918778056674086,0.528232318347636,142781.61554153793,-1395.6879953790549
66.66273402466129,1702.9623913317869,36.63245342667878,0.5333608618273709,144531.91893312294,-1432.3204488057336
66.49875012857282,1682.727179626682,8.199194804423371,0.5345087490999902,146194.4109010445,-1440.519643610157
65.38631423283717,1785.7637873445547,55.621794786782885,0.5422958003701399,148083.21129610695,-1496.1414383969397
66.44717730788338,1624.0631110946756,-53.0431537523107,0.5348697588448164,149545.57373095173,-1443.098284644629
65.4621681086267,1775.6002897082592,49.250459962834015,0.5417648232396131,151472.7111992736,-1492.3487446074632
66.36579328771516,1635.9936372128323,-45.18125895442324,0.5354394469859938,152969.098183991,-1447.1674856530399
65.74290186543182,1743.4596781556347,31.144571114167263,0.5397996869419773,154820.02390308943,-1478.3120567672072
66.35053240600686,1651.5563063977465,-30.38152702875223,0.5355462731579519,156379.6768377293,-1447.9305297384549
65.9276152596181,1724.226587645351,21.145857319438477,0.5385066931826733,158176.57370662226,-1469.0763870578935
64.55048077288527,1840.7845390577884,68.8567243366414,0.5481466345898032,160133.91619709248,-1537.9331113945345
64.44056746345568,1782.9183762709392,5.495665471479327,0.5489160277558103,161858.96841057658,-1543.4287768660142
63.93119361804366,1828.3565297237444,25.468692270601068,0.5524816446736944,163732.7630937531,-1568.8974691366152
62.57454785557252,1938.54291717992,67.83228812355695,0.5619781650109924,165781.49239838924,-1636.7297572601724
62.010708663287076,1927.0906014105615,28.191959614272122,0.5659250393569905,167697.13068403045,-1664.9217168744442
63.00038495006213,1799.9379408527914,-49.48381433875255,0.558997305349565,169369.91596432548,-1615.4379025356916
61.51743072380484,1997.7067971376887,74.14771131286422,0.5693779849333661,171565.39161774804,-1689.5856138485558
61.24110091948053,1951.1901319486258,13.816490216215627,0.5713122935636363,173470.0650845076,-1703.4021040647715
61.89572566607977,1871.9157494457122,-32.73123732996197,0.5667299203374416,175262.7064514504,-1670.6708667348096
63.78884766390415,1715.3480388472206,-94.65609989121901,0.5534780663526709,176821.4867796991,-1576.0147668435907
63.95596592627078,1793.2934823296134,-8.355913118331415,0.5523082385161046,178692.7257055111,-1567.6588537252592
64.2162627659348,1775.6215335594204,-13.014841983201109,0.5504861606384565,180450.67529030037,-1554.6440117420582
64.05785620331409,1804.4759229587546,7.920328131035603,0.5515950065768014,182284.00560265844,-1562.5643398730938
64.35664282725088,1766.679023940407,-14.93933119683959,0.5495035002092439,184012.8877275805,-1547.6250086762543
64.22214949466098,1795.0667469429086,6.724666629494891,0.5504449535373731,185836.3421975259,-1554.349675305749
64.12117440988739,1798.4388819651797,5.04875423867972,0.5511517791307883,187638.15321451335,-1559.3984295444286
65.10105910164727,1695.4085177433544,-48.9942345879939,0.5442925862884692,189230.53136803486,-1510.4041949564348
65.6607589369236,1688.436686702562,-27.98499176381668,0.5403746874415348,190911.99622369665,-1482.419203192618
66.4614891271166,1636.3542645584105,-40.036509509649676,0.5347695761101838,192496.2680661109,-1442.3826936829685
67.2500963058885,1597.5355764411202,-39.43035893859559,0.5292493258587805,194054.98495443474,-1402.9523347443728
67.17069088071597,1644.9059220589938,3.970271258626923,0.5298051638349882,195747.2612221116,-1406.9226060029996
67.8378869206352,1574.220717180723,-33.35980199596165,0.5251347915555536,197250.79673441406,-1373.562804007038
67.47919768051824,1643.4469323636995,17.934462005847962,0.5276456162363723,198963.46988196074,-1391.497266012886
66.9114562309787,1682.2826411216588,28.387072476976982,0.5316198063831491,200684.58823184035,-1419.8843384898628
67.3504513387581,1609.999130832496,-21.94975538897026,0.5285468406286933,202222.3038523837,-1397.9345831008927
68.15977701376104,1551.0219840008972,-40.466283750146914,0.5228815609036728,203714.34868955298,-1357.4682993507458
69.1786551851919,1489.6075827551585,-50.943908571542806,0.5157494137036567,205142.5418710624,-1306.5243907792028
68.51094789123987,1607.317546770847,33.385364697601716,0.5204233647613209,206867.56938184894,-1339.9097554768048
68.67209560697748,1557.8185385334943,-8.057385786880644,0.5192953307511576,208375.88891214508,-1331.852369689924
68.31438200510767,1601.6447805121422,17.88568009349021,0.5217993259642462,210021.35993463587,-1349.7380497834142
68.38880166988702,1576.3176548783713,-3.7209832389670794,0.5212783883107909,211572.35046388046,-1346.0170665444475
68.48721292195259,1570.1982017895452,-4.920562603278711,0.5205895095463319,213136.4292125812,-1341.0965039411685
68.59900283312878,1563.9405558045835,-5.589495558809432,0.5198069801680985,214694.1121224008,-1335.5070083823591
68.12243413102489,1617.1835855928675,23.8284351051945,0.5231429610828258,216364.53873778196,-1359.3354434875537
68.2790405745679,1577.6956023784765,-7.830322177150606,0.5220467159780248,217902.74635694607,-1351.505121310403
67.2577052345418,1687.6523092108566,51.066767001304925,0.5291960633582073,219700.3553729893,-1402.5718883117079
67.71459140465622,1590.9001234013008,-22.84430850572079,0.5259978601674065,221194.50331058106,-1379.7275798059873
66.82417454359297,1702.7798850953188,44.520843053162196,0.5322307781948492,223009.16295737037,-1424.2484228591493
65.42910827244309,1797.7559036932469,69.75331355749432,0.5419962420928983,224901.89487966153,-1494.0017364166438
65.28698994433871,1742.2134281178935,7.105916405218693,0.542991070389629,226588.56583220407,-1501.1076528218623
65.55642985618574,1708.1654066073547,-13.471995592351504,0.5411049910066998,228262.6832173009,-1487.6356572295108
65.16411181208187,1760.8664603837847,19.61590220519369,0.543851217315427,230076.2507314611,-1507.2515594347044
65.33373651522926,1724.289275236774,-8.481235157369582,0.5426638443933952,231763.96282155087,-1498.770324277335
66.39792254780077,1626.3593564392202,-53.209301628575645,0.5352145421653947,233292.3922591925,-1445.5610226487593
66.43260715374217,1676.100440265898,-1.7342302970696721,0.5349717499238048,235018.2337832851,-1443.8267923516896
66.45458584557355,1675.6369552306728,-1.0989345915689341,0.5348178990809852,236693.40725348055,-1442.727857760121
67.39257791257775,1582.9432490662907,-46.89960335021013,0.5282519546119557,238183.65679638248,-1395.8282544099106
66.21717017150576,1747.3753986695124,58.77038705359965,0.5364798087994597,240095.4643446552,-1454.5986414635104
65.89678440674834,1720.6413453913015,16.01928823787091,0.5387225091527617,241789.3716367683,-1470.6179297013814
66.44981085690873,1649.3232833225427,-27.651322508019405,0.5348513240016389,243367.37685802206,-1442.9666071933616
65.51374161779546,1770.574977257215,46.803461955663295,0.5414038086754318,245259.20352921393,-1489.7700691490252
65.61863600082958,1713.2828112588206,-5.244719151706079,0.5406695479941929,246915.1941744744,-1484.5253499973187
65.64271731068345,1716.1195679943087,-1.2040654926934735,0.5405009788252159,248634.1504992042,-1483.3212845046255
65.63200675088828,1718.3946144926006,0.5355279897585774,0.5405759527437821,250354.8201601951,-1483.856812494384
65.65811521773944,1715.2484225769945,-1.3054233425577877,0.5403931934758239,252066.92239085646,-1482.5513891518262
65.95948744461491,1686.418732837593,-15.068611343773597,0.5382835878876956,253724.51143395467,-1467.4827778080526
64.77040997824926,1820.386767275667,59.45387331828229,0.5466071301522551,255678.8662356684,-1526.9366511263347
63.837813676699895,1854.1859959382102,46.62981507746835,0.5531353042631006,257566.85146026913,-1573.5664662038034
63.26183231819707,1865.150284841515,28.79906792514113,0.5571671737726205,259442.96603401395,-1602.3655341289443
63.651912784278885,1797.3459008714551,-19.504023304090623,0.5544366105100478,261172.50755091532,-1582.861510824854
64.55066626552205,1726.9808673255973,-44.93767406215845,0.5481453361413455,262829.1233846951,-1537.9238367626954
64.12550004584308,1814.4321871921154,21.258310983948547,0.5511214996790984,264731.00689175376,-1559.182147746644
64.48027089620963,1757.6992745674645,-17.73854251832745,0.5486381037265327,266431.9732536966,-1541.4436052283165
65.0417517299002,1719.293664082571,-28.07404168452834,0.5447077378906986,268112.8613072943,-1513.369563543788
65.1489792040249,1736.6457089469484,-5.361373706234929,0.5439571455718257,269866.85906110564,-1508.0081898375533
64.96625763952716,1760.277960052006,9.136078224887001,0.5452361965233099,271650.7692722627,-1517.1442680624405
65.34946763473131,1712.8235647766699,-19.160499760207728,0.5425537265568808,273316.13844176405,-1497.9837683022324
65.86313152886585,1680.6212707706827,-25.68319470672691,0.538958079297939,274964.5574185287,-1472.3005735955055
64.84430954339304,1808.1795322707926,50.94109927364059,0.5460898331962487,276900.2952122997,-1523.2416728691462
65.07647706227925,1734.0233062811626,-11.608375944310723,0.5444646605640452,278560.16229259124,-1511.6332969248356
65.93726686862335,1659.5587271197078,-43.039490317205065,0.5384391319196365,280145.25644054945,-1468.5938066076303
65.71838895650089,1724.4844765037744,10.943895606123277,0.5399712773044938,281934.66666643735,-1479.5377022137536
66.14344011555198,1671.0384403506548,-21.252557952554696,0.5369959191911361,283552.2590706349,-1458.285144261199
67.20035576119373,1586.6068321485538,-52.84578228208758,0.5295975096716439,285054.43429458136,-1405.4393619791113
67.66652860108658,1592.8385936512361,-23.308641994642443,0.5263342997923939,286653.5046497353,-1382.1307199844687
68.93621873866313,1489.187109719187,-63.48450687882732,0.5174464688293581,288039.04027552245,-1318.6462131056417
68.98232024715935,1548.0617884589515,-2.305075424811065,0.5171237582698845,289645.97674272116,-1316.3411376808308
69.53368029977489,1495.2347181425773,-27.56800263077679,0.5132642379015758,291088.3843905474,-1288.7731350500535
70.58084850423441,1418.0932305048332,-52.358410222976204,0.5059340604703592,292429.3361334145,-1236.4147248270774
70.31732373086855,1496.802273390981,13.176238668292939,0.5077787338839201,294004.8474496916,-1249.5909634953705
70.67070909571285,1448.2899719358127,-17.669268242214997,0.50530503633001,295404.6251201722,-1231.9216952531553
70.2288555773863,1510.1414990360545,22.092675916327664,0.508398010958296,296976.6181463085,-1254.0143711694832
70.44089929454206,1466.8459357101701,-10.602185857788271,0.5069137049382055,298400.16851869284,-1243.4121853116949
70.12849630373604,1508.6862338276253,15.620149540301043,0.5091005258738477,299950.6950506379,-1259.032334851996
69.68177406157243,1537.7351814479905,22.336112108180828,0.5122275815689931,301517.47917970625,-1281.3684469601767
70.6908424563601,1414.499293339806,-50.453419739383776,0.5051641028054793,302808.74258493783,-1230.915027220793
71.22747884031703,1411.292831138184,-26.831819197846585,0.5014076481177808,304216.8289538744,-1204.0832080229463
71.38987002454625,1421.8866686513977,-8.11955921146108,0.5002709098281761,305649.3094600391,-1195.9636488114852
72.43860141757403,1325.1404296798323,-52.436569651388965,0.49292979007698173,306877.7036507473,-1143.5270791600963
72.43144994821412,1378.292096206927,0.35757346799556444,0.49297985036250114,308309.1474134813,-1143.884652628092
73.24428965195519,1296.6562422427517,-40.64198518705311,0.4872899724363138,309524.16780175985,-1103.2426674410387
71.5522546698431,1506.4898813961388,84.60174910560454,0.49913421731109836,311240.49132230936,-1187.8444165466433
70.81709395469237,1495.3990576806007,36.758035757536334,0.5042803423171534,312724.7995562745,-1224.6024523041797
72.20659320752779,1319.7008231342922,-69.47496264177104,0.49455384754730547,313868.8021448624,-1155.1274896624086
72.51485126288732,1358.352138046498,-15.412902767976533,0.4923960411597888,315265.8055978212,-1139.7145868944322
73.54993983923886,1270.2634287993546,-51.754428817577036,0.48515042112532797,316447.98031737335,-1087.9601580768551
73.08584278330935,1368.4243145304918,23.204852796475706,0.48839910051683455,317914.565517635,-1111.1650108733309
72.411459817876,1412.653037596593,33.71914827166762,0.4931197812748681,319371.44727829774,-1144.8841591449984
72.63491490942546,1356.5899443556195,-11.172754577473398,0.4915555956340218,320671.9741294123,-1133.711404567525
73.1715143813858,1314.1065079333623,-26.829973598017176,0.48779939933029937,321943.5972009234,-1106.8814309695078
74.77689081764997,1180.4100755400168,-80.26882181320829,0.47656176427645025,322990.3108440701,-1026.6126091562996
74.53222726369543,1285.1435401038011,12.233177697726916,0.478274409154132,324380.1878487377,-1038.8457868540265
74.27392483408374,1298.7387972502358,12.915121480584446,0.4800825261614138,325692.5219031344,-1051.7609083346108
73.6853474470238,1344.6772944339364,29.42886935299711,0.4842025678708334,327083.137694752,-1081.189777687608
72.26436773803488,1457.3364491218686,71.04898544944618,0.4941494258337558,328653.13329856185,-1152.238763137054
72.7679157758453,1335.9361847276452,-25.177401890520912,0.49062458956908295,329867.66921889526,-1127.0613612465334
73.19617621971652,1318.290540054151,-21.413022193561204,0.48762676646198444,331168.3141142759,-1105.648339052972
74.89876413255524,1169.4566890792296,-85.12939564193616,0.47570865107211335,332188.93695238023,-1020.5189434110359
74.0037580504011,1344.0804278940047,44.750304107706995,0.4819736936471922,333707.64111908904,-1065.269247518743
75.00616954530138,1199.0959911767347,-50.12057474501361,0.47495681318289035,334761.7526735485,-1015.1486727737292
74.65195086608892,1284.635954312239,17.710933960622555,0.47743634393737755,336131.9285909962,-1032.859606734352
73.92640148798314,1339.4748793165481,36.27746890528911,0.482515189584118,337526.242395317,-1069.137075639641
75.68887965229452,1126.9619313272715,-88.12390821556875,0.47017784243393834,338440.6913786551,-981.0131674240722
74.36084746780925,1347.8797617660753,66.40160922426332,0.4794740677253352,340009.4889708599,-1047.4147766483356
77.06496211919716,1011.0856162055808,-135.20573256939556,0.4605452651656199,340683.780441505,-912.20904407894
76.66425416705961,1186.3593390330664,20.03539760687758,0.4633502208305827,342045.4135033656,-932.2444416858175
75.46246279740228,1286.4946658523343,60.08956848286644,0.471762760418184,343432.0434960372,-992.334010168684
74.45974774185459,1326.6695839188485,50.13575277738482,0.4787817658070179,344798.8879980226,-1042.4697629460688
74.11353339222866,1311.152842603609,17.310717481296223,0.4812052662543994,346094.524099311,-1059.780480427365
74.09955935823407,1295.2394307035333,0.6987016997292983,0.4813030844923615,347373.8501181144,-1060.4791821270944
74.33865545023792,1270.6327934760634,-11.954804600192404,0.4796294118483346,348619.87627436296,-1048.5243775269018
73.78726867925299,1337.7224154673522,27.56933854924668,0.48348911924522914,350024.68831182166,-1076.0937160761487
74.35480698909248,1253.403218702325,-28.376915491974586,0.4795163510763526,351193.7723337589,-1047.716800584174
74.25385431050017,1291.8746953847801,5.047633929615358,0.4802230198264988,352524.1185058261,-1052.7644345137894
76.55616252979287,1056.61235568343,-115.11541096463489,0.4641068622914498,353345.46852180816,-937.6490235491544
77.17905786700129,1109.4425931945834,-31.144766860420958,0.4597465949309909,354507.74135251396,-906.5042566887336
78.19716948765523,1038.7833247709552,-50.905581032697,0.4526198135864134,355475.8654088613,-855.5986756560366
78.2433460215347,1085.0715756514417,-2.3088266939737423,0.45229657784925703,356607.22523539327,-853.2898489620628
78.75511463525655,1036.2071233535273,-25.588430686092067,0.4487141975532042,357594.5679064489,-827.7014182759707
80.30948581522873,906.3693166406613,-77.71855899860896,0.43783359929339893,358371.0994163767,-749.9828592773617
80.39999694033921,975.037396706098,-4.525556255524066,0.43720002141762554,359414.80489314825,-745.4573030218377
81.9118586836361,828.3873616641362,-75.59308716484452,0.4266169892145473,360096.54221977043,-669.8642158569932
83.46838846346182,748.3383665548671,-77.82648899128617,0.41572128075576725,360764.83159121603,-592.037726865707
84.59847739515114,713.1638729997435,-56.50444658446574,0.4078106582339421,361442.8209706606,-535.5332802812413
85.84269407586105,645.2553610299831,-62.210834035495566,0.39910114146897263,362020.16781972087,-473.3224462457457
86.6471610155076,627.0251323694002,-40.22334698232797,0.39346987289144675,362628.9627234297,-433.09909926341777
86.84176539420928,647.7894037122122,-9.730218935083457,0.392107642240535,363297.5163984847,-423.3688803283343
85.96892834230646,744.7972179782143,43.64185259514102,0.3982175016038548,364139.32143072895,-467.0107329234753
86.4733126592509,650.7204643788482,-25.219215847221932,0.39468681138524375,364695.9651415084,-441.7915170762534
87.29957018860436,593.3197110934285,-41.312876467673476,0.3889030086797694,365231.88409931643,-400.4786406085799
87.13247852404687,651.340584375199,8.354583227874457,0.3900726503316718,365941.2455569734,-408.83322383645435
87.53759616410534,602.4770729649587,-20.255882002923187,0.3872368268512626,366494.8591185281,-388.57734183353114
88.56230840190756,520.2689041733246,-51.23561189011099,0.38006384118664704,366932.9198539098,-337.3417299434202
88.90307582047043,537.4301595790777,-17.03837092814382,0.37767846925670695,367487.51126889465,-320.3033590152763
88.78039633533155,566.7356202647145,6.133974256944441,0.37853722565267917,368083.552349845,-326.4373332722208
87.82242724931334,656.3918488259889,47.89845430091049,0.3852430092548066,368829.6004272322,-374.33578757313126
86.63627676641468,727.1001397615636,59.3075241449327,0.3935460626350973,369627.4088579294,-433.64331171806396
87.66393904779922,565.0335811141468,-51.38311406922682,0.3863524266654055,370030.3758803961,-382.26019764883716
89.26377946958397,456.44385188785145,-79.9920210892374,0.37515354371291226,370378.23000305763,-302.26817655959974
90.93762306262096,369.06323057854087,-83.69217965184959,0.36343663856165326,370659.9126123269,-218.5759969077502
91.68884328068772,377.6386469652407,-37.56101090333814,0.35817809703518594,371046.1266756789,-181.01498600441204
93.83989182306198,200.10986097094988,-107.55242711871276,0.3431207572385661,371068.7077506555,-73.46255888569928
94.5264004089426,239.0162350617007,-34.32542929403155,0.3383151971374017,371346.6303598079,-39.13712959166773
93.87392887521108,338.584250428149,32.62357668657643,0.34288249787352243,371784.7826256025,-71.76070627824416
93.8704253902187,306.3109977164155,0.1751742496189479,0.3429070222684691,372058.82037060725,-71.9358805278631
93.55123405881346,338.0527222680003,15.959566570261785,0.3451413615883057,372428.6148174268,-87.89544709812489
94.03983806252575,273.23617555453626,-24.430200185614126,0.34172113356231976,372637.0344462678,-63.465246912510764
92.61960790135873,439.67945024572344,71.01150805835061,0.35166274469048886,373243.1571712048,-134.47675497086138
93.76425036936229,254.2117078842935,-57.23212340017767,0.3436502474144639,373311.9011367276,-77.24463157068371
93.57226566032107,330.64095829563,9.599235452061095,0.3449941403777525,373718.97134543455,-86.8438670227448
92.84422045567834,393.84114699140906,36.402260232136285,0.35009045681025164,374176.01268112176,-123.24612725488109
93.04020694819066,337.8416094134886,-9.799324625615924,0.3487185513626654,374457.85475295736,-113.44680262926516
91.83076439129735,468.5767236305369,60.47212784466538,0.35718464926091853,375057.16659080493,-173.91893047393057
91.95515503588535,395.66640206158326,-6.219532229400215,0.3563139147488025,375379.92267129757,-167.69939824453036
92.42121722627287,355.2829776875644,-23.30310951937591,0.3530514794160899,375694.82222461107,-144.39628872515442
94.94666142293272,126.0593456503321,-126.27220983299239,0.33537337003947093,375591.65793822415,-18.124078892162032
96.94802453038987,52.209254279361495,-100.0681553728576,0.3213638282872709,375570.0171011326,81.94407648069557
98.42333874735473,4.7563151552517295,-73.76571084824306,0.31103662876851684,375527.3204771637,155.70978732893863
98.72646361203759,48.21166140926184,-15.156243234142863,0.3089147547157368,375618.98748482694,170.8660305630815
98.26368818647114,109.64220777207059,23.138771278322423,0.31215418269470196,375790.0602389618,147.72725928475907
96.23604784657222,289.2532770012612,101.38201699494616,0.32634766507399443,376258.9245851923,46.345242289812916
98.90594783174456,-79.10004921102234,-133.4949992586168,0.3076583651777881,375811.471209769,179.8402415484297
98.2138441424207,123.60047425415497,34.605184466192895,0.3125030910030551,376137.77220748836,145.2350570822368
98.81156340520117,29.22754754475428,-29.88596313902363,0.3083190561635918,376072.6268283237,175.12102022126044
97.49511767845962,190.74886823784558,65.82228633707743,0.3175341762507827,376424.8970172546,109.29873388418301
98.34778548119856,39.6657703014938,-42.63339013694676,0.31156550163161006,376313.47968961974,151.93212402112977
96.54615589350772,262.44950780041074,90.081479384542,0.3241769087454459,376798.71293491905,61.85064463658776
98.39185654161528,-12.189116490351177,-92.28503240537833,0.31125700420869296,376511.8851941379,154.1356770419661
99.09642307662142,9.6441943801585,-35.22832675030685,0.30632503846365,376543.3626993886,189.36400379227294
97.96250237978754,158.2566533689758,56.69603484169414,0.3142624833414872,376850.23181174643,132.6679689505788
96.32411917652797,265.38747017081533,81.91916016297824,0.32573116576430416,377222.750098719,50.74880878760055
95.43431126684648,272.4428723206187,44.490395484074696,0.3319598211320746,377502.2483731894,6.258413303525856
94.54348846107699,317.02852165385247,44.54114028847442,0.33819558077246104,377863.8625441765,-38.28272698494857
95.53724961910095,173.11822189108844,-49.68805790119788,0.3312392526662934,377893.0704663049,11.405330916249312
93.70250720962423,406.2676775430918,91.73712047383589,0.34408244953263034,378532.4875995,-80.33178955758657
93.76267428793874,308.51427040735337,-3.008353915725337,0.3436612799844288,378743.24846277165,-77.32343564186124
91.1574829966131,572.0235171166033,130.25956456628194,0.36189761902370826,379578.7812265975,-207.58300020814318
91.85567887819455,371.9492517633469,-34.90979407907275,0.35701024785263813,379750.6562130076,-172.67320612907042
92.37361959588118,355.0685996587808,-25.897035884331387,0.3533846628288317,380088.8441605618,-146.77617024473903
92.07270026428847,411.0554622670619,15.045966579635461,0.3554910981499807,380555.88648543716,-161.82213682437452
93.93036953055753,210.2555727453847,-92.88346331345281,0.3424874132860973,380565.3421686609,-68.93867351092169
92.62030603769841,434.136214900299,65.50317464295574,0.3516578577361111,381223.3590257161,-134.44184815387743
92.5029050378657,380.37231843361553,5.87004999163554,0.3524796647349401,381549.967447683,-140.31189814551297
91.56269191396174,468.51699934050856,47.01065619519795,0.3590611566022678,382106.6291279304,-187.3225543407109
91.79035417043005,398.7417111342752,-11.383112823415331,0.3574675208069896,382435.5955508584,-175.93944151729556
91.33774390382389,455.38268234644005,22.630513330307878,0.3606357926732327,382947.61920441705,-198.56995484760347
90.22000794046188,544.5179412005896,55.88679816810043,0.3684599444167668,383581.27240447176,-254.4567530157039
90.57928710588787,452.70574144404816,-17.96395827129942,0.36594499025878485,383942.1659461592,-236.49279474440448
89.15322517773433,613.2659100972049,71.3030964076772,0.37592742375585964,384715.99202490965,-307.7958911520817
89.31194375122551,526.0920673704237,-7.935928674559278,0.3748163937414214,385154.9102495533,-299.8599624775224
89.6818321756122,497.04174282528487,-18.494421219334356,0.37222717477071454,385622.90166783344,-281.36554125818805
91.23246473759237,360.48376227453656,-77.53162809900829,0.3613727468368534,385846.82744955726,-203.83391315917976
90.8752520464729,473.7341589966541,17.860634555973576,0.3638732356746897,386433.81200527604,-221.69454771515336
90.34050890510714,509.34409537526625,26.737157068287587,0.36761643766425,386978.7660370299,-248.43170478344092
89.2623926734207,590.4110146620005,53.90581158432184,0.37516325128605504,387650.24397097866,-302.33751636776276
87.93173115475628,669.5620403134908,66.5330759332214,0.38447788191670607,388398.95703694364,-368.8705923009842
86.88999506102118,707.1952816011229,52.08680468675482,0.39177003457285176,389143.78555983235,-420.957396987739
85.1270755293023,831.3880896495339,88.14597658594394,0.40411047129488387,390099.36645753036,-509.1033735736829
85.98282650428956,657.673005821689,-42.78754874936297,0.3981202144699731,390583.3243795242,-466.31582482432
87.93059367842979,505.69747152724847,-97.38835870701124,0.38448584425099147,390937.04631675704,-368.9274661173087
87.66204464101546,629.938854132431,13.427451870716567,0.38636568751289185,391691.22655349463,-382.35491798802525
86.49787661417278,732.9200557697937,58.2084013421337,0.3945148637007905,392527.1278109018,-440.56331933015895
86.61218142986148,663.2819729925002,-5.715240784434883,0.3937147299909696,393120.77170111705,-434.8480785457241
86.88743761288616,641.4735222677482,-13.762809151234023,0.3917879367097969,393740.43677266006,-421.08526939449007
85.90800227768625,753.1730088916268,48.97176675999546,0.3986439840561963,394605.30926817557,-470.05703615448556
87.45838111241491,549.1742113106081,-77.51894173643308,0.3877913322130956,394950.4846819052,-392.5380944180524
89.24884275769206,447.65952175084345,-89.52308226385739,0.37525810069615556,395296.6295140962,-303.01501215419506
87.15559532956513,746.4926940953968,104.66237140634647,0.38991083269304405,396341.9553805362,-407.67738356054156
88.45784902185406,511.6140692360036,-65.11268461444644,0.3807950568470216,396618.69082491274,-342.56469894609506
88.23238673010859,599.271404788955,11.273114587273625,0.3823732928892399,397305.61956525466,-353.8378135333687
86.58626629536221,752.5988108332762,82.30602173731896,0.39389613593246453,398211.5457821323,-436.14383527068765
86.54795200124073,674.123950308046,1.9157147060738566,0.3941643359913149,398807.19487191516,-438.05954997676156
86.04637018898377,722.3629057549823,25.07909061284792,0.3976754086771136,399577.7967331171,-463.1386405896094
85.51423223557579,750.4938855172587,26.60689767039912,0.4014003743509695,400356.42159839656,-489.7455382600085
84.41569203476367,833.7333181466663,54.927010040606206,0.4090901557566543,401273.39434917265,-544.6725483006148
86.28606228719927,591.7823754542665,-93.5185126217803,0.39599756398960506,401623.2257819345,-451.1540356788345
86.08627451204049,705.2782670774989,9.98938875793911,0.39739607841571656,402441.9999406353,-461.14342443677356
86.22277491546852,681.6397934795808,-6.825020171401519,0.39644057559172036,403100.00126051693,-454.318404265372
85.55754787448316,754.9828611602312,33.261352049267856,0.4010971648786179,403928.32718935783,-487.5797563146399
86.09968425476248,667.5116660376935,-27.106819013965833,0.3973022102166627,404508.3676602729,-460.47293730067406
87.2065986173292,583.9347971955248,-55.34571812833633,0.3895538096786956,405008.72558862634,-405.12721917233773
86.32375475573927,727.5587215758231,44.14219307949665,0.39573371670982505,405879.90823458246,-449.2694122518344
86.34449791213883,681.3423580584653,-1.037157819978063,0.3955885146150282,406515.0342291236,-448.2322544318563
85.19756926872151,797.0643517196719,57.34643217086628,0.40361701511894943,407427.8205745045,-505.57868660272266
84.59433395843888,800.0372279298964,30.16176551413139,0.40783966229092783,408230.83067864465,-535.740452116854
86.03766456757778,625.5525048161393,-72.16653045694486,0.39773634802695557,408681.89846034703,-463.57392165990916
87.59592756137707,541.9036437341118,-77.91314968996446,0.38682850707036054,409140.1532429991,-385.6607719699447
86.92605255775688,686.7996046610701,33.493750181009574,0.3915176320957019,409971.8488085871,-419.15452215095434
88.47320038997051,498.6019012935221,-77.35739161068196,0.3806875972702064,410282.25300651306,-341.7971305402723
89.05720836861873,517.562583095233,-29.20039893241082,0.3765995414196689,410818.77627141,-312.5967316078615
86.92303306537313,760.1655731250808,106.70876516227992,0.391538768542388,411821.5448345649,-419.3054967701414
87.04615549532464,641.1454268246599,-6.156121497575384,0.3906769115327275,412343.6701150892,-413.149375272566
87.26626282610076,625.2923559959391,-11.005366538805816,0.38913616021729475,412953.10940025636,-402.1440087337602
86.0536959229335,757.5459248831484,60.62834515836286,0.3976241285394655,413842.90889402677,-462.7723538921231
85.97833645691449,704.4529988104243,3.7679733009504446,0.39815164480159854,414494.2689667645,-466.5403271930735
85.75956670283237,722.5604695294071,10.938487704105881,0.39968303308017333,415234.9369070129,-477.4788148971794
86.41221488699561,646.3617319462662,-32.63240920816202,0.3951144957910307,415805.09990137606,-444.8464056890174
87.75637425573665,544.5876133959063,-67.20796843705159,0.38570538020984346,416247.9133962215,-377.6384372519658
87.66225182317432,621.207166232163,4.7061216281164775,0.3863642372377798,416945.74011529,-382.3445588800823
87.35421005659771,647.3030649693411,15.402088328830388,0.388520529603816,417619.13907899655,-397.7466472089127
88.73053120995354,494.2784955530011,-68.8160576677916,0.3788862815303252,417960.3930051332,-328.9305895411211
85.90839633113346,845.2882861586489,141.106743941004,0.3986412256820657,419156.6910818975,-470.03733348212506
84.335624334863,861.4477324407171,78.63859981352306,0.409650629655959,420034.2982606203,-548.6759332956481
83.14677282419325,901.6859617335944,59.442575533487485,0.41797259023064726,420976.2224516467,-608.1185088291356
82.80448565813703,876.4697067955668,17.114358302811183,0.4203686003930408,421827.4759035043,-625.2328671319468
83.3059924829439,809.2081765598411,-25.075341240344073,0.4168580526193926,422569.42254982836,-600.1575258916027
81.98479691427853,966.393826297742,66.05977843326869,0.4261064216000503,423693.00202586397,-666.2173043248714
82.28341051544199,870.4747780433361,-14.93068005817264,0.4240161263919061,424467.55775565293,-651.2866242666987
81.52372795151534,961.3683967162259,37.98412819633228,0.42933390433939256,425519.8197710421,-689.270752463031
81.37782328123632,937.973714215104,7.29523351395116,0.43035523703134576,426434.39880275604,-696.5659859769822
81.53147175473678,915.3147088904204,-7.6824236750233865,0.4292796977168425,427327.0545063217,-688.8835623019588
83.64631277630998,711.5278342952752,-105.74205107865993,0.4144758105658301,427834.7954660219,-583.141511223299
83.47960448521846,833.9395475250498,8.335414554576204,0.4156427686034707,428791.1467267768,-591.4769257778751
83.8421359121665,789.3535279956584,-18.12657134740192,0.41310504861483455,429535.914235243,-573.3503544304732
82.9031024411139,901.3768732140226,46.95167355262981,0.41967828291220266,430549.3144536754,-620.302027983103
81.74466310043945,970.261024653453,57.92196703372241,0.4277873582969238,431588.4596297683,-678.2239950168254
81.83899149831943,902.9068781305178,-4.716419893998847,0.427127059511764,432424.01236137585,-673.5075751228266
81.85914746805388,905.6078421428602,-1.0077984867223222,0.42698596772362285,433332.3211675311,-672.4997766361042
80.76655116480183,1015.8676227806649,54.62981516260257,0.4346341418463872,434458.44857094955,-727.1295917987068
78.88949758251356,1148.9300264718133,93.85267911441346,0.4477735169224051,435740.44100111246,-820.9822709131203
78.28485120892496,1115.5377521916441,30.23231867942968,0.45200604153752527,436822.586479024,-851.2145895925499
79.76352533094656,937.4483720289084,-73.93370610108008,0.44165532268337404,437581.9454708901,-777.2808834914699
79.01324938751014,1086.4044205420266,37.51379717182104,0.446907254287429,438817.3059399452,-814.7946806632909
79.89102950255177,961.1187563268477,-43.889005752081545,0.4407627934821376,439653.1390320569,-770.9056749112094
80.85004314264322,909.1131111652657,-47.95068200457209,0.43404969800149745,440510.24649806065,-722.9549929066372
80.90922278066277,951.1462436253481,-2.958981900977875,0.4336354405353605,441503.425874146,-719.9960110056594
80.52169551041352,992.8552398603593,19.376363512462547,0.4363481314271053,442537.9901102414,-739.3723745181219
81.90883821612076,834.7743157761133,-69.3571352853617,0.4266381324871547,443214.6835019333,-670.0152392327602
81.2214992419217,972.8605371085607,34.36694870995254,0.431449505306548,444325.6302603743,-704.3821879427128
79.93631630804204,1067.002885506038,64.25914669398338,0.44044578584370575,445486.77549427777,-768.6413346366962
78.76558361201593,1119.808813285793,58.536634801305354,0.4486409147158885,446659.3902353433,-827.1779694380016
76.41478186407757,1296.3358976660884,117.54008739691812,0.46509652695145703,448132.25321738975,-944.7180568349197
76.33869564384212,1186.4038996891736,3.804311011772654,0.46562913049310517,449208.72511910193,-948.5223678466923
77.03024686714896,1113.4493072052796,-34.577561165342274,0.46078827192995725,450249.2198338233,-913.94480668135
75.78390573511975,1272.6522571856192,62.31705660146076,0.46951265985416174,451681.07504098926,-976.2618632828107
74.23919236807943,1364.7957242946209,77.23566835201581,0.480325653423444,453138.0142323929,-1053.4975316348266
74.14113613725061,1297.3649926318708,4.902811541440855,0.4810120470392457,454367.94849336206,-1058.4003431762674
72.84449306209513,1422.1174121044528,64.83215375777434,0.4900885485653341,455914.81832493906,-1123.2324969340418
72.55764325514772,1385.96823109277,14.342490347370074,0.492096497213966,457264.6373750202,-1137.574987281412
73.4123460064793,1286.1614485315015,-42.73513756657863,0.4861135779546449,458450.9920409904,-1094.8398497148332
72.45407004746617,1424.7174740676796,47.91379795065609,0.49282150966773675,460014.2655405943,-1142.7536476654893
74.57720936529523,1164.5046063093425,-106.15696589145287,0.4779595344429334,460918.5572791453,-1036.5966817740364
74.85391812748553,1242.9926329431012,-13.835438109514797,0.4760225731076013,462240.0379387221,-1022.7612436645218
74.57354031943058,1284.8638892134547,14.01889040274753,0.47798521776398595,463566.773084206,-1036.7801340672693
76.43402431170989,1084.8096229707216,-93.02419961396566,0.4649618298180308,464451.5284409339,-943.7559344533036
74.21596460822461,1399.624266515291,110.90298517426405,0.4804882477424277,466165.96735099383,-1054.6589196275677
74.34531190918823,1275.7874566757719,-6.467365048180795,0.47958281663568236,467317.9179978301,-1048.1915545793868
74.04239974609207,1312.5439176484263,15.145608154807633,0.4817032017773555,468667.2183764512,-1063.3371627341944
73.29020646212298,1372.6123725375405,37.609664198454595,0.48696855476513917,470099.89920387784,-1100.946826932649
72.59169200761313,1404.8492641888895,34.92572272549239,0.4918581559467081,471536.9853597181,-1135.8725496581415
74.35565446576075,1193.539643385842,-88.19812290738085,0.47951041873967476,472519.2153823009,-1047.6744267507606
74.75650426068057,1241.655592749805,-20.042489745991077,0.476704470175236,473808.9869244147,-1027.6319370047695
74.80511952370932,1256.8368964997624,-2.4307631514375316,0.47636416333403475,475081.00512466434,-1025.201173853332
75.17379276826269,1222.402915908575,-18.43366222766818,0.47378345062216115,476268.9740599817,-1006.7675116256637
74.5023370544985,1307.977449322666,33.57278568820945,0.4784836406185105,477662.52604271844,-1040.3402973138732
74.89635829972467,1235.005297260556,-19.701062261308522,0.47572549190192737,478824.55918791686,-1020.6392350525648
74.10044536414588,1334.292081689194,39.79564677893919,0.4812968824509788,480258.1380540347,-1060.4348818315038
75.9163824157287,1112.9154413113338,-90.79685257914107,0.4685853230898991,481149.67685496813,-969.6380292523627
75.87425943919544,1207.9242966829656,2.106148826663201,0.4688801839256319,482452.6100070228,-971.7441780790259
75.60399615358084,1232.8425845747634,13.513164280730194,0.47077202692493414,483710.37087948935,-985.2573423597562
76.18093511835559,1161.639562389311,-28.846948238737724,0.4667334541715108,484800.80741969316,-956.4103941210185
75.30331937696482,1278.241941456936,43.880787069538485,0.47287676436124626,486195.6517402177,-1000.2911811905569
75.0160535875535,1263.085722468004,14.363289470566087,0.4748876248871255,487443.58124369674,-1014.654470661123
74.03596187336903,1346.7247437738854,49.00458570922339,0.48174826688641675,488873.9450087765,-1063.6590563703464
73.84154729714486,1317.1602547850457,9.7207288112088,0.48310916891998595,490161.5407745727,-1073.3797851815552
72.07950251623015,1483.6316697518414,88.10223904573533,0.4954434823863889,491811.64385929133,-1161.4820242272906
72.93111944521631,1310.373699125993,-42.58084644930804,0.48948216388348575,492948.7595877915,-1118.9011777779824
72.3462947687088,1411.4329194533166,29.241233825375446,0.4935759366190384,494461.2517275721,-1148.142411603358
71.48574018924754,1468.2411196920111,43.02772897306326,0.49959981867526726,495986.3010475028,-1191.170140576421
70.95801966703516,1477.98174889653,26.386026110618843,0.5032938623307539,497474.02342560387,-1217.5561666870403
71.34989168195318,1412.4112643982135,-19.593600745901085,0.5005507582263278,498820.8642055037,-1197.962565941139
70.98065483074814,1468.9259656066608,18.46184256025225,0.503135416184763,500346.3048723188,-1216.424408501391
69.85078976677472,1563.4427203883017,56.4932531986706,0.5110444716325769,502004.26434748876,-1272.917661700062
69.66104436275472,1525.922679373803,9.487270201000086,0.5123726894607169,503492.6669858481,-1282.404931901062
70.06600569467933,1475.9421107096655,-20.24806659623053,0.5095379601372446,504918.6285278936,-1262.1568653048314
71.22344946365955,1380.4539025142572,-57.872188449010764,0.501435853754383,506203.59422221244,-1204.2846768558206
71.32480999877792,1428.1907469751764,-5.068026755918709,0.5007263300085545,507679.5218136486,-1199.216650099902
71.7151228199962,1394.2302237990166,-19.51564106091368,0.49799414026002664,509039.7915142714,-1179.7010090389883
71.39694976833536,1445.560942814652,15.908652583041771,0.5002213516216525,510536.68317610165,-1195.6096616220298
70.92432999633641,1476.9109590931014,23.6309885999475,0.5035296900256451,512044.9441514732,-1219.2406502219774
71.02352768263397,1443.360896247202,-4.959884314877883,0.5028353062215623,513454.7549848745,-1214.2807659070995
72.07840815535292,1342.840117453494,-52.74402363594746,0.49545114291252956,514697.07432353427,-1161.5367422711522
73.2244913804589,1280.983841161419,-57.304161255299135,0.48742856033678766,515916.2018884036,-1104.2325810158532
73.18475962596682,1342.260899743645,1.9865877246040498,0.48770668261823225,517319.7398467295,-1106.219168740457
72.01708322298155,1457.0337785827464,58.383820149263244,0.4958804174391291,518891.54650415137,-1164.6029888897203
71.83904450798518,1416.4525836621156,8.90193574981879,0.49712668844410374,520267.41789289284,-1173.5049246395392
72.36567346943869,1354.8914381696761,-26.331448072675556,0.4934402857139292,521560.7481855701,-1147.1734765668637
71.7793539604106,1439.8507329085967,29.31597545140434,0.4975445222771257,523085.5582132176,-1176.489452018268
70.42175143473266,1546.2855068073081,67.88012628389737,0.5070477399568715,524738.2784939236,-1244.3695783021653
69.03120072377759,1617.4507177639402,69.52753554775342,0.5167815949335568,526426.8944226443,-1313.8971138499187
70.68768924307577,1382.2859257060045,-82.82442596490895,0.5051861752984697,527574.0155562924,-1231.0726878850096
69.33217128181302,1600.6526591714592,67.77589806313742,0.5146748010273088,529393.0349489293,-1298.848585948147
68.28470840415105,1637.615716634375,52.37314388309855,0.5220070411709427,531067.6137230265,-1351.2217298312457
67.54219257706427,1659.4889578491648,37.125791354338844,0.5272046519605501,532748.9759220906,-1388.3475211855848
68.23005166862829,1553.5820723520649,-34.392954578201085,0.5223896383196021,534196.6511089455,-1353.9545666073834
69.69306750912163,1441.6836839918149,-73.15079202466706,0.5121485274361486,535526.436404577,-1280.8037745827164
70.37520831921802,1446.6251699925144,-34.10704050481925,0.5073735417654739,536978.0030605703,-1246.6967340778974
71.0281866688304,1415.4389463845425,-32.64891748061913,0.5028026933181872,538362.255783347,-1214.0478165972781
71.98219945320278,1352.6932635174142,-47.700639218619045,0.4961246038275805,539652.2033639973,-1166.347177378659
70.90003376242204,1508.6028966542722,54.108284539037044,0.5036997636630458,541316.7158937884,-1220.455461917696
70.87338980472701,1457.158821377034,1.3321978847514515,0.5038862713669109,542722.4306398883,-1221.7876598024475
71.10038326695097,1433.128866224122,-11.349673111197944,0.5022973171313432,544131.5295509594,-1210.4379866912495
70.54038090255223,1500.4748557586438,28.000118219937065,0.5062173336821344,545699.3503962525,-1238.4381049111867
69.95630351094206,1530.8783881579818,29.203869580508268,0.5103058754234056,547260.6323168097,-1267.641974491695
70.4822583967656,1449.0827116793203,-26.297744291176883,0.5066241912226408,548627.9193520104,-1241.344230200518
69.68166976421152,1555.4337151054776,40.02943162770407,0.5122283116505193,550289.7040705421,-1281.373661828222
70.78835123405499,1404.743883263716,-55.334073492173275,0.504481541361615,551543.7581219639,-1226.0395883360488
71.52474361175332,1386.4438737326993,-36.81961888491685,0.4993267947177268,552911.9019861657,-1189.2199694511319
70.94614466725093,1481.1193368752436,28.929947225119435,0.5033769873292435,554487.6967861835,-1218.1499166762512
71.9382752211952,1352.9832791695753,-49.60652769721321,0.4964320734516336,555712.5440076473,-1168.5433889790381
72.22513677064097,1373.905659953057,-14.343077472288712,0.49442404260551315,557107.3720483838,-1154.2003115067494
73.14949135590754,1295.8197493807857,-46.21772926332852,0.4879535605086472,558325.1058871924,-1107.982582243421
73.20834532255832,1336.1524939568035,-2.94269833253864,0.4875415827420918,559701.5911257253,-1105.0398839108823
73.22396772145804,1337.5330617561622,-0.7811199449861306,0.4874322259497937,561040.5047552808,-1104.2587639658962
73.13040353750901,1347.6699451467634,4.678209197451366,0.48808717523743694,562398.3115838182,-1108.9369731633476
72.202519485521,1435.7736459597495,46.39420259940081,0.494582363601353,563922.188930591,-1155.3311757627484
71.24650300574895,1484.9743992221954,47.8008239886023,0.5012744789597574,565456.3640830755,-1203.1319997513506
71.19053292255268,1442.7701917626378,2.798504159813575,0.5016662695421312,566856.9300673786,-1205.9305039111644
72.75118102883476,1283.9178015113594,-78.03240531410438,0.4907417327981567,567981.9954786387,-1127.8980985970597
74.07572207498853,1229.5053739974098,-66.22705230768844,0.48146994547508026,569157.0884251221,-1061.6710462893714
75.09863609225893,1193.4481849761796,-51.14570086351975,0.47430954735418746,570314.4794210771,-1010.5253454258516
74.4837366640939,1306.0795243602056,30.744971408251587,0.47861384335134277,571733.1902848214,-1041.2703168341031
73.88335457000767,1335.368559685918,30.019104704311417,0.48281651800994635,573097.847879833,-1071.2894215384147
74.88266356267721,1205.4255508776014,-49.96544963347702,0.47582135506125955,574173.3304219022,-1021.3239719049377
74.27146529069051,1316.506549321844,30.55991359933472,0.48009974296516644,575600.9179696683,-1051.8838855042723
74.06105856937414,1306.9858350070972,10.520336065818725,0.48157259001438096,576898.3830903606,-1062.404221570091
74.76906070293644,1225.6702415999832,-35.40010667811515,0.4766165750794449,578042.7377385536,-1027.0041148919759
74.91876813548241,1246.1006529755296,-7.485371627298321,0.4755686230516231,579309.2688029045,-1019.5187432646776
74.51319756436082,1294.1402427209887,20.278528556079323,0.4784076170494742,580651.4486353709,-1039.797271820757
75.13194071909017,1211.991729894058,-30.937157736467213,0.4740764149663689,581781.2918524381,-1008.8601140842898
76.13012142419794,1143.117804384684,-49.909035255388545,0.46708915003061446,582855.5357313134,-958.9510788289012
75.63563327948795,1242.4721926940585,24.724407235499513,0.47055056704358433,584197.3623123169,-983.6754860644007
75.84110577483995,1197.2019742308269,-10.273624767599898,0.46911225957612035,585349.2940680844,-973.4018612968007
76.05754510398873,1185.833181158852,-10.821966457439203,0.46759718427207886,586523.7584561714,-962.5798948393615
75.47167503707131,1255.2380532175653,29.29350334587113,0.4716982747405008,587848.4013814476,-991.8733981852326
74.50962365226276,1322.1429539928552,48.10256924042733,0.4784326344341606,589237.4492362157,-1039.97596742566
73.74963261940486,1350.0341681009877,37.99955164289486,0.48375257166416596,590615.3746184249,-1077.9755190685548
73.11576446320655,1375.416995000831,31.693407809915897,0.48818964875755416,592016.1744403255,-1109.6689268784708
74.5502842574937,1200.2816494007595,-71.72598971435775,0.4781480101975441,593041.3207441261,-1037.9429371641131
74.36564039487013,1290.4707328704367,9.23219313117869,0.4794405172359091,594421.9805604662,-1047.1751302952916
74.34646271093393,1283.1561738890894,0.9588841968096062,0.47957476102346247,595697.8221753739,-1048.1340144921014
74.71037181216188,1245.8089269331938,-18.195455061397325,0.4770273973148668,596906.2838553513,-1029.9385594307041
74.41775791002168,1293.2637239112964,14.630695107010183,0.4790756946298482,598247.0023762406,-1044.5692545377142
75.99499182258465,1120.9206781853768,-78.86169562814871,0.4680350572419074,599195.5800087001,-965.7075589095655
76.14619725187592,1184.6628893224038,-7.560271464563328,0.46697661923686856,600443.9851091595,-958.1472874450021
76.54460338292938,1152.3853365245384,-19.92030655267314,0.4641877763194943,601564.0928928863,-938.226980892329
77.86463785334344,1040.3114362770987,-66.00172352070288,0.4549475350265959,602492.3304289159,-872.2252573716262
78.86281953731705,1006.5019786722281,-49.90908419868063,0.44796026323878063,603465.0229499832,-822.3161731729455
78.94040246079501,1048.6533136035769,-3.879146173898107,0.4474171827744349,604555.8275985182,-818.4370269990474
79.65892825406726,980.6849101308028,-35.926289663612465,0.4423875022215291,605468.5441051762,-782.5107373354349
81.36458840679936,846.057124142275,-85.28300763660468,0.4304478811524045,606179.97344333,-697.2277296988302
82.35480281966699,832.325621993007,-49.51072064338149,0.42351638026233107,606998.5675631738,-647.7170090554488
83.29809411080082,787.5138165620431,-47.1645645566916,0.4169133412243943,607741.2695743048,-600.5524444987572
82.55494333756138,908.9882563872656,37.157538661971756,0.4221153966370703,608771.7322705174,-637.7099831607289
80.91632403136772,1035.6811780095165,81.93096530968305,0.4335857317804259,609934.1063701491,-719.640948470412
80.43889198475695,1001.4900753365845,23.87160233053862,0.4369277561067013,610901.4053428126,-743.5125508009505
80.97457394880574,924.054026374915,-26.784098202439566,0.4331779823583598,611748.023320226,-716.728452598511
81.29870936893806,918.4268515120633,-16.206771006616094,0.43090903441743356,612660.8229968752,-700.5216815918949
81.26682304579408,937.8220316288154,1.5943161571989606,0.4311322386794414,613618.0402086207,-702.1159977490938
81.86953787000871,875.960452053923,-30.13574121073148,0.42691323490993904,614432.1390810998,-671.9802565383624
81.40544660166526,952.5020714601211,23.204563417172608,0.43016187378834314,615461.1827719661,-695.184819955535
82.64170650574083,805.6801714547205,-61.81299520377834,0.4215080544598142,616120.0410434153,-633.3718247517567
80.35997656047218,1095.650189075747,114.08649726343256,0.43748016407669477,617505.6612501121,-747.4583220151892
78.42010332034289,1175.5374367125623,96.99366200646438,0.4510592767575998,618761.0859344614,-844.4519840216536
79.02829394496193,1017.7289695785662,-30.40953123095207,0.4468019423852665,619621.0064369059,-814.0424527907015
78.48285603187293,1102.678474053027,27.271895654450162,0.4506200077768895,620808.6344154335,-841.3143484451517
78.40040295886506,1083.6513085278527,4.12265365039346,0.45119717928794456,621873.2585584361,-845.4370020955452
78.12912713095693,1106.6543387374763,13.563791395406355,0.4530961100833014,623002.9159273832,-859.0007934909515
77.51590487974843,1154.4084799071616,30.661112560424897,0.45738866584176097,624205.0785484602,-889.6619060513764
77.443848415903,1130.9525093360326,3.602823192271387,0.457893061088679,625312.5750872251,-893.2647292436478
79.51716124254634,920.0329166692144,-103.66564133216656,0.44337987130217565,626021.6884112275,-789.5990879114812
79.26681479682178,1048.7314501487167,12.517322286227994,0.44513229642224755,627199.1183948558,-802.1164101977092
78.59643881668596,1103.2470332442094,33.5187990067908,0.4498249282831983,628356.8810111955,-835.6352092045
78.94655649735245,1034.7189169945348,-17.505884033324293,0.4473741045185329,629323.0718119403,-818.1293251711758
79.27028201195033,1019.854515646673,-16.186275729894106,0.4451080259163477,630328.0619262392,-801.9430494412816
80.91425121387222,871.6553789687916,-82.19846009609455,0.43360024150289445,631051.5181685301,-719.744589345187
79.41791785097115,1103.4767010214525,74.81666814505346,0.4440745750432019,632386.8161916041,-794.5612574902406
77.72431162057471,1198.0088006724307,84.68031151982203,0.45592981865597704,633679.3570919277,-879.2415690100626
77.4364396528085,1142.1136708254548,14.39359838831038,0.45794492243034046,634765.5756329062,-893.6351673983729
76.51215770824021,1220.1417969203617,46.21409722841463,0.46441489604231845,636063.7455559213,-939.8492646267875
76.55997042280077,1169.1467629248928,-2.390635728028201,0.46408020704039454,637181.8972848507,-937.4586288987593
73.45353172391158,1482.159523470948,155.32193494445963,0.485825277932619,638977.0695688677,-1092.780563843219
74.95252484783178,1176.9487690863357,-74.94965619601004,0.4753323260651775,639848.8075835695,-1017.830907647209
74.54731780539335,1292.4162930768919,20.2603521219217,0.47816877536224656,641256.691400637,-1038.0912597691306
74.02830928079722,1324.0531603549114,25.950426229806567,0.48180183503441953,642612.38142827,-1064.0416859989373
72.8998666168829,1410.9391014178887,56.42213319571567,0.4897009336818197,644110.2064707509,-1120.4638191946528
72.42426206980512,1402.0740936981213,23.78022735388896,0.49303016551136414,645503.4155567293,-1144.244046548542
72.98483525757578,1322.2404715794812,-28.028659388532873,0.48910615319696954,646745.8224061901,-1116.215387160009
72.33074320364132,1415.673757717083,32.70460269672313,0.4936847975745108,648254.9294500449,-1148.9199898567322
73.26860508669706,1289.1895317479664,-46.893094152787285,0.4871197643931206,649417.6347558236,-1102.0268957039448
74.28311579645538,1234.6386564998909,-50.72553548791561,0.4800181894248124,650597.7225370755,-1051.3013602160293
73.96797469842971,1316.8760958026862,15.75705490128314,0.48222417711099197,651996.8360721809,-1067.0584151173123
73.7233452953467,1325.580268803883,12.231470154150514,0.48393658293257313,653331.120513986,-1079.289885271463
73.17628440744261,1368.0510580139264,27.353044395204762,0.48776600914790175,654741.64236121,-1106.6429296666677
72.70777425222147,1387.545749569749,23.425507761056963,0.49104558023444966,656148.6828023356,-1130.0684374277246
72.85311933647563,1349.586750798866,-7.267254212707996,0.4900281646446706,657460.3105543635,-1122.8011832150166
74.5109927388097,1191.0782698919827,-82.89367011670379,0.47842305082833203,658492.8803433487,-1039.9075130983128
74.16150101803723,1308.9186656438885,17.47458603862384,0.48086949287373937,659919.6394047445,-1057.3820991369366
73.27183726775921,1380.4042269868148,44.4831875139009,0.48709713912568553,661371.5291930742,-1101.8652866508376
72.97417051204576,1365.6856313769688,14.883337785672524,0.48918080641567974,662722.4962288412,-1116.74862443651
73.36955279138148,1311.2668333336799,-19.769113966786023,0.48641313046032963,663979.3442641316,-1096.9795104697241
73.75478563023643,1292.515360044843,-19.26164194274733,0.4837165005883449,665253.1081508878,-1077.7178685269766
74.7154448866132,1215.7178009647077,-48.0329628188386,0.4769918857937076,666392.0283927723,-1029.684905708138
76.15400751344272,1119.904571038982,-71.92813134147613,0.466921947405901,667416.1197338856,-957.7567743666621
76.64958029428558,1142.2788933056377,-24.77863904214317,0.46345293794000086,668580.772949458,-932.9781353245189
76.91386221035657,1140.6311907140948,-13.214095803549242,0.46160296452750404,669719.7564375805,-919.7640395209696
75.59780223870258,1285.442071263241,65.80299858269925,0.4708153843290819,671150.0093893928,-985.5670381036689
75.74814230834163,1204.606118097125,-7.517003481952145,0.46976300384160863,672273.7795543238,-978.0500346217168
74.8783904354952,1299.0922206006092,43.48759364232109,0.47585126695153357,673667.3578774278,-1021.5376282640377
73.26571836947356,1416.8605448559906,80.63360330108225,0.4871399714136851,675201.9867465391,-1102.17123156512
73.63157113455479,1299.6442260161407,-18.292638254061444,0.48457900205811644,676384.4146537154,-1083.8785933110585
73.24720799583805,1356.370487599905,19.218156935836817,0.4872695440291336,677797.511402899,-1103.0967502468955
73.17732897680688,1344.1397434140526,3.493950951558844,0.4877586971623519,679129.4204021272,-1106.5907011984543
74.4640629461114,1211.9814026698266,-64.33669846522605,0.4787515593772202,680209.2434640528,-1042.2540027332282
73.68046177509761,1354.672733028234,39.18005855068927,0.48423676757431666,681706.6075274394,-1081.4340612839173
74.01557012990837,1281.984184754953,-16.755417740537837,0.48189100909064136,682915.903163921,-1064.6786435433796
75.4975933205152,1150.5476575971427,-74.10115953034122,0.47151684675639366,683935.0142943603,-990.5774840130384
74.49898661040699,1324.5024978913339,49.930335505410284,0.47850709372715106,685433.4716325458,-1040.5078195184487
74.98704709030136,1225.7695308198456,-24.40302399471861,0.4750906703678905,686560.5081962942,-1016.10479552373
75.55861102081506,1193.0201627107074,-28.57819652568523,0.4710897228542945,687720.7789908957,-987.5265989980448
74.90943378155333,1286.5115389218906,32.458861963086605,0.4756339635291267,689100.7819060287,-1019.9854609611314
75.5304004710865,1191.9603547723148,-31.048334476658113,0.4712871967023945,690198.1910766514,-988.9371264844733
75.57444196619923,1218.6048480281652,-2.202074755636829,0.47097890623660543,691443.4404179355,-986.7350517288364
74.98671605050238,1279.5754002720769,29.38629578484253,0.4750929876464833,692783.9863704514,-1016.121347513679
74.9475308238641,1254.1073528544762,1.959261331914064,0.47536728423295127,694012.6256758883,-1018.0806088455931
75.46784054043319,1200.1207620336695,-26.015485828454388,0.47172511621696767,695158.759847101,-992.0651230171388
75.06117505189849,1266.7999500571739,20.33327442673496,0.4745717746367106,696492.2389851818,-1012.3983974438736
76.16193633233158,1136.3982529160928,-55.03806402165452,0.46686644567367896,697498.2355409567,-957.3603334222191
75.7550233349091,1232.1247682890137,20.34564987112404,0.4697148366556363,698826.0868246187,-977.7059832933433
76.17383908815252,1169.90047480382,-20.94078766217109,0.4667831263829324,699933.7630059374,-956.765195631172
75.6090516223058,1247.3160555384025,28.239373292336012,0.4707366386438594,701258.4946422103,-985.004568923508
75.48321169209176,1231.6597943879588,6.291996510702091,0.4716175181553577,702474.4981754479,-991.2965654342102
75.74544195021969,1199.1466076762708,-13.111512906396428,0.4697819063484622,703641.1315964125,-978.1850525278137
75.17265734834513,1269.53257127791,28.639230093727974,0.47379139856158414,704981.0501312921,-1006.8242826215417
75.4150834135323,1216.652431647921,-12.12130325935874,0.47209441610527386,706144.8224233099,-994.702979362183
75.54574308426571,1215.708682451634,-6.5329835366704,0.47117979841014,707359.5873565653,-988.1699958255126
75.70676745600483,1206.1403559849948,-8.051218586955855,0.4700526278079662,708556.1593860837,-980.1187772385567
77.60808610079081,1024.0730193238653,-95.0659322392994,0.4567433972944643,709398.1650687464,-885.0528449992573
79.88620189817351,891.343318635477,-113.90578986913482,0.44079658671278543,710156.7786866935,-771.1470551301226
79.50736477638554,1043.130168823556,18.941856089398357,0.4434484465653012,711351.6957057051,-790.0889112195209
79.12226477501773,1062.6956171709298,19.25500006839087,0.44614414657487594,712433.9567712233,-809.3439112879117
76.33174971450464,1322.472589548424,139.52575302565435,0.4656777519984675,714016.2063331493,-948.8696643135661
75.16589740283152,1299.5239067239,58.292615583656016,0.4738387181801793,715292.7815570488,-1007.1622798972221
75.49075465528347,1208.7478398958162,-16.242862622597443,0.47156471741301575,716410.7533301164,-990.9194172746247
73.16735289538113,1457.3146146963284,116.17008799511694,0.4878285297323321,718116.6347196132,-1107.0895052697417
72.3802001864014,1419.8542875302217,39.35763544898663,0.49333859869519026,719499.0286799773,-1146.4471407187282
72.77293246790296,1341.226173057049,-19.636614075078285,0.49058947272467934,720761.6267385613,-1126.81052664365
72.98906344648636,1339.2512021906382,-10.80654892916968,0.48907655587459553,722098.9029698855,-1116.0039777144802
74.27914274277332,1221.0588520461854,-64.50396481434808,0.48004600080058674,723201.7694717871,-1051.5000129001323
73.06176546625112,1407.292022871818,60.86886382610999,0.4885676417362422,724795.2946654846,-1112.3688767262422
71.87073601193778,1465.5177672708614,59.551472715666876,0.4969048479164355,726319.0381771546,-1171.9203494419091
72.40244390352161,1352.7992273520524,-26.585394579191757,0.4931828926753487,727559.1188645877,-1145.3349548627173
72.05564534147658,1414.0620505458135,17.33992810225189,0.495610482609664,729034.4437383274,-1162.6748829649691
71.15012594307973,1487.2677236474574,45.275969919842396,0.5019491183984419,730594.9171350764,-1207.9508528848119
70.6544333277925,1491.5575454080306,24.78463076436128,0.5054189667054525,732090.764502245,-1232.7354836491731
71.5144332548617,1380.778941936239,-42.999996353459835,0.4993989672159681,733360.7648407094,-1189.735487295713
70.76227899061999,1498.9890996340202,37.607713212085514,0.50466404706566,734977.9640980412,-1227.3432005077984
71.22116783613012,1415.4957140928402,-22.94444227550656,0.5014518251470892,736309.9664265929,-1204.398758232292
69.2799066341183,1632.5526877411144,97.0630601005908,0.5150406535611718,738159.5760879823,-1301.4618183328826
68.28395799208836,1635.0775202030238,49.79743210149721,0.5220122940553815,739797.1784406473,-1351.25925043438
68.78454594524388,1535.2247969016469,-25.02939765777583,0.5185081783832929,741232.5505142476,-1326.229852776604
69.06984045961828,1531.7267401835838,-14.264725718719973,0.5165111167826721,742760.779197713,-1311.9651270578843
68.80097109898222,1572.8765198803849,13.443468031803008,0.5183932023071245,744374.8054972902,-1325.408595089687
69.79674242349225,1459.8628897968506,-49.78856622550154,0.5114228030355543,745721.6547570035,-1275.6200288641855
68.41635712226864,1647.6803234476047,69.01926506118059,0.5210855001441196,747557.1525141018,-1344.639293925366
66.4802695349992,1772.2562645002572,96.80437936347204,0.5346381132550055,749453.9847196547,-1441.4436732888385
66.68134119905497,1655.3461262328562,-10.05358320278873,0.5332306116066152,750992.4207076202,-1431.3900900860494
65.39051894573382,1794.472899011987,64.54111266605764,0.5422663673798633,752926.0203794114,-1495.931202752107
65.76997142094683,1691.9891949919543,-18.97262376065072,0.5396102000533721,754515.5258703834,-1476.9585789914568
65.71671174006029,1716.2874140234928,2.6629840443270325,0.5399830178195779,756256.1115034384,-1479.6215630357835
65.47707095498667,1737.586831001032,11.98203925368091,0.5416605033150933,758014.9977514169,-1491.6036022894646
65.60470972074882,1712.8418086424972,-6.381938288107136,0.5407670319547583,759703.0945377009,-1485.2216640013576
65.7305669516097,1706.6389048451315,-6.292861543044381,0.539886031338732,761403.5305387486,-1478.928802458313
65.81706090112621,1704.282976894172,-4.324697475825445,0.5392805736921166,763105.4575876918,-1474.6041049824873
64.14278696711204,1876.023347853876,83.71369670070834,0.5510004912302157,765153.2213065055,-1558.317801683196
63.48690935363717,1857.892821357361,32.793880673743914,0.5555916345245399,766992.9836013663,-1591.1116823569398
62.606941529102244,1913.089563362338,43.998391226746136,0.5617514092962843,768961.2699067335,-1635.110073583686
61.97321973691858,1932.4589153014128,31.6860896091832,0.5661874618415699,770913.098173974,-1666.796163192869
61.840742531472536,1914.0196188963957,6.6238602723021955,0.5671148022796924,772808.6784964654,-1673.4200234651712
60.52111726666701,2039.3490477277921,65.98126324027618,0.5763521791333309,774973.3569730246,-1739.4012867054473
60.282986721791474,1997.1791720612557,11.906527243776921,0.5780190929474597,776928.3662694193,-1751.3078139492245
59.533543641181254,2060.2117067769364,37.47215403051101,0.5832651945117311,779051.610510912,-1788.7799679797354
60.25244170101768,1950.8547790492016,-35.94490299182134,0.5782329080928762,780893.1083622334,-1752.8350649879142
60.16562639561902,1995.480604873751,4.340765269932945,0.5788406152306669,782933.2147929317,-1757.175830257847
58.69324802803045,2138.3673697141026,73.61891837942842,0.5891472638037869,785214.4689274861,-1830.7947486372755
58.25954935122216,2108.1152831247646,21.684933840414544,0.5921831545414448,787292.3321240215,-1852.47968247769
57.026442192662365,2209.73243339022,61.65535792798984,0.6008149046513636,789603.6817076772,-1914.1350404056798
57.04577667500593,2146.1437625692506,-0.9667241171783303,0.6006795632749585,791686.2367994256,-1913.1683162885015
57.21721649835104,2129.967704430681,-8.571991167255533,0.5994794845115428,793800.0284457176,-1904.5963251212459
57.36699911225509,2123.5624826858293,-7.489130695202206,0.5984310062142144,795917.1857066585,-1897.1071944260439
58.290513401536174,2038.7066490529478,-46.17571446405435,0.5919664061892468,797871.0365220786,-1850.9314799619892
58.26421349953228,2087.512169618077,1.3149951001945936,0.5921505055032741,800007.3542122617,-1852.246475062184
59.34981253660503,1977.6448700038673,-54.27995185363734,0.5845513122437648,801875.1317826515,-1797.9665232085467
60.65988003859948,1900.9272421305734,-65.50337509972266,0.5753808397298037,803699.3413969089,-1732.4631481088238
61.368355527018245,1895.5880277168387,-35.42377442093816,0.5704215113108723,805589.5902102119,-1697.039373687886
59.51116661665553,2116.7176928516756,92.85944551813579,0.5834218336834113,807927.4375681984,-1789.8988192060215
59.466792740602926,2028.295324321668,2.218693802630156,0.5837324508157795,809867.3105239902,-1792.1175130086517
59.85856483802815,1986.9021631811975,-19.58860487126124,0.5809900461338029,811812.8195260309,-1772.5289081373903
60.35459858568009,1956.8908655234986,-24.801687382596782,0.5775178099002394,813739.6990938967,-1747.7272207547937
58.4234182719604,2174.797066015868,96.5590156859843,0.5910360720962772,816132.402360405,-1844.2862364407779
59.234624799491755,1997.123076022441,-40.5603263765677,0.5853576264035577,817951.851446434,-1803.7259100642104
58.32607919068128,2128.531603460795,45.42728044052389,0.5917174456652311,820211.7915773331,-1849.153190504734
58.49329844097979,2066.3835685251715,-8.360962514925774,0.5905469109131414,822216.0271109227,-1840.7922279898085
57.45295024477303,2178.7720682234003,52.01740981033822,0.5978293482865888,824507.1876788444,-1892.8096378001467
56.70119686550704,2201.9247340660054,37.58766896329924,0.6030916219414507,826732.265078753,-1930.3973067634458
57.65451610215825,2069.0118146722425,-47.6659618325602,0.5964183872848923,828668.3639740315,-1882.7313449308858
58.320529729623196,2050.0810758537004,-33.30068137324744,0.5917562918926376,830699.5143110666,-1849.4306635576381
58.540777498597016,2061.3585220639484,-11.012388448691013,0.5902145575098209,832772.1502793408,-1838.4182751089472
59.301772335217606,1996.2767538144367,-38.04974183102949,0.5848875936534768,834703.3452649057,-1800.3685332779178
59.02399826645497,2062.1019581032488,13.888703438131955,0.5868320121348153,836831.2724272978,-1814.2572367160496
59.584767527633396,1992.140253932102,-28.038463058921437,0.5829066273065662,838753.4509770587,-1786.2187736571284
59.30994390898642,2047.659155090391,13.74118093234884,0.5848303926370951,840856.6290333073,-1799.959954589477
59.763198863639474,1988.5956514774193,-22.662747732652733,0.5816576079545237,842786.1611811719,-1777.2972068568242
60.0275640382107,1984.8237323091712,-13.218258728561239,0.5798070517325251,844767.2129943128,-1764.0789481282632
59.29163508583643,2071.6297347724926,36.7964476187133,0.584958554399145,846925.6487315486,-1800.8753957469764
58.84478689997595,2079.514977802526,22.34240929302409,0.5880864917001684,849013.0489523811,-1823.2178050400007
58.9493260786084,2046.7193824205078,-5.226958931622505,0.5873547174497412,851026.9727394197,-1817.990846108378
59.34271334995812,2012.6103679280584,-19.66936356748583,0.5846010065502932,853005.4740928552,-1798.3214825408922
59.511043551240036,2015.447889678761,-8.416510064095917,0.5834226951413197,855023.7595042847,-1789.9049724767963
59.10236389113058,2064.7295049961817,20.43398300547281,0.5862834527620859,857137.7706245984,-1810.3389554822688
59.108032714094314,2043.7286793760961,-0.28344114818672494,0.5862437710013397,859160.4984783543,-1810.0555143340825
59.09100874505333,2045.714398260598,0.8511984520492177,0.5863629387846266,861208.1985954994,-1810.9067127861317
59.93138792822833,1960.831164145331,-42.018959158750135,0.5804802845024017,863084.1465255296,-1768.8877536273817
58.91705115819668,2104.2766999498563,50.71683850158273,0.5875806418926233,865331.8687612839,-1819.6045921289642
59.03907337951107,2041.358493472383,-6.101111065719778,0.5867264863434225,867310.3090482787,-1813.5034810632444
58.47418880704889,2103.944107592314,28.24422862310918,0.5906806783506577,869476.8387699911,-1841.7477096863536
59.15737326365584,2007.386215599706,-34.1592228303476,0.5858983871544091,871387.6670935982,-1807.5884868560058
59.80086724829226,1977.2005444243039,-32.17469923182108,0.5813939292619541,873334.6819668472,-1775.413787624185
59.0783553180767,2081.6213790941697,36.125596510778024,0.5864515127734631,875520.7241806112,-1811.5393841349628
58.92750227559578,2060.580030860186,7.542652124046256,0.5875074840708295,877560.2628632373,-1819.082036259009
58.89603049279353,2056.1843367138854,1.5735891401124746,0.5877277865504453,879612.0515058049,-1820.6556253991216
58.09352253023644,2134.8559262737435,40.12539812785434,0.5933453422883449,881825.5790216385,-1860.7810235269762
58.02387196672532,2101.6950969430563,3.482528175555899,0.5938328962329227,883894.1132892509,-1864.263551702532
57.166950993097224,2183.8986676834957,42.84604868140498,0.5998313430483194,886160.2155276748,-1907.109600383937
58.39238559788663,2018.5177365653833,-61.2717302394703,0.5912533008147935,888013.3523331222,-1845.8378701444667
59.077397339774976,2011.2930876982125,-34.250587094417284,0.5864582186215752,890017.4207719531,-1811.5872830500493
58.47507679287879,2105.77151323842,30.116027344809382,0.5906744624498484,892217.6707107318,-1841.7033103948586
59.318549063575475,1991.314163129837,-42.17361353483433,0.5847701565549717,894094.5275237531,-1799.5296968600244
57.85239460291914,2180.09295964908,73.3077230328167,0.595033237779566,896463.3992799213,-1872.837419892841
57.62195671555861,2129.827412287105,11.521894368026508,0.5966463029910898,898542.9611448465,-1884.3593142608677
58.53737305574329,2026.770291814992,-45.770817009233866,0.590238388609797,900466.6743161895,-1838.5884972516337
58.55157157564129,2071.1213562240655,-0.709925994900118,0.590138998970511,902582.1467368226,-1837.8785712567335
58.36302006720895,2090.68511320164,9.427575421617007,0.5914588595295374,904692.3956070017,-1847.3061466783506
56.80687494629987,2236.8611568550846,77.80725604545395,0.602351875375901,907075.4328075104,-1925.1134027238045
58.26089691843107,2013.6618817503154,-72.70109860656007,0.5921737215709825,908865.8954141559,-1852.4123041172445
57.84411361444801,2128.0383932720533,20.839165199152987,0.5950912046988639,911108.3103189497,-1873.2514693163976
58.20101581560865,2071.511506272245,-17.84511005803182,0.5925928892907394,913123.2949382222,-1855.4063592583657
58.38018909029194,2071.4405430748707,-8.958663734164674,0.5913386763679565,915194.6645180996,-1846.4476955242008
58.63544305371761,2054.8755972442123,-12.762698171283304,0.5895518986239767,917232.9751695133,-1833.684997352918
58.50251493697742,2080.930176592697,6.646405837009439,0.590482395441158,919339.9599254543,-1840.3314031899272
58.585387907973555,2065.9970537668714,-4.1436485498067555,0.5899022846441851,921391.0238563954,-1836.1877546401204
58.81380936448954,2047.300155615275,-11.421072825799428,0.5883033344485733,923419.6271138592,-1824.7666818143211
59.70849843969035,1969.25858374452,-44.73445376004044,0.5820405109221676,925310.8441257329,-1780.0322280542805
60.169419976632895,1967.9041102610647,-23.04607684712714,0.5788140601635697,927277.3937625106,-1756.9861512071532
59.305735961826144,2077.3125428007634,43.18420074033753,0.5848598482672169,929464.1147378511,-1800.1703519474909
58.49305376454308,2115.390873013351,40.634109864153345,0.5905486236481985,931617.5839410769,-1840.8044618116442
59.39739160917215,1984.3293090512027,-45.2168922314538,0.5842182587357949,933470.8516861659,-1795.5875695801906
60.145440903172,1954.7465082277297,-37.40246469999242,0.5789819136777961,935396.0153935703,-1758.185104880198
59.88124758411485,2018.5664554802036,13.209665952857463,0.580831266911196,937478.4017963029,-1771.3947708330554
59.4708450202255,2046.3941730983345,20.5201281944678,0.5837040848584215,939552.6236870195,-1791.9148990275232
59.09513212273316,2063.442704662818,18.785644874616736,0.5863340751408679,941633.1149232467,-1810.70054390214
60.38724091392985,1915.4552254300706,-64.60543955983447,0.577289313602491,943400.582669444,-1746.0951043423054
61.57073567875657,1861.7194729705868,-59.174738241335945,0.5690048502487041,945208.5663899551,-1686.9203661009694
61.216063994472115,1956.3588969385783,17.73358421422273,0.5714875520386952,947259.5647108618,-1704.653950315192
61.39060159538386,1921.1727743963872,-8.726880045587393,0.5702657888323129,949145.5513627159,-1695.9270702696049
60.054359737956695,2063.5144864916892,66.81209287135843,0.5796194818343031,951351.4075613029,-1762.7391631409635
59.32970354099019,2069.1629407236032,36.23280984832533,0.5846920752130687,953426.2189562584,-1798.9719729892886
59.989914406411515,1966.9136658092027,-33.01054327106634,0.5800705991551194,955290.8833471532,-1765.9614297182225
60.799105852277734,1919.0107288337683,-40.45957229331094,0.5744062590340558,957161.9911390115,-1725.5018574249111
59.560917502096636,2083.280468826738,61.909417509054876,0.5830735774853235,959409.5413478313,-1787.411274933966
58.710389134686366,2106.417934360138,42.5264183705135,0.5890272760571955,961539.0967477247,-1829.9376933044798
59.19499104079027,2015.4347175925766,-24.23009530519522,0.5856350627144681,963463.5482485497,-1805.7075979992846
60.05043082714769,1954.126822340534,-42.77198931787112,0.5796469842099662,965356.3671756382,-1762.9356086814137
59.84317343239638,2017.6231003317737,10.362869737565816,0.5810977859732254,967437.4865539612,-1773.2984784189794
60.56050683240498,1935.5319119271473,-35.86667000043029,0.5760764521731652,969290.9272774837,-1737.4318084185488
61.25089182744876,1902.3649151181653,-34.51924975218894,0.5712437572078587,971160.125195793,-1702.91255866636
61.477510545871425,1914.2238793591164,-11.33093592113319,0.5696574261789,973086.208039393,-1691.581622745227
61.82650570198503,1890.6577426349827,-17.44975780568012,0.5672144600861049,974953.2996453039,-1674.1318649395466
61.834665515907005,1907.2915761671622,-0.40799069609889216,0.567157341388651,976877.2250550033,-1673.7238742434477
61.062163029800395,1984.9444079565194,38.625124305330516,0.5725648587913972,978939.8222947492,-1712.3489985487781
60.61087478550557,1991.4449490629609,22.564412214741125,0.575723876501461,980937.7677849187,-1734.9134107635196
60.871190222635406,1942.8508153432965,-13.015771856491654,0.5739016684415522,982832.0244665423,-1721.8976389070278
60.19537867377649,2023.4430114048382,33.790577442945846,0.5786323492835646,984936.0596740086,-1755.6882163499736
60.27264933397953,1981.9259088362094,-3.8635330101520537,0.5780914546621433,986876.4684802762,-1751.8246833398216
60.01701960096247,2011.350625739936,12.781486650852969,0.5798808627932627,988917.2438229198,-1764.6061699906745
60.1229844437955,1987.9733965596797,-5.298242141651599,0.5791391088934315,990881.8399902993,-1759.3079278490227
59.96774790864444,2008.7942055606916,7.761826757553081,0.5802257646394888,992911.455004861,-1767.0697546065758
61.747931275404845,1823.0265034106656,-89.00916833802022,0.567764481072166,994548.7138061216,-1678.0605862685559
63.89009233273353,1697.8345611432185,-107.10805286643428,0.5527693536708653,996121.3564249973,-1570.9525334021214
63.405523676072406,1853.3960876951687,24.228432833056246,0.5561613342674931,998130.3140392444,-1595.1809662351777
62.95578863345009,1874.1380109790455,22.48675213111575,0.5593094795658493,1000025.1939735074,-1617.6677183662935
61.349702734229574,2012.2486061686868,80.30429496102585,0.570552080860393,1002175.5531748657,-1697.9720133273192
60.88264185706819,1978.6471294976595,23.353043858069356,0.5738215070005227,1004120.5988276922,-1721.3250571853887
61.77153335097285,1866.411158489581,-44.444574695233285,0.56759926654319,1005874.7740151737,-1676.8804824901554
60.9568395422118,1992.3194112042577,40.73469043805247,0.5733021232045173,1007993.0016790928,-1717.615172928208
60.82334098915295,1964.933641582219,6.674927652942486,0.5742366130759293,1009930.549551053,-1724.2901005811505
61.11699694696702,1928.8951737395744,-14.68279789070337,0.5721810213712308,1011823.4062569498,-1709.6073026904469
61.33198672366213,1922.0804988892035,-10.749488834755638,0.570676092934365,1013738.6720809886,-1698.8578138556913
63.15200577568514,1750.8408226550223,-91.00095260115033,0.557935959570204,1015318.2732274095,-1607.856861254541
63.96530335791759,1760.5177101160032,-40.664879111622554,0.5522428764945768,1017088.4678249864,-1567.1919821429185
64.80432689837163,1717.2861083470054,-41.95117702270181,0.5463697117113986,1018762.5223315645,-1525.2408051202167
65.2226912674792,1717.403777009533,-20.918218455378934,0.5434411611276455,1020480.0437772366,-1504.322586664838
64.91734148642647,1768.8548361217188,15.267489052637018,0.5455786095950147,1022300.3496724704,-1519.5900757174745
65.05850357152696,1739.4721266936285,-7.058104255024489,0.5445904749993113,1024010.4390897359,-1512.5319714624504
64.5466045119567,1797.7165536122614,25.59495297851271,0.548173768416303,1025866.4000702668,-1538.1269244409627
65.82900325230781,1643.89070338982,-64.11993701755563,0.5391969772338453,1027356.4649234341,-1474.0069874234075
65.3154886127458,1759.3585097611,25.675731978100913,0.5427915797107794,1029231.2912395664,-1499.6827194015082
64.58363320230477,1806.863195839229,36.59277052205141,0.5479145675838666,1031085.6591214838,-1536.2754899235597
65.81630126456905,1647.0122477671855,-61.63340311321406,0.5392858911480166,1032572.8204211789,-1474.6420868103455
65.45912025391843,1744.3612516783871,17.85905053253103,0.541786158222571,1034414.5306767686,-1492.5011373428765
65.09751768975896,1762.659926343854,18.080128207973445,0.5443173761716873,1036195.4892777778,-1510.58126555085
66.39987100046837,1614.353583538115,-65.11766553547034,0.5352009029967215,1037661.5365185102,-1445.4636000153798
66.11830438650658,1707.6259395034658,14.078330698089303,0.5371718692944539,1039462.434813979,-1459.5419307134691
67.41529531695399,1563.8575946971491,-64.84954652237036,0.5280929327813221,1040882.5240638698,-1394.6923841910987
68.50668391471677,1519.575921163425,-54.569429888139354,0.5204532125969825,1042357.8183114995,-1340.1229543029592
68.65034399339173,1559.7803488046193,-7.183003933747756,0.5194475920462578,1043957.8030879454,-1332.9399503692116
66.96649307780187,1735.336657340944,84.19254577949289,0.5312345484553869,1045868.6960538228,-1417.1324961487044
66.62416590064001,1685.3744329873973,17.11635885809315,0.53363083869552,1047504.1082624566,-1434.2488550067974
66.34799434836272,1695.8732961561673,13.808577613864514,0.5355640395614609,1049210.4804217815,-1448.0574326206622
65.72942847928857,1743.9169754886336,30.92829345370731,0.5398940006449799,1051002.4410766026,-1478.9857260743697
65.91978719798132,1693.9541426766823,-9.517935934637478,0.5385614896141308,1052646.4323864672,-1469.4677901397317
65.25342801666034,1770.1033322291491,33.31795906604924,0.5432260038833776,1054492.684908249,-1502.7857492057815
66.66526057965936,1595.6119996911382,-70.59162814995119,0.5333431759423845,1055913.8055754022,-1432.1941210558298
67.4773039269133,1585.004977419127,-40.60216736269666,0.5276588725116069,1057488.203530549,-1391.5919536931335
66.97984490836738,1675.3495644232848,24.872950927295534,0.5311410856414283,1059253.8976819767,-1416.464904620429
66.38904134109394,1709.5528345983626,29.540178363672,0.5352767106123424,1060997.65378675,-1446.005082984101
68.67623064338102,1451.309736331099,-114.35946511435375,0.5192663854963329,1062190.7204248137,-1331.6456178697472
69.46540649415171,1486.7571405993394,-39.45879253853448,0.5137421545409381,1063712.9249696815,-1292.1868253312127
69.72437914241144,1500.3204811204387,-12.948632412986427,0.5119293460031199,1065226.8087913229,-1279.238192918226
70.22167493827286,1463.5430150178543,-24.86478979307094,0.50844827543209,1066653.5743402382,-1254.3734031251552
69.71693342766895,1538.8784226807418,25.23707553019534,0.5119814660063174,1068267.788170582,-1279.6104786553508
69.97008155485551,1488.3283064687803,-12.65740635932815,0.5102094291160114,1069705.5663608385,-1266.9530722960224
69.72001801087822,1525.9903167810296,12.503177198864535,0.5119598739238524,1071269.2186879318,-1279.4562494948873
69.78306979965802,1507.1824020667063,-3.1525894389901055,0.5115185114023939,1072757.593175284,-1276.3036600558967
71.57064653119535,1331.5898313890846,-89.3788365768664,0.49900547428163256,1073913.5904359955,-1186.9248234790305
71.63436599905424,1414.597167216337,-3.185973392944419,0.49855943800662034,1075411.194939039,-1183.7388500860861
70.11497120721116,1569.7119840300468,75.96973959215418,0.5091952015495219,1077136.0217398826,-1259.7085896782403
71.45058855916598,1360.1898585638742,-66.78086759774118,0.4998458800858382,1078286.6894729806,-1192.927722080499
72.55186612581319,1316.8506784398603,-55.063878332360616,0.4921369371193076,1079560.2009712965,-1137.8638437481386
72.30506212612113,1396.5932291134295,12.340199984603117,0.49386456511715204,1081036.5367510833,-1150.2040437327416
73.13191511798772,1301.5735179131104,-41.342649593329384,0.488076594174086,1082243.090557796,-1108.8613941394121
72.51705230865807,1404.3981443997397,30.743140466482544,0.49238063383939357,1083750.3133286824,-1139.6045346058947
71.1932159821585,1506.0293697289276,66.19181632497799,0.5016474881248905,1085357.9739237404,-1205.796350930873
71.50204342132946,1408.9569712789284,-15.441371958547734,0.4994856960506937,1086669.8584965693,-1190.3549789723252
70.87415952679916,1487.1823375032445,31.394194726514968,0.5038808833124058,1088235.2662002968,-1221.74917369884
71.38034791938085,1405.1728468373085,-25.309419629084573,0.5003375645643341,1089558.429556468,-1196.4397540697553
69.96099480574976,1572.407642357707,70.96765568155448,0.5102730363597516,1091298.0719943463,-1267.4074097513098
70.50266741545259,1447.2765174141368,-27.08363048514144,0.5064813280918318,1092620.2173868166,-1240.3237792661685
69.94489675595567,1530.1333094543545,27.888532974846214,0.5103857227083104,1094233.2074883115,-1268.2123122410146
69.83958337484458,1512.7753773969494,5.265669055554412,0.511122916376088,1095728.624933651,-1273.477981296569
69.36298394729134,1555.1663149007259,23.829971377661963,0.5144591123689606,1097326.1821860552,-1297.307952674231
69.09484303049143,1558.1485582166372,13.40704583999539,0.51633609878656,1098887.3129875879,-1310.7149985142264
68.33429432728362,1620.7910588565012,38.027435160390866,0.5216599397090147,1100570.7465470843,-1348.7424336746174
67.9109773821631,1625.0923549895465,21.165847256025927,0.5246231583248584,1102200.140198207,-1369.9082809306433
67.98517680886367,1596.5070844594497,-3.7099713350286834,0.5241037623379543,1103768.0620121364,-1366.1983095956145
67.07356055143808,1691.372300223236,45.58081287127962,0.5304850761399335,1105554.2995281233,-1411.779122466894
67.32772069762599,1620.377251854188,-12.708007309395697,0.528705955116618,1107103.6817316085,-1399.0711151574985
65.71584122927571,1794.2619228423334,80.59397341751406,0.53998911139507,1109071.828325439,-1479.6650885750125
64.40667208604098,1844.5756995642892,65.4584571617363,0.5491532953977131,1110966.7178017253,-1545.1235457367488
64.50071421930022,1769.7136873715622,-4.702106662961825,0.5484950004648984,1112661.5694769039,-1540.421439073787
64.96273659125752,1728.2167909953976,-23.101118597865167,0.5452608438611973,1114348.289371523,-1517.3203204759218
64.06476146647128,1841.1091362460133,44.89875623931212,0.551546669734701,1116302.2908530196,-1562.2190767152342
62.48209175983194,1954.4662719826892,79.13348533196718,0.5626253576811764,1118370.1142607392,-1641.3525620472012
63.53458565640368,1770.0907644508238,-52.62469482858698,0.5552579004051743,1119955.829517658,-1588.7278672186142
64.03379430196821,1772.7980891834763,-24.96043227822682,0.5517634398862226,1121731.334931574,-1563.7674349403874
62.97460106696982,1903.6704306088977,52.95966174991982,0.5591777925312112,1123765.8777036082,-1616.7270966903072
63.15497951999897,1832.6741862052343,-9.018922651457473,0.5579151433600074,1125527.55564541,-1607.7081740388496
62.651017107382366,1892.0858223814637,25.19812063083009,0.5614428802483235,1127479.0531039678,-1632.9062946696797
63.05786006980144,1826.2062534094625,-20.34214812095385,0.5585949795113899,1129239.379788405,-1612.564146548726
62.84697892521888,1867.6350398206607,10.544057229128256,0.5600711475234679,1131148.4436146368,-1623.1082037778542
63.306385004733556,1811.1535904826214,-22.97030397573394,0.5568553049668651,1132903.1157557815,-1600.1378998021205
63.91054912493095,1773.711711587457,-30.208206009869798,0.5526261561254833,1134639.3855884736,-1569.9296937922504
64.34196215114969,1760.781634866637,-21.57065131093674,0.5496062649419522,1136387.2371466197,-1548.3590424813137
63.647893355263875,1851.7543072845838,34.7034397942906,0.5544647465131529,1138329.964126322,-1583.0624822756045
63.80765074865842,1801.0762464525924,-7.987869669727132,0.5533464447593911,1140080.3623119425,-1575.074612605877
64.35142110032129,1754.6908873484942,-27.18851758314358,0.5495400522977509,1141788.667840187,-1547.8860950227336
64.01908040059332,1815.1111485195358,16.617034986398238,0.5518664371958467,1143664.1992498774,-1564.5031300091318
63.274681745630105,1872.9287682388751,37.219932748161,0.5570772277805893,1145594.945637836,-1601.7230627572928
62.415070145243135,1921.6639782482084,42.98058001934848,0.563094508983298,1147565.3448260932,-1644.7036427766416
62.24394188568078,1895.7950262872782,8.556412978117578,0.5642924068002345,1149435.2709004194,-1653.260055754759
63.90198694868919,1721.4457133237609,-82.90225315042044,0.5526860913591757,1150982.3673007798,-1570.3578026043385
63.23003708110741,1871.5382495832862,33.597493379089016,0.5573897404322481,1153003.9980866225,-1603.9552959834277
63.439464070346176,1816.9995232692454,-10.471349461938217,0.5559237515075768,1154766.4588835777,-1593.4839465214893
62.750045230559756,1896.4079307779473,34.47094198932099,0.5607496833860817,1156742.2752218642,-1627.9548885108102
62.430031779044214,1893.93609384602,16.00067257577713,0.5629897775466906,1158633.7394787786,-1643.9555610865875
61.85076410984477,1935.8581333165027,28.96338345997229,0.5670446512310867,1160611.5196515655,-1672.9189445465595
62.685777972349385,1823.3992087031063,-41.75069312523085,0.5611995541935543,1162322.4599356551,-1631.168251421329
62.19685031768404,1914.039244801289,24.446382733267313,0.5646220477762117,1164327.1392165546,-1655.6146341545964
61.806634620796665,1928.6117002468811,19.5107848443687,0.5673535576544233,1166270.323372247,-1675.125418998965
61.02336304487261,1987.4225900938861,39.163578796202714,0.5728364586858917,1168316.556852188,-1714.2889977951677
59.75199249627926,2075.3871665631787,63.568527429667654,0.5817360525260452,1170479.9085952204,-1777.8575252248352
58.92865633512486,2094.1464918958227,41.166808057719706,0.5874994056541261,1172592.814412449,-1819.0243332825548
58.396875014226794,2106.1540934586637,26.589066044903475,0.5912218749004126,1174710.9761074702,-1845.6133993274584
57.87778908019293,2131.469987215608,25.954296701693025,0.5948554764386494,1176867.761988443,-1871.5676960291514
58.50387936300244,2042.9110448649437,-31.304514140475348,0.5904728444589828,1178822.1140909572,-1840.2631818886762
59.0338952422824,2021.2176811885781,-26.500793963997893,0.5867627333040232,1180821.6384084695,-1813.762387924678
59.59778739762231,1991.3332068636719,-28.194607766995716,0.5828154882166438,1182783.087141008,-1785.5677801576826
61.17552560541611,1861.7650380187422,-78.88691038969,0.5717713207620871,1184515.2840101821,-1706.6808697679926
62.53115625169475,1805.0983731950919,-67.78153231393205,0.5622819062381368,1186263.7157185536,-1638.8993374540605
62.80018778255884,1845.9786356433315,-13.451576543204169,0.560398685522088,1188150.5746166452,-1625.4477609108562
62.70355726130169,1869.092587898602,4.83152606285735,0.5610750991708882,1190042.7811567993,-1630.2792869737136
61.85804169778601,1948.8066995783684,42.27577817578414,0.566993708115498,1192071.3019680574,-1672.5550651494978
61.99679364572886,1892.6566978719347,-6.937597397142525,0.566022444479898,1193907.8086642227,-1665.6174677523552
60.94070895828557,2005.195371420594,52.804234372164416,0.573415037292001,1196025.542709192,-1718.4217021245195
61.475053266674884,1898.960446619657,-26.717215419465745,0.5696746271332759,1197818.2682310108,-1691.7044867050538
62.06795839286683,1866.3912997558114,-29.6452563095972,0.5655242912499322,1199652.0903839027,-1662.0592303954568
63.822389881270446,1720.6056882454654,-87.72157442018091,0.5532432708311068,1201226.9104606379,-1574.3376559752758
63.47307833434751,1843.2559721771113,17.465577346146688,0.5556884516595674,1203192.8167167464,-1591.8032333214226
62.997868417094416,1873.3080600868536,23.760495862654807,0.559014921080339,1205096.176864743,-1615.5637291840774
62.016441193148566,1947.6834166282163,49.07136119729252,0.5658849116479601,1207118.2356379128,-1664.6350903813698
62.469012689268986,1853.3580738193543,-22.628574806021007,0.5627169111751171,1208877.2683689233,-1642.0065155753489
63.68535035470689,1754.3613964452434,-60.81688327189525,0.5542025475170518,1210532.6330879943,-1581.1896323034534
63.90064518249841,1793.650304001781,-10.76474138957586,0.5526954837225111,1212365.5722995526,-1570.4248909138778
63.37736048970627,1856.7398516777214,26.16423463960693,0.5563584765720561,1214285.4016989064,-1596.5891255534846
64.68851790088793,1699.4690540218267,-65.55787055908304,0.5471803746937846,1215827.5999552724,-1531.0312549944015
65.63546346662005,1670.3389966266575,-47.3472782866061,0.5405517557336597,1217468.8088945039,-1483.6839767077954
64.38445425128288,1842.7784393824738,62.55046076685886,0.5493088202410199,1219484.0267766423,-1546.2344374746544
64.09179719499683,1809.4916356448257,14.63285281430231,0.5513574196350222,1221260.2316085494,-1560.8672902889566
63.77388639698388,1826.6476372562322,15.895539900647293,0.5535827952211129,1223104.035247417,-1576.7628301896038
64.27933889129375,1760.2103860920583,-25.272624715493208,0.5500446277609438,1224797.808382345,-1551.4902054741106
65.54712874583618,1658.7128998822907,-63.38949272712142,0.5411700987791468,1226355.0237960175,-1488.1007127469893
64.20480584548032,1856.325286384695,67.11614501779266,0.5505663590816378,1228408.9614689045,-1555.216857764782
64.14258405063451,1795.4308852989193,3.1110897422905737,0.5510019116455585,1230143.4979531176,-1558.3279475070726
63.99164117008392,1807.4130270115236,7.547144027529384,0.5520585118094126,1231962.8931218418,-1565.8750915346018
63.77985423095808,1821.0430943880049,10.58934695629219,0.5535410203832934,1233797.5662836062,-1576.4644384908938
63.46580165370269,1841.8568067892106,15.70262886276943,0.5557393884240811,1235660.2368027968,-1592.1670673536637
62.56532113369789,1916.195926563281,45.024026000239914,0.5620427520641147,1237650.7718491342,-1637.1910933539034
62.037567342455745,1923.943585410717,26.387689562107397,0.5657370286028098,1239582.4630933923,-1663.5787829160108
60.96176570902316,2005.1285285804342,53.79008167162915,0.5732676400368379,1241668.7765651427,-1717.36886458764
61.54066221487658,1893.4528485990038,-28.944825292671084,0.569215364495864,1243450.5537337603,-1688.424039294969
61.24018689785354,1952.4431022667602,15.023765851152149,0.5713186917150253,1245461.987089695,-1703.447805146121
61.79253147248078,1882.1887453649063,-27.617228731362076,0.5674522796926345,1247273.921478158,-1675.830576414759
61.60332081846506,1928.7257150232626,9.460532700786217,0.5687767542707447,1249249.1841628395,-1685.2911091155452
62.18456697021541,1861.1446358705036,-29.062307587517466,0.5647080312084922,1251042.7477195575,-1656.2288015280276
61.70601859742867,1938.0584308980856,23.927418639337006,0.5680578698179993,1253057.719945483,-1680.1562201673646
62.36284169076666,1848.453300686603,-32.84115466689954,0.5634601081646333,1254816.568115958,-1647.3150655004652
61.84996555281687,1932.5784790155158,25.64380689748944,0.567050241130282,1256833.2717733025,-1672.9588723979546
62.39474777915927,1852.4602629593705,-27.239111317119935,0.5632367655458851,1258605.6138202057,-1645.7197610808348
62.98893653689901,1820.2846578238205,-29.70943788698719,0.5590774442417069,1260393.722872894,-1616.0103231938476
61.5993344845622,1988.9445737301226,69.48010261684061,0.5688046586080646,1262551.3273625306,-1685.490425810688
61.593740566683906,1920.0238237436865,0.27969589391467764,0.5688438160332128,1264402.4304362878,-1685.7701217046028
61.229527089859246,1956.1629260378998,18.21067384123296,0.5713933103709853,1266394.7324646197,-1703.9807955458357
62.03800961723337,1857.1096588369458,-40.424126368706226,0.5657339326793664,1268152.7888562556,-1663.5566691771294
61.929230695166346,1908.4109159599002,5.438946103351228,0.5664953851338355,1270112.5010293385,-1668.9956152804807
61.76467815545779,1919.426071959627,8.22762698542796,0.5676472529117955,1272042.9422572977,-1677.2232422659088
62.06762150729656,1880.9062303937847,-15.147167591938526,0.5655266494489242,1273885.3286461257,-1662.0760746739702
62.882929629382375,1814.5282929339962,-40.76540610429085,0.5598194925943234,1275633.4790015998,-1621.3106685696794
63.03909195464277,1839.678559648524,-7.808116263019826,0.5587263563175006,1277498.307827963,-1613.5025523066593
62.668353398534016,1884.5579363525267,18.53692780543774,0.561321526210262,1279427.7451410193,-1632.0394801120972
63.64484761196684,1768.3784226633009,-48.824710671641114,0.5544860667162321,1281079.9440499935,-1583.2147694404562
63.304311390182185,1851.2543717598546,17.026811089232652,0.5568698202687247,1283014.07437085,-1600.241580529689
65.14892207914855,1649.7794040488086,-92.23053444831812,0.5439575454459602,1284462.3788071878,-1508.0110460813705
64.94835172695127,1762.0655697243888,10.02851760986374,0.5453615379113411,1286336.7305425878,-1518.0395636912344
65.53505403061305,1693.3709286644723,-29.335115183089044,0.5412546217857086,1287961.4068301923,-1488.704448508145
65.20756214360419,1755.4529401052384,16.37459435044306,0.5435470649947707,1289778.9417817383,-1505.0790428585883
64.48269774598539,1811.5597114658926,36.2432198809401,0.5486211157781024,1291646.6082645648,-1541.3222627395285
64.45069208296962,1778.5168338468877,1.6002831507883286,0.5488451554192126,1293392.0822207928,-1542.922545890317
65.28669560606262,1693.3220504114613,-41.800176154649904,0.5429931307575616,1295000.2094877688,-1501.122369735667
65.87709220601535,1676.0866993470386,-29.519829997636293,0.5388603545578926,1296659.0608360514,-1471.6025397380306
66.15062380688104,1678.2552839793111,-13.676580043284758,0.5369456333518328,1298339.4847046628,-1457.9259596947459
67.10753271553888,1596.247671519173,-47.845445432891864,0.5302472709912278,1299853.724763722,-1410.080514261854
68.46539595753275,1508.316297795372,-67.89316209969343,0.5207422282972708,1301274.1096877935,-1342.1873521621606
69.01311295642881,1521.4415940244512,-27.385849944803198,0.5169082093049984,1302808.676578047,-1314.8015022173577
69.50377808363655,1499.7643659043713,-24.5332563603867,0.5134735534145441,1304286.763715831,-1290.2682458569707
70.32443156221319,1442.2380189814435,-41.03267392883225,0.5077289790645076,1305671.4753878897,-1249.2355719281386
69.3599989267582,1579.7072054273276,48.22163177274987,0.5144800075126927,1307388.651779763,-1297.4572037008884
69.03704353843798,1563.7788517988804,16.147769416010505,0.5167406952309341,1308936.5022779335,-1313.6049731168987
69.49395143645725,1501.9434909362294,-22.845394900963356,0.5135423399447993,1310376.610408007,-1290.7595782159353
68.54292836557944,1619.8845357634777,47.55115354389048,0.520199501440944,1312114.4359885976,-1338.310731759826
69.45183840721589,1481.4487404262338,-45.4455020818223,0.5138371311494887,1313457.4489336866,-1292.8652296780035
68.54495116289469,1617.5766187294657,45.344362216059864,0.5201853418597372,1315211.1534307192,-1338.2095918940636
68.25921645635191,1600.8037270247385,14.286735327139155,0.5221854848055366,1316795.1842660392,-1352.4963272212028
69.55442474024974,1457.0052297658028,-64.76041419489178,0.5131190268182517,1318108.390998546,-1287.7359130263108
69.19374749434427,1557.8308438105207,18.033862295273906,0.5156437675395901,1319767.0474564012,-1305.7697753215848
68.93114504603052,1566.0553881294834,13.13012241568714,0.5174819846777864,1321341.3273888498,-1318.8998977372719
68.71257338664272,1574.7809016509611,10.928582969390277,0.519011986293501,1322924.833804022,-1329.8284807066623
69.00754483545902,1534.3572386000824,-14.748572440814911,0.5169471861517869,1324418.7673795712,-1315.0799082658473
68.06386231288903,1643.467457520238,47.184126128499315,0.5235529638097768,1326171.3450560118,-1362.2640343943465
67.69349542319245,1633.3174277931694,18.518344484829186,0.5261455320376529,1327794.512454078,-1380.7823788791757
68.43972284686333,1540.181564533217,-37.311371183544395,0.5209219400719567,1329241.558155351,-1343.4710076956317
69.47327448146014,1474.1450071185232,-51.67758172984023,0.513687078629779,1330649.666605055,-1291.7934259657911
69.95480426432195,1477.6729812706621,-24.07648914309064,0.5103163701497463,1332130.8675604777,-1267.7169368227005
69.180272050587,1579.1972700617507,38.726610686747165,0.5157380956458909,1333811.5891193307,-1306.4435475094479
70.05322220952623,1453.1817541321946,-43.64750794696093,0.5096274445333164,1335138.7553575335,-1262.7960395624868
70.26909882617906,1475.2431115501884,-10.79383083264176,0.5081163082167466,1336636.0598265014,-1252.0022087298453
70.85486593495366,1427.4643318751314,-29.288355438730207,0.5040159384553243,1338015.7453787015,-1222.7138532911147
72.16571496737755,1325.6769600146995,-65.54245162119443,0.4948399952283571,1339239.6349668559,-1157.1714016699204
72.41360491913328,1366.4321516899838,-12.39449758778619,0.4931047655660671,1340646.822310221,-1144.7769040821343
72.74339963992382,1345.8494857617607,-16.48973603952726,0.49079620252053313,1341972.0891300545,-1128.287168042607
74.24342517463225,1212.3471685091886,-75.00127673542138,0.48029602377757424,1343050.933981311,-1053.2858913071855
72.94265702422426,1417.4161549083558,65.03840752039949,0.48940140083043016,1344673.4191226184,-1118.3242988275852
72.0831435853985,1438.3230746764605,42.975671941287885,0.4954179949022105,1346132.6491170633,-1161.299970768873
73.23983337917277,1279.6865201863031,-57.83448968871312,0.4873211663457907,1347253.6990827592,-1103.4654810801599
71.93695204844403,1467.8000227785747,65.1440665364369,0.49644133566089177,1348909.61260813,-1168.6095476165967
71.8777174481822,1408.5790016261192,2.961730013091568,0.4968559778627246,1350258.970588604,-1171.5712776296882
71.26982759298328,1466.4020019039328,30.39449275994599,0.501111206849117,1351783.1955907855,-1201.9657703896341
70.1909096255443,1543.8917534621135,53.94589837194914,0.50866363262119,1353404.577095806,-1255.9116687615835
69.25007194139584,1584.0230376412198,47.04188420742241,0.5152494964102291,1355028.7314176264,-1302.953552969006
69.25762895337265,1536.225505135201,-0.3778505988400127,0.5151965973263914,1356517.1593902556,-1302.5757023701658
68.06690739005005,1655.6671770153578,59.53607816612987,0.5235316482696497,1358292.2682391512,-1362.1117805362956
68.28029736352174,1574.7935952318728,-10.669498673584599,0.5220379184553477,1359786.1882525994,-1351.442281862711
67.62659599007608,1650.8286553404091,32.685068672282824,0.5266138280694674,1361513.0519680486,-1384.1273505349936
68.58793337921773,1522.0165771156858,-48.06686945708236,0.5198844663454758,1362906.2564669396,-1336.0604810779114
68.34831987346503,1594.043119853498,11.980675287635023,0.5215617608857448,1364572.326129531,-1348.0411563655466
67.67269618243581,1649.6200843029471,33.7811845514608,0.5262911267229493,1366277.5231782834,-1381.8223409170073
66.22284779127146,1760.813589929183,72.49241955821759,0.5364400654610997,1368149.5302738387,-1454.3147604752248
66.20670637590277,1689.9351989179277,0.8070707684346701,0.5365530553686806,1369768.5870817455,-1455.1218312436595
